{
  "dataset": "spherical_mnist",
  "model": "power_spectrum_matched",
  "base_model": "power_spectrum",
  "train_mode": "C",
  "test_rotation_seed": 777,
  "seed": 42,
  "lmax": 15,
  "n_params": 231906,
  "invariant_dim": 16,
  "train_size": null,
  "train_examples": 50000,
  "best_val_accuracy": 0.8171,
  "test_c": {
    "loss": 0.5942532022476197,
    "accuracy": 0.799
  },
  "test": {
    "loss": 0.5942532022476197,
    "accuracy": 0.799
  },
  "test_nr": {
    "loss": 0.5942532022476197,
    "accuracy": 0.799
  },
  "test_r": {
    "loss": 0.5990424713134765,
    "accuracy": 0.7971
  },
  "rotation_robustness": {
    "rot_00": 0.7971,
    "rot_01": 0.7966,
    "rot_02": 0.7962,
    "rot_03": 0.7968,
    "rot_04": 0.7965,
    "rot_05": 0.7966,
    "rot_06": 0.7968,
    "rot_07": 0.7963,
    "rot_08": 0.7968,
    "rot_09": 0.7962,
    "mean_accuracy": 0.7965899999999999,
    "std_accuracy": 0.00028089143810375197
  }
}