{
  "dataset": "organ3d",
  "model": "standard",
  "train_mode": "C",
  "seed": 789,
  "channels": [
    4,
    8
  ],
  "head_dim": 64,
  "n_params": 16071,
  "invariant_dim": 8,
  "raw_invariant_dim": 8,
  "projected_dim": 8,
  "train_size": null,
  "train_examples": 971,
  "best_val_auc": 0.9991967491967493,
  "test": {
    "loss": 0.6296966052446209,
    "accuracy": 0.8426229357719421,
    "auc": 0.9903149149476456
  },
  "test_c": {
    "loss": 0.6296966052446209,
    "accuracy": 0.8426229357719421,
    "auc": 0.9903149149476456
  },
  "test_r": {
    "loss": 0.0,
    "accuracy": 0.37219945279260475,
    "auc": 0.8040921670440806
  },
  "rotation_robustness": {
    "g00": {
      "accuracy": 0.35245901346206665,
      "auc": 0.8689254140238577
    },
    "g01": {
      "accuracy": 0.3049180209636688,
      "auc": 0.7932145144908188
    },
    "g02": {
      "accuracy": 0.25081968307495117,
      "auc": 0.7700775587811125
    },
    "g03": {
      "accuracy": 0.40819671750068665,
      "auc": 0.8754103077089788
    },
    "g04": {
      "accuracy": 0.34918034076690674,
      "auc": 0.8009945741584584
    },
    "g05": {
      "accuracy": 0.2426229566335678,
      "auc": 0.7269248024699774
    },
    "g06": {
      "accuracy": 0.24918033182621002,
      "auc": 0.7290319931847447
    },
    "g07": {
      "accuracy": 0.534426212310791,
      "auc": 0.9133832873658139
    },
    "g08": {
      "accuracy": 0.2983606457710266,
      "auc": 0.7373399430607113
    },
    "g09": {
      "accuracy": 0.3688524663448334,
      "auc": 0.743866378327191
    },
    "g10": {
      "accuracy": 0.2114754170179367,
      "auc": 0.7175100821765986
    },
    "g11": {
      "accuracy": 0.3081967234611511,
      "auc": 0.7573390558397972
    },
    "g12": {
      "accuracy": 0.2639344334602356,
      "auc": 0.7141902811625461
    },
    "g13": {
      "accuracy": 0.33770492672920227,
      "auc": 0.7432657951617365
    },
    "g14": {
      "accuracy": 0.25573769211769104,
      "auc": 0.7256175771509598
    },
    "g15": {
      "accuracy": 0.2885245978832245,
      "auc": 0.7514315874465975
    },
    "g16": {
      "accuracy": 0.4819672107696533,
      "auc": 0.8912462161208325
    },
    "g17": {
      "accuracy": 0.32786884903907776,
      "auc": 0.7623846092414226
    },
    "g18": {
      "accuracy": 0.28360655903816223,
      "auc": 0.7737112995721535
    },
    "g19": {
      "accuracy": 0.39344263076782227,
      "auc": 0.85538300166386
    },
    "g20": {
      "accuracy": 0.5491803288459778,
      "auc": 0.9159005839681567
    },
    "g21": {
      "accuracy": 0.4868852496147156,
      "auc": 0.8668051203994316
    },
    "g22": {
      "accuracy": 0.5426229238510132,
      "auc": 0.8739431106345315
    },
    "g23": {
      "accuracy": 0.8426229357719421,
      "auc": 0.9903149149476456
    },
    "mean_auc": 0.8040921670440806,
    "std_auc": 0.07677565492180412,
    "mean_accuracy": 0.37219945279260475,
    "std_accuracy": 0.13930124124578572
  },
  "wall_time_s": 34.02067971229553,
  "epochs_run": 71,
  "peak_train_alloc_bytes": 199376896,
  "peak_train_reserved_bytes": 308281344,
  "gpu_name": "NVIDIA A100-SXM4-80GB",
  "cuda_total_memory_bytes": 85095874560,
  "git_sha": "5fb3903a1c11765c007a1686e1c9acd77b6024db",
  "argv": [
    "--model",
    "standard",
    "--channels",
    "4",
    "8",
    "--head_dim",
    "64",
    "--train_mode",
    "C",
    "--seed",
    "789",
    "--batch_size",
    "64",
    "--output_dir",
    "/home/johmathe/bispectrum/paper/experiments/normalized_results/organ3d/n_full",
    "--data_dir",
    "./organ3d_data",
    "--subset_dir",
    "/home/johmathe/bispectrum/paper/experiments/normalized_results/subsets",
    "--patience",
    "15",
    "--epochs",
    "100"
  ]
}