{
  "dataset": "pcam",
  "model": "bispectrum",
  "group": "c8",
  "seed": 456,
  "train_mode": "R",
  "geometry_group": "c8",
  "growth_rate": 4,
  "n_params": 128345,
  "invariant_dim": 544,
  "train_size": 2500,
  "train_examples": 2500,
  "best_val_auc": 0.9245219454818879,
  "test": {
    "loss": 0.3776089010061696,
    "accuracy": 0.835540771484375,
    "auc": 0.9173927491614398
  },
  "test_c": {
    "loss": 0.3776089010061696,
    "accuracy": 0.835540771484375,
    "auc": 0.9173927491614398
  },
  "test_r": {
    "loss": 0.0,
    "accuracy": 0.8367958068847656,
    "auc": 0.9143059157803277
  },
  "rotation_robustness": {
    "g00": {
      "accuracy": 0.835540771484375,
      "auc": 0.9173927491614398
    },
    "g01": {
      "accuracy": 0.83770751953125,
      "auc": 0.9111254760814769
    },
    "g02": {
      "accuracy": 0.83599853515625,
      "auc": 0.9175186565459302
    },
    "g03": {
      "accuracy": 0.83770751953125,
      "auc": 0.9111235240290041
    },
    "g04": {
      "accuracy": 0.83599853515625,
      "auc": 0.9175161866780115
    },
    "g05": {
      "accuracy": 0.83770751953125,
      "auc": 0.9111233787426559
    },
    "g06": {
      "accuracy": 0.83599853515625,
      "auc": 0.9175218379444259
    },
    "g07": {
      "accuracy": 0.83770751953125,
      "auc": 0.9111255170596776
    },
    "mean_auc": 0.9143059157803277,
    "std_auc": 0.0031816766434371877,
    "mean_accuracy": 0.8367958068847656,
    "std_accuracy": 0.0009224234577014171
  },
  "wall_time_s": 1415.0028936862946,
  "epochs_run": 50,
  "peak_train_alloc_bytes": 15480596480,
  "peak_train_reserved_bytes": 18186502144,
  "gpu_name": "NVIDIA A100-SXM4-80GB",
  "cuda_total_memory_bytes": 85095874560,
  "git_sha": "5fb3903a1c11765c007a1686e1c9acd77b6024db",
  "argv": [
    "--model",
    "bispectrum",
    "--group",
    "c8",
    "--geometry_group",
    "c8",
    "--growth_rate",
    "4",
    "--train_mode",
    "R",
    "--seed",
    "456",
    "--batch_size",
    "128",
    "--output_dir",
    "/home/johmathe/bispectrum/paper/experiments/normalized_results/pcam/n_2500",
    "--data_dir",
    "./pcam_data",
    "--subset_dir",
    "/home/johmathe/bispectrum/paper/experiments/normalized_results/subsets",
    "--patience",
    "10",
    "--epochs",
    "50",
    "--train_size",
    "2500"
  ]
}