{
  "dataset": "organ3d",
  "model": "max_pool",
  "train_mode": "R",
  "seed": 42,
  "channels": [
    4,
    8
  ],
  "head_dim": 64,
  "n_params": 374423,
  "invariant_dim": 8,
  "raw_invariant_dim": 8,
  "projected_dim": 8,
  "train_size": 500,
  "train_examples": 500,
  "best_val_auc": 0.9764940443540792,
  "test": {
    "loss": 1.0325690847928406,
    "accuracy": 0.6032786965370178,
    "auc": 0.9463545591374138
  },
  "test_c": {
    "loss": 1.0325690847928406,
    "accuracy": 0.6032786965370178,
    "auc": 0.9463545591374138
  },
  "test_r": {
    "loss": 0.0,
    "accuracy": 0.6032786965370178,
    "auc": 0.9463513178724599
  },
  "rotation_robustness": {
    "g00": {
      "accuracy": 0.6032786965370178,
      "auc": 0.9463496259330015
    },
    "g01": {
      "accuracy": 0.6032786965370178,
      "auc": 0.9463545591374138
    },
    "g02": {
      "accuracy": 0.6032786965370178,
      "auc": 0.9463470596919031
    },
    "g03": {
      "accuracy": 0.6032786965370178,
      "auc": 0.9463470596919031
    },
    "g04": {
      "accuracy": 0.6032786965370178,
      "auc": 0.946354789669795
    },
    "g05": {
      "accuracy": 0.6032786965370178,
      "auc": 0.9463521921740998
    },
    "g06": {
      "accuracy": 0.6032786965370178,
      "auc": 0.9463497568264906
    },
    "g07": {
      "accuracy": 0.6032786965370178,
      "auc": 0.9463596916196105
    },
    "g08": {
      "accuracy": 0.6032786965370178,
      "auc": 0.9463496571875983
    },
    "g09": {
      "accuracy": 0.6032786965370178,
      "auc": 0.9463520925352076
    },
    "g10": {
      "accuracy": 0.6032786965370178,
      "auc": 0.9463546900309029
    },
    "g11": {
      "accuracy": 0.6032786965370178,
      "auc": 0.9463470596919031
    },
    "g12": {
      "accuracy": 0.6032786965370178,
      "auc": 0.9463521237898044
    },
    "g13": {
      "accuracy": 0.6032786965370178,
      "auc": 0.946357125378512
    },
    "g14": {
      "accuracy": 0.6032786965370178,
      "auc": 0.9463545591374138
    },
    "g15": {
      "accuracy": 0.6032786965370178,
      "auc": 0.9463497255718938
    },
    "g16": {
      "accuracy": 0.6032786965370178,
      "auc": 0.946354658776306
    },
    "g17": {
      "accuracy": 0.6032786965370178,
      "auc": 0.9463422886355768
    },
    "g18": {
      "accuracy": 0.6032786965370178,
      "auc": 0.9463523230675889
    },
    "g19": {
      "accuracy": 0.6032786965370178,
      "auc": 0.9463470909464999
    },
    "g20": {
      "accuracy": 0.6032786965370178,
      "auc": 0.9463495262941094
    },
    "g21": {
      "accuracy": 0.6032786965370178,
      "auc": 0.9463497568264906
    },
    "g22": {
      "accuracy": 0.6032786965370178,
      "auc": 0.9463496571875983
    },
    "g23": {
      "accuracy": 0.6032786965370178,
      "auc": 0.9463545591374138
    },
    "mean_auc": 0.9463513178724599,
    "std_auc": 3.7956262896466323e-06,
    "mean_accuracy": 0.6032786965370178,
    "std_accuracy": 0.0
  }
}