{
  "dataset": "pcam",
  "model": "bispectrum",
  "group": "c8",
  "seed": 123,
  "train_mode": "C",
  "geometry_group": "c8",
  "growth_rate": 4,
  "n_params": 128345,
  "invariant_dim": 544,
  "train_size": null,
  "train_examples": 262144,
  "best_val_auc": 0.9645557926038404,
  "test": {
    "loss": 0.32989390500006266,
    "accuracy": 0.876953125,
    "auc": 0.9447981912460601
  },
  "test_c": {
    "loss": 0.32989390500006266,
    "accuracy": 0.876953125,
    "auc": 0.9447981912460601
  },
  "test_r": {
    "loss": 0.0,
    "accuracy": 0.8650627136230469,
    "auc": 0.9353218370332197
  },
  "rotation_robustness": {
    "g00": {
      "accuracy": 0.876953125,
      "auc": 0.9447981912460601
    },
    "g01": {
      "accuracy": 0.852996826171875,
      "auc": 0.925773521374548
    },
    "g02": {
      "accuracy": 0.877166748046875,
      "auc": 0.94487125165273
    },
    "g03": {
      "accuracy": 0.852996826171875,
      "auc": 0.925773882727773
    },
    "g04": {
      "accuracy": 0.877166748046875,
      "auc": 0.944902413711765
    },
    "g05": {
      "accuracy": 0.85302734375,
      "auc": 0.9257987266933084
    },
    "g06": {
      "accuracy": 0.877166748046875,
      "auc": 0.9448800619658941
    },
    "g07": {
      "accuracy": 0.85302734375,
      "auc": 0.925776646893679
    },
    "mean_auc": 0.9353218370332197,
    "std_auc": 0.009541185531566975,
    "mean_accuracy": 0.8650627136230469,
    "std_accuracy": 0.012050811003017638
  }
}