{
  "dataset": "pcam",
  "model": "fourier_elu",
  "group": "c8",
  "seed": 123,
  "train_mode": "R",
  "geometry_group": "c8",
  "growth_rate": 4,
  "n_params": 109815,
  "invariant_dim": 34,
  "train_size": 100,
  "train_examples": 100,
  "best_val_auc": 0.8143845730890666,
  "test": {
    "loss": 0.6647725976072252,
    "accuracy": 0.53594970703125,
    "auc": 0.8150930290652753
  },
  "test_c": {
    "loss": 0.6647725976072252,
    "accuracy": 0.53594970703125,
    "auc": 0.8150930290652753
  },
  "test_r": {
    "loss": 0.0,
    "accuracy": 0.5231475830078125,
    "auc": 0.8113956963955951
  },
  "rotation_robustness": {
    "g00": {
      "accuracy": 0.53594970703125,
      "auc": 0.8150930290652753
    },
    "g01": {
      "accuracy": 0.50970458984375,
      "auc": 0.8077851853574592
    },
    "g02": {
      "accuracy": 0.53680419921875,
      "auc": 0.8149841797881753
    },
    "g03": {
      "accuracy": 0.50970458984375,
      "auc": 0.8077899388287477
    },
    "g04": {
      "accuracy": 0.53680419921875,
      "auc": 0.8149729480358752
    },
    "g05": {
      "accuracy": 0.50970458984375,
      "auc": 0.8077818586726154
    },
    "g06": {
      "accuracy": 0.53680419921875,
      "auc": 0.8149736409399971
    },
    "g07": {
      "accuracy": 0.50970458984375,
      "auc": 0.8077847904766154
    },
    "mean_auc": 0.8113956963955951,
    "std_auc": 0.0036104300405377927,
    "mean_accuracy": 0.5231475830078125,
    "std_accuracy": 0.013445538941160571
  }
}