{
  "dataset": "pcam",
  "model": "standard",
  "group": "c8",
  "seed": 42,
  "train_mode": "R",
  "geometry_group": "c8",
  "growth_rate": 12,
  "n_params": 101959,
  "invariant_dim": 90,
  "train_size": 2500,
  "train_examples": 2500,
  "best_val_auc": 0.9004513718245873,
  "test": {
    "loss": 0.42186794243752956,
    "accuracy": 0.810272216796875,
    "auc": 0.8989854158844254
  },
  "test_c": {
    "loss": 0.42186794243752956,
    "accuracy": 0.810272216796875,
    "auc": 0.8989854158844254
  },
  "test_r": {
    "loss": 0.0,
    "accuracy": 0.8120460510253906,
    "auc": 0.901308556698707
  },
  "rotation_robustness": {
    "g00": {
      "accuracy": 0.810272216796875,
      "auc": 0.8989854158844254
    },
    "g01": {
      "accuracy": 0.81268310546875,
      "auc": 0.90433640521945
    },
    "g02": {
      "accuracy": 0.810394287109375,
      "auc": 0.8980613723583789
    },
    "g03": {
      "accuracy": 0.813720703125,
      "auc": 0.9050023084324341
    },
    "g04": {
      "accuracy": 0.811187744140625,
      "auc": 0.8994924987671242
    },
    "g05": {
      "accuracy": 0.81488037109375,
      "auc": 0.903857232216762
    },
    "g06": {
      "accuracy": 0.810150146484375,
      "auc": 0.89691745098291
    },
    "g07": {
      "accuracy": 0.813079833984375,
      "auc": 0.9038157697281716
    },
    "mean_auc": 0.901308556698707,
    "std_auc": 0.003043735324557033,
    "mean_accuracy": 0.8120460510253906,
    "std_accuracy": 0.001677734041658042
  }
}