{
  "dataset": "organ3d",
  "model": "standard",
  "train_mode": "R",
  "seed": 456,
  "channels": [
    4,
    8
  ],
  "head_dim": 64,
  "n_params": 16071,
  "invariant_dim": 8,
  "raw_invariant_dim": 8,
  "projected_dim": 8,
  "train_size": 100,
  "train_examples": 100,
  "best_val_auc": 0.8824959966227692,
  "test": {
    "loss": 1.8671766937756147,
    "accuracy": 0.4590163826942444,
    "auc": 0.8600376395086613
  },
  "test_c": {
    "loss": 1.8671766937756147,
    "accuracy": 0.4590163826942444,
    "auc": 0.8600376395086613
  },
  "test_r": {
    "loss": 0.0,
    "accuracy": 0.45314207548896474,
    "auc": 0.8575429725724749
  },
  "rotation_robustness": {
    "g00": {
      "accuracy": 0.4557377099990845,
      "auc": 0.8600518876954785
    },
    "g01": {
      "accuracy": 0.47377049922943115,
      "auc": 0.8642192126331519
    },
    "g02": {
      "accuracy": 0.4524590075016022,
      "auc": 0.8662873156117942
    },
    "g03": {
      "accuracy": 0.4557377099990845,
      "auc": 0.868996575860825
    },
    "g04": {
      "accuracy": 0.4557377099990845,
      "auc": 0.8567200937389479
    },
    "g05": {
      "accuracy": 0.44262295961380005,
      "auc": 0.8518443990970573
    },
    "g06": {
      "accuracy": 0.43934425711631775,
      "auc": 0.8393788866044928
    },
    "g07": {
      "accuracy": 0.44262295961380005,
      "auc": 0.8502675496245599
    },
    "g08": {
      "accuracy": 0.4524590075016022,
      "auc": 0.8630965360806027
    },
    "g09": {
      "accuracy": 0.4524590075016022,
      "auc": 0.8573833609340699
    },
    "g10": {
      "accuracy": 0.45737704634666443,
      "auc": 0.8506343390176714
    },
    "g11": {
      "accuracy": 0.4409835934638977,
      "auc": 0.8644616433153403
    },
    "g12": {
      "accuracy": 0.4622950851917267,
      "auc": 0.8632088577287714
    },
    "g13": {
      "accuracy": 0.4524590075016022,
      "auc": 0.8465376094377692
    },
    "g14": {
      "accuracy": 0.46065574884414673,
      "auc": 0.853549443979606
    },
    "g15": {
      "accuracy": 0.4590163826942444,
      "auc": 0.858566873706539
    },
    "g16": {
      "accuracy": 0.44590163230895996,
      "auc": 0.8639301860939036
    },
    "g17": {
      "accuracy": 0.4508196711540222,
      "auc": 0.862353981999313
    },
    "g18": {
      "accuracy": 0.4524590075016022,
      "auc": 0.8501978523189883
    },
    "g19": {
      "accuracy": 0.4311475455760956,
      "auc": 0.8556517544057598
    },
    "g20": {
      "accuracy": 0.4540983736515045,
      "auc": 0.8558936876067998
    },
    "g21": {
      "accuracy": 0.4688524603843689,
      "auc": 0.8534129536853615
    },
    "g22": {
      "accuracy": 0.45737704634666443,
      "auc": 0.864348701053931
    },
    "g23": {
      "accuracy": 0.4590163826942444,
      "auc": 0.8600376395086613
    },
    "mean_auc": 0.8575429725724749,
    "std_auc": 0.006967191136171477,
    "mean_accuracy": 0.45314207548896474,
    "std_accuracy": 0.009224094877000665
  },
  "wall_time_s": 12.424073457717896,
  "epochs_run": 100,
  "peak_train_alloc_bytes": 198965248,
  "peak_train_reserved_bytes": 295698432,
  "gpu_name": "NVIDIA A100-SXM4-80GB",
  "cuda_total_memory_bytes": 85095874560,
  "git_sha": "5fb3903a1c11765c007a1686e1c9acd77b6024db",
  "argv": [
    "--model",
    "standard",
    "--channels",
    "4",
    "8",
    "--head_dim",
    "64",
    "--train_mode",
    "R",
    "--seed",
    "456",
    "--batch_size",
    "64",
    "--output_dir",
    "/home/johmathe/bispectrum/paper/experiments/normalized_results/organ3d/n_100",
    "--data_dir",
    "./organ3d_data",
    "--subset_dir",
    "/home/johmathe/bispectrum/paper/experiments/normalized_results/subsets",
    "--patience",
    "15",
    "--epochs",
    "100",
    "--train_size",
    "100"
  ]
}