{
  "dataset": "pcam",
  "model": "standard",
  "group": "c8",
  "seed": 123,
  "train_mode": "C",
  "geometry_group": "c8",
  "growth_rate": 12,
  "n_params": 101959,
  "invariant_dim": 90,
  "train_size": null,
  "train_examples": 262144,
  "best_val_auc": 0.9557645546161562,
  "test": {
    "loss": 0.44109359104186296,
    "accuracy": 0.839599609375,
    "auc": 0.9020192109008928
  },
  "test_c": {
    "loss": 0.44109359104186296,
    "accuracy": 0.839599609375,
    "auc": 0.9020192109008928
  },
  "test_r": {
    "loss": 0.0,
    "accuracy": 0.8015365600585938,
    "auc": 0.8614944427766937
  },
  "rotation_robustness": {
    "g00": {
      "accuracy": 0.839599609375,
      "auc": 0.9020192109008928
    },
    "g01": {
      "accuracy": 0.798583984375,
      "auc": 0.8560931829682215
    },
    "g02": {
      "accuracy": 0.789276123046875,
      "auc": 0.8550624359326786
    },
    "g03": {
      "accuracy": 0.768524169921875,
      "auc": 0.8178508358996025
    },
    "g04": {
      "accuracy": 0.769927978515625,
      "auc": 0.8397364994402545
    },
    "g05": {
      "accuracy": 0.79644775390625,
      "auc": 0.8513903570105414
    },
    "g06": {
      "accuracy": 0.834014892578125,
      "auc": 0.8977831005728689
    },
    "g07": {
      "accuracy": 0.81591796875,
      "auc": 0.8720199194884898
    },
    "mean_auc": 0.8614944427766937,
    "std_auc": 0.02650641093297569,
    "mean_accuracy": 0.8015365600585938,
    "std_accuracy": 0.02496075674709429
  }
}