{
  "dataset": "pcam",
  "model": "standard",
  "group": "c8",
  "seed": 42,
  "train_mode": "C",
  "geometry_group": "c8",
  "growth_rate": 12,
  "n_params": 101959,
  "invariant_dim": 90,
  "train_size": 2500,
  "train_examples": 2500,
  "best_val_auc": 0.9081683096955332,
  "test": {
    "loss": 0.4385626623407006,
    "accuracy": 0.789154052734375,
    "auc": 0.898413870566635
  },
  "test_c": {
    "loss": 0.4385626623407006,
    "accuracy": 0.789154052734375,
    "auc": 0.898413870566635
  },
  "test_r": {
    "loss": 0.0,
    "accuracy": 0.7787399291992188,
    "auc": 0.8880844307733219
  },
  "rotation_robustness": {
    "g00": {
      "accuracy": 0.789154052734375,
      "auc": 0.898413870566635
    },
    "g01": {
      "accuracy": 0.770233154296875,
      "auc": 0.8802191210193072
    },
    "g02": {
      "accuracy": 0.79022216796875,
      "auc": 0.8967615922589527
    },
    "g03": {
      "accuracy": 0.767120361328125,
      "auc": 0.8775453716506183
    },
    "g04": {
      "accuracy": 0.786407470703125,
      "auc": 0.8972969948036699
    },
    "g05": {
      "accuracy": 0.76806640625,
      "auc": 0.880145963755072
    },
    "g06": {
      "accuracy": 0.789093017578125,
      "auc": 0.8968026859437361
    },
    "g07": {
      "accuracy": 0.769622802734375,
      "auc": 0.8774898461885842
    },
    "mean_auc": 0.8880844307733219,
    "std_auc": 0.009294279914028807,
    "mean_accuracy": 0.7787399291992188,
    "std_accuracy": 0.010066647106504378
  }
}