{
  "dataset": "pcam",
  "model": "standard",
  "group": "c8",
  "seed": 42,
  "train_mode": "R",
  "geometry_group": "c8",
  "growth_rate": 12,
  "n_params": 101959,
  "invariant_dim": 90,
  "train_size": 500,
  "train_examples": 500,
  "best_val_auc": 0.886481257000129,
  "test": {
    "loss": 0.4636060921475291,
    "accuracy": 0.799896240234375,
    "auc": 0.8675711695514147
  },
  "test_c": {
    "loss": 0.4636060921475291,
    "accuracy": 0.799896240234375,
    "auc": 0.8675711695514147
  },
  "test_r": {
    "loss": 0.0,
    "accuracy": 0.8014259338378906,
    "auc": 0.8711980350826074
  },
  "rotation_robustness": {
    "g00": {
      "accuracy": 0.799896240234375,
      "auc": 0.8675711695514147
    },
    "g01": {
      "accuracy": 0.8035888671875,
      "auc": 0.8736553930085683
    },
    "g02": {
      "accuracy": 0.7998046875,
      "auc": 0.8692008092658209
    },
    "g03": {
      "accuracy": 0.80206298828125,
      "auc": 0.8743269214109299
    },
    "g04": {
      "accuracy": 0.799285888671875,
      "auc": 0.8684282844997419
    },
    "g05": {
      "accuracy": 0.803558349609375,
      "auc": 0.873729861575228
    },
    "g06": {
      "accuracy": 0.7998046875,
      "auc": 0.8689286618586795
    },
    "g07": {
      "accuracy": 0.80340576171875,
      "auc": 0.8737431794904761
    },
    "mean_auc": 0.8711980350826074,
    "std_auc": 0.0027083454530129,
    "mean_accuracy": 0.8014259338378906,
    "std_accuracy": 0.0017933094305093713
  }
}