{
  "dataset": "organ3d",
  "model": "bispectrum",
  "train_mode": "R",
  "seed": 789,
  "channels": [
    4,
    8
  ],
  "head_dim": 64,
  "n_params": 463167,
  "invariant_dim": 64,
  "raw_invariant_dim": 1376,
  "projected_dim": 64,
  "train_size": 100,
  "train_examples": 100,
  "best_val_auc": 0.9271531904833265,
  "test": {
    "loss": 1.8015444896260246,
    "accuracy": 0.3606557250022888,
    "auc": 0.865957680592203
  },
  "test_c": {
    "loss": 1.8015444896260246,
    "accuracy": 0.3606557250022888,
    "auc": 0.865957680592203
  },
  "test_r": {
    "loss": 0.0,
    "accuracy": 0.3606557250022888,
    "auc": 0.8659603236858588
  },
  "rotation_robustness": {
    "g00": {
      "accuracy": 0.3606557250022888,
      "auc": 0.8659501619320913
    },
    "g01": {
      "accuracy": 0.3606557250022888,
      "auc": 0.8659563735000749
    },
    "g02": {
      "accuracy": 0.3606557250022888,
      "auc": 0.8659713723910962
    },
    "g03": {
      "accuracy": 0.3606557250022888,
      "auc": 0.865953489038872
    },
    "g04": {
      "accuracy": 0.3606557250022888,
      "auc": 0.8659782298244179
    },
    "g05": {
      "accuracy": 0.3606557250022888,
      "auc": 0.8659459212090662
    },
    "g06": {
      "accuracy": 0.3606557250022888,
      "auc": 0.865964415734143
    },
    "g07": {
      "accuracy": 0.3606557250022888,
      "auc": 0.8659686252025712
    },
    "g08": {
      "accuracy": 0.3606557250022888,
      "auc": 0.8659512163434357
    },
    "g09": {
      "accuracy": 0.3606557250022888,
      "auc": 0.8659508261408458
    },
    "g10": {
      "accuracy": 0.3606557250022888,
      "auc": 0.8659643844795462
    },
    "g11": {
      "accuracy": 0.3606557250022888,
      "auc": 0.8659736893004726
    },
    "g12": {
      "accuracy": 0.3606557250022888,
      "auc": 0.8659513690182297
    },
    "g13": {
      "accuracy": 0.3606557250022888,
      "auc": 0.8659557280906612
    },
    "g14": {
      "accuracy": 0.3606557250022888,
      "auc": 0.8659605987858799
    },
    "g15": {
      "accuracy": 0.3606557250022888,
      "auc": 0.8659607733892218
    },
    "g16": {
      "accuracy": 0.3606557250022888,
      "auc": 0.8659611570116574
    },
    "g17": {
      "accuracy": 0.3606557250022888,
      "auc": 0.865971756013532
    },
    "g18": {
      "accuracy": 0.3606557250022888,
      "auc": 0.8659540472646498
    },
    "g19": {
      "accuracy": 0.3606557250022888,
      "auc": 0.8659711447518528
    },
    "g20": {
      "accuracy": 0.3606557250022888,
      "auc": 0.8659662086543028
    },
    "g21": {
      "accuracy": 0.3606557250022888,
      "auc": 0.8659530338492115
    },
    "g22": {
      "accuracy": 0.3606557250022888,
      "auc": 0.8659555659425755
    },
    "g23": {
      "accuracy": 0.3606557250022888,
      "auc": 0.865957680592203
    },
    "mean_auc": 0.8659603236858588,
    "std_auc": 8.603562764518614e-06,
    "mean_accuracy": 0.3606557250022888,
    "std_accuracy": 0.0
  },
  "wall_time_s": 20.672178506851196,
  "epochs_run": 36,
  "peak_train_alloc_bytes": 1690033152,
  "peak_train_reserved_bytes": 2239758336,
  "gpu_name": "NVIDIA A100-SXM4-80GB",
  "cuda_total_memory_bytes": 85095874560,
  "git_sha": "5fb3903a1c11765c007a1686e1c9acd77b6024db",
  "argv": [
    "--model",
    "bispectrum",
    "--channels",
    "4",
    "8",
    "--head_dim",
    "64",
    "--train_mode",
    "R",
    "--seed",
    "789",
    "--batch_size",
    "16",
    "--output_dir",
    "/home/johmathe/bispectrum/paper/experiments/normalized_results/organ3d/n_100",
    "--data_dir",
    "./organ3d_data",
    "--subset_dir",
    "/home/johmathe/bispectrum/paper/experiments/normalized_results/subsets",
    "--patience",
    "15",
    "--epochs",
    "100",
    "--train_size",
    "100"
  ]
}