{
  "dataset": "pcam",
  "model": "standard",
  "group": "c8",
  "seed": 123,
  "train_mode": "R",
  "geometry_group": "c8",
  "growth_rate": 12,
  "n_params": 101959,
  "invariant_dim": 90,
  "train_size": null,
  "train_examples": 262144,
  "best_val_auc": 0.9660523286527914,
  "test": {
    "loss": 0.4399437289685011,
    "accuracy": 0.84716796875,
    "auc": 0.9150855088203771
  },
  "test_c": {
    "loss": 0.4399437289685011,
    "accuracy": 0.84716796875,
    "auc": 0.9150855088203771
  },
  "test_r": {
    "loss": 0.0,
    "accuracy": 0.8413734436035156,
    "auc": 0.9146770409091376
  },
  "rotation_robustness": {
    "g00": {
      "accuracy": 0.84716796875,
      "auc": 0.9150855088203771
    },
    "g01": {
      "accuracy": 0.829620361328125,
      "auc": 0.9078323076806332
    },
    "g02": {
      "accuracy": 0.852142333984375,
      "auc": 0.9198321553758368
    },
    "g03": {
      "accuracy": 0.837158203125,
      "auc": 0.913350782372759
    },
    "g04": {
      "accuracy": 0.854705810546875,
      "auc": 0.9204118926084889
    },
    "g05": {
      "accuracy": 0.83306884765625,
      "auc": 0.9110100516657998
    },
    "g06": {
      "accuracy": 0.850738525390625,
      "auc": 0.9206174727911359
    },
    "g07": {
      "accuracy": 0.826385498046875,
      "auc": 0.90927615595807
    },
    "mean_auc": 0.9146770409091376,
    "std_auc": 0.004823704608462668,
    "mean_accuracy": 0.8413734436035156,
    "std_accuracy": 0.01039537341813545
  }
}