{
  "dataset": "pcam",
  "model": "standard",
  "group": "c8",
  "seed": 123,
  "train_mode": "C",
  "geometry_group": "c8",
  "growth_rate": 12,
  "n_params": 101959,
  "invariant_dim": 90,
  "train_size": 2500,
  "train_examples": 2500,
  "best_val_auc": 0.9002998417893961,
  "test": {
    "loss": 0.431004885584116,
    "accuracy": 0.81463623046875,
    "auc": 0.887939600307645
  },
  "test_c": {
    "loss": 0.431004885584116,
    "accuracy": 0.81463623046875,
    "auc": 0.887939600307645
  },
  "test_r": {
    "loss": 0.0,
    "accuracy": 0.8044929504394531,
    "auc": 0.8795784017046604
  },
  "rotation_robustness": {
    "g00": {
      "accuracy": 0.81463623046875,
      "auc": 0.887939600307645
    },
    "g01": {
      "accuracy": 0.795440673828125,
      "auc": 0.8730574763559413
    },
    "g02": {
      "accuracy": 0.81390380859375,
      "auc": 0.8860822223798517
    },
    "g03": {
      "accuracy": 0.793792724609375,
      "auc": 0.8706831547002293
    },
    "g04": {
      "accuracy": 0.814666748046875,
      "auc": 0.8872764798870217
    },
    "g05": {
      "accuracy": 0.79571533203125,
      "auc": 0.8733539014843895
    },
    "g06": {
      "accuracy": 0.814666748046875,
      "auc": 0.8871264624193186
    },
    "g07": {
      "accuracy": 0.793121337890625,
      "auc": 0.8711079161028857
    },
    "mean_auc": 0.8795784017046604,
    "std_auc": 0.007587690439973668,
    "mean_accuracy": 0.8044929504394531,
    "std_accuracy": 0.010007880632343917
  }
}