{
  "dataset": "pcam",
  "model": "gate",
  "group": "c8",
  "seed": 42,
  "train_mode": "C",
  "geometry_group": "c8",
  "growth_rate": 3,
  "n_params": 135682,
  "invariant_dim": 27,
  "train_size": 100,
  "train_examples": 100,
  "best_val_auc": 0.8525169447672091,
  "test": {
    "loss": 0.5333142892923206,
    "accuracy": 0.745880126953125,
    "auc": 0.8505320164414824
  },
  "test_c": {
    "loss": 0.5333142892923206,
    "accuracy": 0.745880126953125,
    "auc": 0.8505320164414824
  },
  "test_r": {
    "loss": 0.0,
    "accuracy": 0.7435493469238281,
    "auc": 0.8387153282651718
  },
  "rotation_robustness": {
    "g00": {
      "accuracy": 0.745880126953125,
      "auc": 0.8505320164414824
    },
    "g01": {
      "accuracy": 0.742889404296875,
      "auc": 0.8270456810490726
    },
    "g02": {
      "accuracy": 0.74365234375,
      "auc": 0.8503334696082027
    },
    "g03": {
      "accuracy": 0.742889404296875,
      "auc": 0.8270496708357106
    },
    "g04": {
      "accuracy": 0.74365234375,
      "auc": 0.8503338831155012
    },
    "g05": {
      "accuracy": 0.742889404296875,
      "auc": 0.82704924987783
    },
    "g06": {
      "accuracy": 0.74365234375,
      "auc": 0.850333056100904
    },
    "g07": {
      "accuracy": 0.742889404296875,
      "auc": 0.8270455990926711
    },
    "mean_auc": 0.8387153282651718,
    "std_auc": 0.011667936503014007,
    "mean_accuracy": 0.7435493469238281,
    "std_accuracy": 0.0009491086388720699
  }
}