{
  "dataset": "pcam",
  "model": "bispectrum",
  "group": "c8",
  "seed": 456,
  "train_mode": "C",
  "geometry_group": "c8",
  "growth_rate": 4,
  "n_params": 128345,
  "invariant_dim": 544,
  "train_size": 100,
  "train_examples": 100,
  "best_val_auc": 0.8480849892613388,
  "test": {
    "loss": 0.6396301346831024,
    "accuracy": 0.728515625,
    "auc": 0.7991163028653668
  },
  "test_c": {
    "loss": 0.6396301346831024,
    "accuracy": 0.728515625,
    "auc": 0.7991163028653668
  },
  "test_r": {
    "loss": 0.0,
    "accuracy": 0.7108840942382812,
    "auc": 0.7893267005756808
  },
  "rotation_robustness": {
    "g00": {
      "accuracy": 0.728515625,
      "auc": 0.7991163028653668
    },
    "g01": {
      "accuracy": 0.693603515625,
      "auc": 0.7797584653204859
    },
    "g02": {
      "accuracy": 0.72802734375,
      "auc": 0.7988262107315821
    },
    "g03": {
      "accuracy": 0.693634033203125,
      "auc": 0.7797493420828796
    },
    "g04": {
      "accuracy": 0.72802734375,
      "auc": 0.7988208165102453
    },
    "g05": {
      "accuracy": 0.693603515625,
      "auc": 0.7797533579465543
    },
    "g06": {
      "accuracy": 0.72802734375,
      "auc": 0.798830882246469
    },
    "g07": {
      "accuracy": 0.693634033203125,
      "auc": 0.7797582269018632
    },
    "mean_auc": 0.7893267005756808,
    "std_auc": 0.009572266006164454,
    "mean_accuracy": 0.7108840942382812,
    "std_accuracy": 0.01726597048502266
  },
  "wall_time_s": 608.194456577301,
  "epochs_run": 25,
  "peak_train_alloc_bytes": 12107641856,
  "peak_train_reserved_bytes": 15206449152,
  "gpu_name": "NVIDIA A100-SXM4-80GB",
  "cuda_total_memory_bytes": 85095874560,
  "git_sha": "5fb3903a1c11765c007a1686e1c9acd77b6024db",
  "argv": [
    "--model",
    "bispectrum",
    "--group",
    "c8",
    "--geometry_group",
    "c8",
    "--growth_rate",
    "4",
    "--train_mode",
    "C",
    "--seed",
    "456",
    "--batch_size",
    "128",
    "--output_dir",
    "/home/johmathe/bispectrum/paper/experiments/normalized_results/pcam/n_100",
    "--data_dir",
    "./pcam_data",
    "--subset_dir",
    "/home/johmathe/bispectrum/paper/experiments/normalized_results/subsets",
    "--patience",
    "10",
    "--epochs",
    "50",
    "--train_size",
    "100"
  ]
}