{
  "dataset": "pcam",
  "model": "standard",
  "group": "c8",
  "seed": 42,
  "train_mode": "C",
  "geometry_group": "c8",
  "growth_rate": 12,
  "n_params": 101959,
  "invariant_dim": 90,
  "train_size": 500,
  "train_examples": 500,
  "best_val_auc": 0.8868733702097397,
  "test": {
    "loss": 0.4918253403156996,
    "accuracy": 0.7752685546875,
    "auc": 0.8879465256235739
  },
  "test_c": {
    "loss": 0.4918253403156996,
    "accuracy": 0.7752685546875,
    "auc": 0.8879465256235739
  },
  "test_r": {
    "loss": 0.0,
    "accuracy": 0.7833404541015625,
    "auc": 0.8797072753520925
  },
  "rotation_robustness": {
    "g00": {
      "accuracy": 0.7752685546875,
      "auc": 0.8879465256235739
    },
    "g01": {
      "accuracy": 0.788726806640625,
      "auc": 0.8710539664389355
    },
    "g02": {
      "accuracy": 0.776153564453125,
      "auc": 0.8883306478269463
    },
    "g03": {
      "accuracy": 0.79150390625,
      "auc": 0.8719725784907354
    },
    "g04": {
      "accuracy": 0.781829833984375,
      "auc": 0.8867784271096547
    },
    "g05": {
      "accuracy": 0.787078857421875,
      "auc": 0.8724148971897735
    },
    "g06": {
      "accuracy": 0.775421142578125,
      "auc": 0.8875827956630178
    },
    "g07": {
      "accuracy": 0.790740966796875,
      "auc": 0.8715783644741023
    },
    "mean_auc": 0.8797072753520925,
    "std_auc": 0.007970540032132607,
    "mean_accuracy": 0.7833404541015625,
    "std_accuracy": 0.006578396492563377
  }
}