{
  "model": "fourier_elu",
  "group": "c8",
  "seed": 42,
  "growth_rate": 6,
  "n_params": 221281,
  "train_fraction": 0.1,
  "best_val_auc": 0.9588934062086657,
  "test": {
    "loss": 0.32627557578962296,
    "accuracy": 0.874267578125,
    "auc": 0.937949824927529
  },
  "rotation_robustness": {
    "mean_auc": 0.0,
    "std_auc": 0.0
  }
}