{
  "dataset": "pcam",
  "model": "gate",
  "group": "c8",
  "seed": 42,
  "train_mode": "R",
  "geometry_group": "c8",
  "growth_rate": 3,
  "n_params": 135682,
  "invariant_dim": 27,
  "train_size": 12500,
  "train_examples": 12500,
  "best_val_auc": 0.9429769336052614,
  "test": {
    "loss": 0.3500036968034692,
    "accuracy": 0.84295654296875,
    "auc": 0.9316113168334756
  },
  "test_c": {
    "loss": 0.3500036968034692,
    "accuracy": 0.84295654296875,
    "auc": 0.9316113168334756
  },
  "test_r": {
    "loss": 0.0,
    "accuracy": 0.8393325805664062,
    "auc": 0.9300862404488988
  },
  "rotation_robustness": {
    "g00": {
      "accuracy": 0.84295654296875,
      "auc": 0.9316113168334756
    },
    "g01": {
      "accuracy": 0.835235595703125,
      "auc": 0.9284563455520605
    },
    "g02": {
      "accuracy": 0.84356689453125,
      "auc": 0.9317518273586017
    },
    "g03": {
      "accuracy": 0.835205078125,
      "auc": 0.9284555744168279
    },
    "g04": {
      "accuracy": 0.8436279296875,
      "auc": 0.9317528182860021
    },
    "g05": {
      "accuracy": 0.835235595703125,
      "auc": 0.9284554626580986
    },
    "g06": {
      "accuracy": 0.843597412109375,
      "auc": 0.9317516373687619
    },
    "g07": {
      "accuracy": 0.835235595703125,
      "auc": 0.9284549411173616
    },
    "mean_auc": 0.9300862404488988,
    "std_auc": 0.0016312291805304095,
    "mean_accuracy": 0.8393325805664062,
    "std_accuracy": 0.004109340910081195
  }
}