{
  "dataset": "organ3d",
  "model": "max_pool",
  "train_mode": "R",
  "seed": 101112,
  "channels": [
    4,
    8
  ],
  "head_dim": 64,
  "n_params": 374423,
  "invariant_dim": 8,
  "raw_invariant_dim": 8,
  "projected_dim": 8,
  "train_size": 100,
  "train_examples": 100,
  "best_val_auc": 0.9210236469733207,
  "test": {
    "loss": 1.6070268474641394,
    "accuracy": 0.4524590075016022,
    "auc": 0.8836011833472539
  },
  "test_c": {
    "loss": 1.6070268474641394,
    "accuracy": 0.4524590075016022,
    "auc": 0.8836011833472539
  },
  "test_r": {
    "loss": 0.0,
    "accuracy": 0.4524590075016022,
    "auc": 0.883607624382417
  },
  "rotation_robustness": {
    "g00": {
      "accuracy": 0.4524590075016022,
      "auc": 0.8836109684475439
    },
    "g01": {
      "accuracy": 0.4524590075016022,
      "auc": 0.8836036186948631
    },
    "g02": {
      "accuracy": 0.4524590075016022,
      "auc": 0.8836109684475439
    },
    "g03": {
      "accuracy": 0.4524590075016022,
      "auc": 0.8836109684475439
    },
    "g04": {
      "accuracy": 0.4524590075016022,
      "auc": 0.8836109684475439
    },
    "g05": {
      "accuracy": 0.4524590075016022,
      "auc": 0.8836085330999346
    },
    "g06": {
      "accuracy": 0.4524590075016022,
      "auc": 0.8836085330999346
    },
    "g07": {
      "accuracy": 0.4524590075016022,
      "auc": 0.8836109684475439
    },
    "g08": {
      "accuracy": 0.4524590075016022,
      "auc": 0.8836036186948631
    },
    "g09": {
      "accuracy": 0.4524590075016022,
      "auc": 0.8836085330999346
    },
    "g10": {
      "accuracy": 0.4524590075016022,
      "auc": 0.8836085330999346
    },
    "g11": {
      "accuracy": 0.4524590075016022,
      "auc": 0.8836109684475439
    },
    "g12": {
      "accuracy": 0.4524590075016022,
      "auc": 0.8836011833472539
    },
    "g13": {
      "accuracy": 0.4524590075016022,
      "auc": 0.8836035002566301
    },
    "g14": {
      "accuracy": 0.4524590075016022,
      "auc": 0.8836109684475439
    },
    "g15": {
      "accuracy": 0.4524590075016022,
      "auc": 0.8836109684475439
    },
    "g16": {
      "accuracy": 0.4524590075016022,
      "auc": 0.8836036186948631
    },
    "g17": {
      "accuracy": 0.4524590075016022,
      "auc": 0.8836010524537649
    },
    "g18": {
      "accuracy": 0.4524590075016022,
      "auc": 0.8836141117137607
    },
    "g19": {
      "accuracy": 0.4524590075016022,
      "auc": 0.8836085330999346
    },
    "g20": {
      "accuracy": 0.4524590075016022,
      "auc": 0.8836109684475439
    },
    "g21": {
      "accuracy": 0.4524590075016022,
      "auc": 0.8836085330999346
    },
    "g22": {
      "accuracy": 0.4524590075016022,
      "auc": 0.8836011833472539
    },
    "g23": {
      "accuracy": 0.4524590075016022,
      "auc": 0.8836011833472539
    },
    "mean_auc": 0.883607624382417,
    "std_auc": 3.981630095677482e-06,
    "mean_accuracy": 0.4524590075016022,
    "std_accuracy": 0.0
  },
  "wall_time_s": 37.48638296127319,
  "epochs_run": 84,
  "peak_train_alloc_bytes": 2699536896,
  "peak_train_reserved_bytes": 3646947328,
  "gpu_name": "NVIDIA A100-SXM4-80GB",
  "cuda_total_memory_bytes": 85095874560,
  "git_sha": "5fb3903a1c11765c007a1686e1c9acd77b6024db",
  "argv": [
    "--model",
    "max_pool",
    "--channels",
    "4",
    "8",
    "--head_dim",
    "64",
    "--train_mode",
    "R",
    "--seed",
    "101112",
    "--batch_size",
    "32",
    "--output_dir",
    "/home/johmathe/bispectrum/paper/experiments/normalized_results/organ3d/n_100",
    "--data_dir",
    "./organ3d_data",
    "--subset_dir",
    "/home/johmathe/bispectrum/paper/experiments/normalized_results/subsets",
    "--patience",
    "15",
    "--epochs",
    "100",
    "--train_size",
    "100"
  ]
}