{
  "dataset": "pcam",
  "model": "fourier_elu",
  "group": "c8",
  "seed": 456,
  "train_mode": "R",
  "geometry_group": "c8",
  "growth_rate": 4,
  "n_params": 109815,
  "invariant_dim": 34,
  "train_size": 2500,
  "train_examples": 2500,
  "best_val_auc": 0.8849182505406676,
  "test": {
    "loss": 0.4473106116929557,
    "accuracy": 0.795166015625,
    "auc": 0.880704239586397
  },
  "test_c": {
    "loss": 0.4473106116929557,
    "accuracy": 0.795166015625,
    "auc": 0.880704239586397
  },
  "test_r": {
    "loss": 0.0,
    "accuracy": 0.8000411987304688,
    "auc": 0.8812317780418587
  },
  "rotation_robustness": {
    "g00": {
      "accuracy": 0.795166015625,
      "auc": 0.880704239586397
    },
    "g01": {
      "accuracy": 0.804473876953125,
      "auc": 0.8816305555399404
    },
    "g02": {
      "accuracy": 0.7957763671875,
      "auc": 0.8808752863216737
    },
    "g03": {
      "accuracy": 0.804443359375,
      "auc": 0.8816296614701056
    },
    "g04": {
      "accuracy": 0.7957763671875,
      "auc": 0.8808762325455822
    },
    "g05": {
      "accuracy": 0.804443359375,
      "auc": 0.8816309317943292
    },
    "g06": {
      "accuracy": 0.7957763671875,
      "auc": 0.8808772122971095
    },
    "g07": {
      "accuracy": 0.804473876953125,
      "auc": 0.881630104779732
    },
    "mean_auc": 0.8812317780418587,
    "std_auc": 0.0004020005067610807,
    "mean_accuracy": 0.8000411987304688,
    "std_accuracy": 0.0044213838856359934
  },
  "wall_time_s": 2487.7319207191467,
  "epochs_run": 32,
  "peak_train_alloc_bytes": 21284823552,
  "peak_train_reserved_bytes": 27682406400,
  "gpu_name": "NVIDIA A100-SXM4-80GB",
  "cuda_total_memory_bytes": 85095874560,
  "git_sha": "5fb3903a1c11765c007a1686e1c9acd77b6024db",
  "argv": [
    "--model",
    "fourier_elu",
    "--group",
    "c8",
    "--geometry_group",
    "c8",
    "--growth_rate",
    "4",
    "--train_mode",
    "R",
    "--seed",
    "456",
    "--batch_size",
    "64",
    "--output_dir",
    "/home/johmathe/bispectrum/paper/experiments/normalized_results/pcam/n_2500",
    "--data_dir",
    "./pcam_data",
    "--subset_dir",
    "/home/johmathe/bispectrum/paper/experiments/normalized_results/subsets",
    "--patience",
    "10",
    "--epochs",
    "50",
    "--train_size",
    "2500"
  ]
}