{
  "dataset": "pcam",
  "model": "standard",
  "group": "c8",
  "seed": 123,
  "train_mode": "R",
  "geometry_group": "c8",
  "growth_rate": 12,
  "n_params": 101959,
  "invariant_dim": 90,
  "train_size": 100,
  "train_examples": 100,
  "best_val_auc": 0.851792118151585,
  "test": {
    "loss": 0.5894669210538268,
    "accuracy": 0.721832275390625,
    "auc": 0.824350772027626
  },
  "test_c": {
    "loss": 0.5894669210538268,
    "accuracy": 0.721832275390625,
    "auc": 0.824350772027626
  },
  "test_r": {
    "loss": 0.0,
    "accuracy": 0.6946258544921875,
    "auc": 0.8153764105530237
  },
  "rotation_robustness": {
    "g00": {
      "accuracy": 0.721832275390625,
      "auc": 0.824350772027626
    },
    "g01": {
      "accuracy": 0.669647216796875,
      "auc": 0.8067173232478978
    },
    "g02": {
      "accuracy": 0.717864990234375,
      "auc": 0.8233358649293235
    },
    "g03": {
      "accuracy": 0.670013427734375,
      "auc": 0.8072185425225965
    },
    "g04": {
      "accuracy": 0.719757080078125,
      "auc": 0.8242970533317164
    },
    "g05": {
      "accuracy": 0.6693115234375,
      "auc": 0.8069265393145398
    },
    "g06": {
      "accuracy": 0.7178955078125,
      "auc": 0.8233769735152711
    },
    "g07": {
      "accuracy": 0.670684814453125,
      "auc": 0.8067882155352182
    },
    "mean_auc": 0.8153764105530237,
    "std_auc": 0.00847176910770137,
    "mean_accuracy": 0.6946258544921875,
    "std_accuracy": 0.024741146598748827
  }
}