{
  "dataset": "organ3d",
  "model": "max_pool",
  "train_mode": "R",
  "seed": 789,
  "channels": [
    4,
    8
  ],
  "head_dim": 64,
  "n_params": 374423,
  "invariant_dim": 8,
  "raw_invariant_dim": 8,
  "projected_dim": 8,
  "train_size": null,
  "train_examples": 971,
  "best_val_auc": 0.9890714133872048,
  "test": {
    "loss": 0.6827271414584801,
    "accuracy": 0.6950819492340088,
    "auc": 0.9687892984998799
  },
  "test_c": {
    "loss": 0.6827271414584801,
    "accuracy": 0.6950819492340088,
    "auc": 0.9687892984998799
  },
  "test_r": {
    "loss": 0.0,
    "accuracy": 0.6950819492340088,
    "auc": 0.9687898632388475
  },
  "rotation_robustness": {
    "g00": {
      "accuracy": 0.6950819492340088,
      "auc": 0.9687894293933689
    },
    "g01": {
      "accuracy": 0.6950819492340088,
      "auc": 0.9687896599257502
    },
    "g02": {
      "accuracy": 0.6950819492340088,
      "auc": 0.9687870936846519
    },
    "g03": {
      "accuracy": 0.6950819492340088,
      "auc": 0.9687894606479657
    },
    "g04": {
      "accuracy": 0.6950819492340088,
      "auc": 0.9687819612024551
    },
    "g05": {
      "accuracy": 0.6950819492340088,
      "auc": 0.9687893297544767
    },
    "g06": {
      "accuracy": 0.6950819492340088,
      "auc": 0.968789395156808
    },
    "g07": {
      "accuracy": 0.6950819492340088,
      "auc": 0.9687946927690547
    },
    "g08": {
      "accuracy": 0.6950819492340088,
      "auc": 0.96878419727228
    },
    "g09": {
      "accuracy": 0.6950819492340088,
      "auc": 0.9687944309820767
    },
    "g10": {
      "accuracy": 0.6950819492340088,
      "auc": 0.9688045620710167
    },
    "g11": {
      "accuracy": 0.6950819492340088,
      "auc": 0.9687869940457596
    },
    "g12": {
      "accuracy": 0.6950819492340088,
      "auc": 0.9687945931301624
    },
    "g13": {
      "accuracy": 0.6950819492340088,
      "auc": 0.9687791956835724
    },
    "g14": {
      "accuracy": 0.6950819492340088,
      "auc": 0.9687918959955751
    },
    "g15": {
      "accuracy": 0.6950819492340088,
      "auc": 0.9687921265279563
    },
    "g16": {
      "accuracy": 0.6950819492340088,
      "auc": 0.9687791956835724
    },
    "g17": {
      "accuracy": 0.6950819492340088,
      "auc": 0.9687970284777717
    },
    "g18": {
      "accuracy": 0.6950819492340088,
      "auc": 0.9687869940457596
    },
    "g19": {
      "accuracy": 0.6950819492340088,
      "auc": 0.9687970284777717
    },
    "g20": {
      "accuracy": 0.6950819492340088,
      "auc": 0.9687892984998799
    },
    "g21": {
      "accuracy": 0.6950819492340088,
      "auc": 0.9687768599748552
    },
    "g22": {
      "accuracy": 0.6950819492340088,
      "auc": 0.9688019958299185
    },
    "g23": {
      "accuracy": 0.6950819492340088,
      "auc": 0.9687892984998799
    },
    "mean_auc": 0.9687898632388475,
    "std_auc": 6.641547556988044e-06,
    "mean_accuracy": 0.6950819492340088,
    "std_accuracy": 0.0
  },
  "wall_time_s": 296.6357538700104,
  "epochs_run": 100,
  "peak_train_alloc_bytes": 2699536896,
  "peak_train_reserved_bytes": 3642753024,
  "gpu_name": "NVIDIA A100-SXM4-80GB",
  "cuda_total_memory_bytes": 85095874560,
  "git_sha": "5fb3903a1c11765c007a1686e1c9acd77b6024db",
  "argv": [
    "--model",
    "max_pool",
    "--channels",
    "4",
    "8",
    "--head_dim",
    "64",
    "--train_mode",
    "R",
    "--seed",
    "789",
    "--batch_size",
    "32",
    "--output_dir",
    "/home/johmathe/bispectrum/paper/experiments/normalized_results/organ3d/n_full",
    "--data_dir",
    "./organ3d_data",
    "--subset_dir",
    "/home/johmathe/bispectrum/paper/experiments/normalized_results/subsets",
    "--patience",
    "15",
    "--epochs",
    "100"
  ]
}