{
  "dataset": "pcam",
  "model": "bispectrum",
  "group": "c8",
  "seed": 42,
  "train_mode": "C",
  "geometry_group": "c8",
  "growth_rate": 4,
  "n_params": 128345,
  "invariant_dim": 544,
  "train_size": 12500,
  "train_examples": 12500,
  "best_val_auc": 0.9604803737554106,
  "test": {
    "loss": 0.32245252322172746,
    "accuracy": 0.8673095703125,
    "auc": 0.9439112292664135
  },
  "test_c": {
    "loss": 0.32245252322172746,
    "accuracy": 0.8673095703125,
    "auc": 0.9439112292664135
  },
  "test_r": {
    "loss": 0.0,
    "accuracy": 0.8529853820800781,
    "auc": 0.9314415520639571
  },
  "rotation_robustness": {
    "g00": {
      "accuracy": 0.8673095703125,
      "auc": 0.9439112292664135
    },
    "g01": {
      "accuracy": 0.838775634765625,
      "auc": 0.9192026743327493
    },
    "g02": {
      "accuracy": 0.867156982421875,
      "auc": 0.943609838325091
    },
    "g03": {
      "accuracy": 0.838775634765625,
      "auc": 0.9192065598112398
    },
    "g04": {
      "accuracy": 0.867156982421875,
      "auc": 0.9435951942062546
    },
    "g05": {
      "accuracy": 0.838775634765625,
      "auc": 0.9192007930608052
    },
    "g06": {
      "accuracy": 0.867156982421875,
      "auc": 0.9435986661774466
    },
    "g07": {
      "accuracy": 0.838775634765625,
      "auc": 0.9192074613316567
    },
    "mean_auc": 0.9314415520639571,
    "std_auc": 0.012237548781928865,
    "mean_accuracy": 0.8529853820800781,
    "std_accuracy": 0.014209824120230766
  }
}