{
  "dataset": "pcam",
  "model": "standard",
  "group": "c8",
  "seed": 789,
  "train_mode": "C",
  "geometry_group": "c8",
  "growth_rate": 12,
  "n_params": 101959,
  "invariant_dim": 90,
  "train_size": null,
  "train_examples": 262144,
  "best_val_auc": 0.9486131833417947,
  "test": {
    "loss": 0.5278429128229618,
    "accuracy": 0.8162841796875,
    "auc": 0.9163491237949843
  },
  "test_c": {
    "loss": 0.5278429128229618,
    "accuracy": 0.8162841796875,
    "auc": 0.9163491237949843
  },
  "test_r": {
    "loss": 0.0,
    "accuracy": 0.7745132446289062,
    "auc": 0.8845809459480135
  },
  "rotation_robustness": {
    "g00": {
      "accuracy": 0.8162841796875,
      "auc": 0.9163491237949843
    },
    "g01": {
      "accuracy": 0.766876220703125,
      "auc": 0.8856434799601529
    },
    "g02": {
      "accuracy": 0.76556396484375,
      "auc": 0.8760865253517022
    },
    "g03": {
      "accuracy": 0.7264404296875,
      "auc": 0.8443791544980502
    },
    "g04": {
      "accuracy": 0.752593994140625,
      "auc": 0.8725652126807549
    },
    "g05": {
      "accuracy": 0.76751708984375,
      "auc": 0.879391428419128
    },
    "g06": {
      "accuracy": 0.809661865234375,
      "auc": 0.9045764592448119
    },
    "g07": {
      "accuracy": 0.791168212890625,
      "auc": 0.8976561836345233
    },
    "mean_auc": 0.8845809459480135,
    "std_auc": 0.020738782057990957,
    "mean_accuracy": 0.7745132446289062,
    "std_accuracy": 0.02792049766118934
  },
  "wall_time_s": 3603.863514184952,
  "epochs_run": 19,
  "peak_train_alloc_bytes": 25105594368,
  "peak_train_reserved_bytes": 31281119232,
  "gpu_name": "NVIDIA A100-SXM4-80GB",
  "cuda_total_memory_bytes": 85095874560,
  "git_sha": "4f6f1351fe12ab869087e096175e97d4ada5c7e0",
  "argv": [
    "--model",
    "standard",
    "--group",
    "c8",
    "--geometry_group",
    "c8",
    "--growth_rate",
    "12",
    "--train_mode",
    "C",
    "--seed",
    "789",
    "--batch_size",
    "1024",
    "--output_dir",
    "/home/johmathe/bispectrum/paper/experiments/normalized_results/pcam/n_full",
    "--data_dir",
    "./pcam_data",
    "--subset_dir",
    "/home/johmathe/bispectrum/paper/experiments/normalized_results/subsets",
    "--patience",
    "10",
    "--epochs",
    "50"
  ]
}