{
  "dataset": "organ3d",
  "model": "bispectrum",
  "train_mode": "R",
  "seed": 123,
  "channels": [
    4,
    8
  ],
  "head_dim": 64,
  "n_params": 463167,
  "invariant_dim": 64,
  "raw_invariant_dim": 1376,
  "projected_dim": 64,
  "train_size": 100,
  "train_examples": 100,
  "best_val_auc": 0.9699023022825478,
  "test": {
    "loss": 1.3809995557441086,
    "accuracy": 0.5163934230804443,
    "auc": 0.9155492105034878
  },
  "test_c": {
    "loss": 1.3809995557441086,
    "accuracy": 0.5163934230804443,
    "auc": 0.9155492105034878
  },
  "test_r": {
    "loss": 0.0,
    "accuracy": 0.5153005520502726,
    "auc": 0.9155449110472688
  },
  "rotation_robustness": {
    "g00": {
      "accuracy": 0.5147541165351868,
      "auc": 0.9155566911496575
    },
    "g01": {
      "accuracy": 0.5147541165351868,
      "auc": 0.9155416426736818
    },
    "g02": {
      "accuracy": 0.5147541165351868,
      "auc": 0.9155464946583862
    },
    "g03": {
      "accuracy": 0.5147541165351868,
      "auc": 0.9155491233198515
    },
    "g04": {
      "accuracy": 0.5147541165351868,
      "auc": 0.9155393849113783
    },
    "g05": {
      "accuracy": 0.5163934230804443,
      "auc": 0.9155494193433906
    },
    "g06": {
      "accuracy": 0.5147541165351868,
      "auc": 0.9155413591942253
    },
    "g07": {
      "accuracy": 0.5147541165351868,
      "auc": 0.915551973129233
    },
    "g08": {
      "accuracy": 0.5147541165351868,
      "auc": 0.9155465570787533
    },
    "g09": {
      "accuracy": 0.5147541165351868,
      "auc": 0.9155413621761895
    },
    "g10": {
      "accuracy": 0.5147541165351868,
      "auc": 0.9155541933816813
    },
    "g11": {
      "accuracy": 0.5163934230804443,
      "auc": 0.9155541561631562
    },
    "g12": {
      "accuracy": 0.5147541165351868,
      "auc": 0.915536556883302
    },
    "g13": {
      "accuracy": 0.5163934230804443,
      "auc": 0.9155517892886688
    },
    "g14": {
      "accuracy": 0.5147541165351868,
      "auc": 0.9155364790257149
    },
    "g15": {
      "accuracy": 0.5147541165351868,
      "auc": 0.9155541591451203
    },
    "g16": {
      "accuracy": 0.5147541165351868,
      "auc": 0.9155319042652086
    },
    "g17": {
      "accuracy": 0.5147541165351868,
      "auc": 0.9155417424014005
    },
    "g18": {
      "accuracy": 0.5147541165351868,
      "auc": 0.915559029840339
    },
    "g19": {
      "accuracy": 0.5163934230804443,
      "auc": 0.9155293255688544
    },
    "g20": {
      "accuracy": 0.5163934230804443,
      "auc": 0.9155393382195615
    },
    "g21": {
      "accuracy": 0.5163934230804443,
      "auc": 0.9155316642595356
    },
    "g22": {
      "accuracy": 0.5163934230804443,
      "auc": 0.9155443085536724
    },
    "g23": {
      "accuracy": 0.5163934230804443,
      "auc": 0.9155492105034878
    },
    "mean_auc": 0.9155449110472688,
    "std_auc": 8.140864898181992e-06,
    "mean_accuracy": 0.5153005520502726,
    "std_accuracy": 0.0007727765163967457
  },
  "wall_time_s": 38.160539865493774,
  "epochs_run": 67,
  "peak_train_alloc_bytes": 1690033152,
  "peak_train_reserved_bytes": 2239758336,
  "gpu_name": "NVIDIA A100-SXM4-80GB",
  "cuda_total_memory_bytes": 85095874560,
  "git_sha": "5fb3903a1c11765c007a1686e1c9acd77b6024db",
  "argv": [
    "--model",
    "bispectrum",
    "--channels",
    "4",
    "8",
    "--head_dim",
    "64",
    "--train_mode",
    "R",
    "--seed",
    "123",
    "--batch_size",
    "16",
    "--output_dir",
    "/home/johmathe/bispectrum/paper/experiments/normalized_results/organ3d/n_100",
    "--data_dir",
    "./organ3d_data",
    "--subset_dir",
    "/home/johmathe/bispectrum/paper/experiments/normalized_results/subsets",
    "--patience",
    "15",
    "--epochs",
    "100",
    "--train_size",
    "100"
  ]
}