{
  "dataset": "pcam",
  "model": "norm",
  "group": "c8",
  "seed": 789,
  "train_mode": "C",
  "geometry_group": "c8",
  "growth_rate": 4,
  "n_params": 110093,
  "invariant_dim": 34,
  "train_size": 12500,
  "train_examples": 12500,
  "best_val_auc": 0.9456885374334489,
  "test": {
    "loss": 0.31331525946734473,
    "accuracy": 0.8656005859375,
    "auc": 0.9404606002664917
  },
  "test_c": {
    "loss": 0.31331525946734473,
    "accuracy": 0.8656005859375,
    "auc": 0.9404606002664917
  },
  "test_r": {
    "loss": 0.0,
    "accuracy": 0.8241729736328125,
    "auc": 0.9208482284902155
  },
  "rotation_robustness": {
    "g00": {
      "accuracy": 0.8656005859375,
      "auc": 0.9404606002664917
    },
    "g01": {
      "accuracy": 0.782806396484375,
      "auc": 0.9015275171952261
    },
    "g02": {
      "accuracy": 0.86553955078125,
      "auc": 0.9404513540942832
    },
    "g03": {
      "accuracy": 0.782806396484375,
      "auc": 0.9011108359487018
    },
    "g04": {
      "accuracy": 0.865509033203125,
      "auc": 0.9404511305768244
    },
    "g05": {
      "accuracy": 0.782806396484375,
      "auc": 0.9011260574876399
    },
    "g06": {
      "accuracy": 0.865509033203125,
      "auc": 0.94045240835163
    },
    "g07": {
      "accuracy": 0.782806396484375,
      "auc": 0.9012059240009274
    },
    "mean_auc": 0.9208482284902155,
    "std_auc": 0.019606006740226556,
    "mean_accuracy": 0.8241729736328125,
    "std_accuracy": 0.04136658559114545
  },
  "wall_time_s": 3357.6488304138184,
  "epochs_run": 50,
  "peak_train_alloc_bytes": 22324224000,
  "peak_train_reserved_bytes": 26820476928,
  "gpu_name": "NVIDIA A100-SXM4-80GB",
  "cuda_total_memory_bytes": 85095874560,
  "git_sha": "4f6f1351fe12ab869087e096175e97d4ada5c7e0",
  "argv": [
    "--model",
    "norm",
    "--group",
    "c8",
    "--geometry_group",
    "c8",
    "--growth_rate",
    "4",
    "--train_mode",
    "C",
    "--seed",
    "789",
    "--batch_size",
    "128",
    "--output_dir",
    "/home/johmathe/bispectrum/paper/experiments/normalized_results/pcam/n_12500",
    "--data_dir",
    "./pcam_data",
    "--subset_dir",
    "/home/johmathe/bispectrum/paper/experiments/normalized_results/subsets",
    "--patience",
    "10",
    "--epochs",
    "50",
    "--train_size",
    "12500"
  ]
}