{
  "model": "standard",
  "group": "c8",
  "seed": 42,
  "growth_rate": 6,
  "n_params": 29761,
  "train_fraction": 0.1,
  "best_val_auc": 0.9452075983275087,
  "test": {
    "loss": 0.3722250214777887,
    "accuracy": 0.852752685546875,
    "auc": 0.9266035199298429
  },
  "rotation_robustness": {
    "mean_auc": 0.0,
    "std_auc": 0.0
  }
}