{
  "model": "norm",
  "group": "c8",
  "seed": 42,
  "growth_rate": 12,
  "n_params": 790717,
  "train_fraction": 0.1,
  "best_val_auc": 0.927045734916964,
  "test": {
    "loss": 0.4020889871753752,
    "accuracy": 0.822845458984375,
    "auc": 0.914243239156599
  },
  "rotation_robustness": {
    "mean_auc": 0.0,
    "std_auc": 0.0
  }
}