{
  "dataset": "pcam",
  "model": "standard",
  "group": "c8",
  "seed": 789,
  "train_mode": "R",
  "geometry_group": "c8",
  "growth_rate": 12,
  "n_params": 101959,
  "invariant_dim": 90,
  "train_size": null,
  "train_examples": 262144,
  "best_val_auc": 0.9581264316232767,
  "test": {
    "loss": 0.49369736574590206,
    "accuracy": 0.822998046875,
    "auc": 0.9119808252418803
  },
  "test_c": {
    "loss": 0.49369736574590206,
    "accuracy": 0.822998046875,
    "auc": 0.9119808252418803
  },
  "test_r": {
    "loss": 0.0,
    "accuracy": 0.821136474609375,
    "auc": 0.9047204412754686
  },
  "rotation_robustness": {
    "g00": {
      "accuracy": 0.822998046875,
      "auc": 0.9119808252418803
    },
    "g01": {
      "accuracy": 0.808685302734375,
      "auc": 0.895069732734624
    },
    "g02": {
      "accuracy": 0.82672119140625,
      "auc": 0.9106540963875157
    },
    "g03": {
      "accuracy": 0.8111572265625,
      "auc": 0.8949809217976972
    },
    "g04": {
      "accuracy": 0.8314208984375,
      "auc": 0.9130390202213525
    },
    "g05": {
      "accuracy": 0.81854248046875,
      "auc": 0.9024011836113706
    },
    "g06": {
      "accuracy": 0.83221435546875,
      "auc": 0.9132316438419765
    },
    "g07": {
      "accuracy": 0.817352294921875,
      "auc": 0.8964061063673318
    },
    "mean_auc": 0.9047204412754686,
    "std_auc": 0.007842690061538562,
    "mean_accuracy": 0.821136474609375,
    "std_accuracy": 0.008206774830613944
  },
  "wall_time_s": 3262.0611135959625,
  "epochs_run": 17,
  "peak_train_alloc_bytes": 25105594368,
  "peak_train_reserved_bytes": 31302090752,
  "gpu_name": "NVIDIA A100-SXM4-80GB",
  "cuda_total_memory_bytes": 85095874560,
  "git_sha": "4f6f1351fe12ab869087e096175e97d4ada5c7e0",
  "argv": [
    "--model",
    "standard",
    "--group",
    "c8",
    "--geometry_group",
    "c8",
    "--growth_rate",
    "12",
    "--train_mode",
    "R",
    "--seed",
    "789",
    "--batch_size",
    "1024",
    "--output_dir",
    "/home/johmathe/bispectrum/paper/experiments/normalized_results/pcam/n_full",
    "--data_dir",
    "./pcam_data",
    "--subset_dir",
    "/home/johmathe/bispectrum/paper/experiments/normalized_results/subsets",
    "--patience",
    "10",
    "--epochs",
    "50"
  ]
}