{
  "dataset": "organ3d",
  "model": "max_pool",
  "train_mode": "C",
  "seed": 42,
  "channels": [
    4,
    8
  ],
  "head_dim": 64,
  "n_params": 374423,
  "invariant_dim": 8,
  "raw_invariant_dim": 8,
  "projected_dim": 8,
  "train_size": 100,
  "train_examples": 100,
  "best_val_auc": 0.8957501122858337,
  "test": {
    "loss": 1.882333824282787,
    "accuracy": 0.28360655903816223,
    "auc": 0.8227897530068553
  },
  "test_c": {
    "loss": 1.882333824282787,
    "accuracy": 0.28360655903816223,
    "auc": 0.8227897530068553
  },
  "test_r": {
    "loss": 0.0,
    "accuracy": 0.28360655903816223,
    "auc": 0.8227837456395944
  },
  "rotation_robustness": {
    "g00": {
      "accuracy": 0.28360655903816223,
      "auc": 0.822777513759615
    },
    "g01": {
      "accuracy": 0.28360655903816223,
      "auc": 0.8227799491072243
    },
    "g02": {
      "accuracy": 0.28360655903816223,
      "auc": 0.8227750471574088
    },
    "g03": {
      "accuracy": 0.28360655903816223,
      "auc": 0.8227848198024431
    },
    "g04": {
      "accuracy": 0.28360655903816223,
      "auc": 0.8227848823116365
    },
    "g05": {
      "accuracy": 0.28360655903816223,
      "auc": 0.822792282118255
    },
    "g06": {
      "accuracy": 0.28360655903816223,
      "auc": 0.8227823844548336
    },
    "g07": {
      "accuracy": 0.28360655903816223,
      "auc": 0.822787317659246
    },
    "g08": {
      "accuracy": 0.28360655903816223,
      "auc": 0.8227873801684396
    },
    "g09": {
      "accuracy": 0.28360655903816223,
      "auc": 0.8227799803618211
    },
    "g10": {
      "accuracy": 0.28360655903816223,
      "auc": 0.8227947487204612
    },
    "g11": {
      "accuracy": 0.28360655903816223,
      "auc": 0.8227774199958247
    },
    "g12": {
      "accuracy": 0.28360655903816223,
      "auc": 0.822775015902812
    },
    "g13": {
      "accuracy": 0.28360655903816223,
      "auc": 0.8227799491072243
    },
    "g14": {
      "accuracy": 0.28360655903816223,
      "auc": 0.8227849789685646
    },
    "g15": {
      "accuracy": 0.28360655903816223,
      "auc": 0.8227823844548336
    },
    "g16": {
      "accuracy": 0.28360655903816223,
      "auc": 0.8227872864046492
    },
    "g17": {
      "accuracy": 0.28360655903816223,
      "auc": 0.8227799491072243
    },
    "g18": {
      "accuracy": 0.28360655903816223,
      "auc": 0.822784950695932
    },
    "g19": {
      "accuracy": 0.28360655903816223,
      "auc": 0.8227848823116365
    },
    "g20": {
      "accuracy": 0.28360655903816223,
      "auc": 0.8227848823116365
    },
    "g21": {
      "accuracy": 0.28360655903816223,
      "auc": 0.8227971528134735
    },
    "g22": {
      "accuracy": 0.28360655903816223,
      "auc": 0.8227749846482152
    },
    "g23": {
      "accuracy": 0.28360655903816223,
      "auc": 0.8227897530068553
    },
    "mean_auc": 0.8227837456395944,
    "std_auc": 5.862629636904955e-06,
    "mean_accuracy": 0.28360655903816223,
    "std_accuracy": 0.0
  }
}