{
  "dataset": "organ3d",
  "model": "bispectrum",
  "train_mode": "R",
  "seed": 101112,
  "channels": [
    4,
    8
  ],
  "head_dim": 64,
  "n_params": 463167,
  "invariant_dim": 64,
  "raw_invariant_dim": 1376,
  "projected_dim": 64,
  "train_size": 500,
  "train_examples": 500,
  "best_val_auc": 0.9816392935123233,
  "test": {
    "loss": 1.138227978690726,
    "accuracy": 0.5737704634666443,
    "auc": 0.9337912911010235
  },
  "test_c": {
    "loss": 1.138227978690726,
    "accuracy": 0.5737704634666443,
    "auc": 0.9337912911010235
  },
  "test_r": {
    "loss": 0.0,
    "accuracy": 0.5737704634666443,
    "auc": 0.9337958445602065
  },
  "rotation_robustness": {
    "g00": {
      "accuracy": 0.5737704634666443,
      "auc": 0.933791737232653
    },
    "g01": {
      "accuracy": 0.5737704634666443,
      "auc": 0.9337891709915546
    },
    "g02": {
      "accuracy": 0.5737704634666443,
      "auc": 0.9337913253375846
    },
    "g03": {
      "accuracy": 0.5737704634666443,
      "auc": 0.9337912911010235
    },
    "g04": {
      "accuracy": 0.5737704634666443,
      "auc": 0.933799435955948
    },
    "g05": {
      "accuracy": 0.5737704634666443,
      "auc": 0.9337912598464267
    },
    "g06": {
      "accuracy": 0.5737704634666443,
      "auc": 0.9337913594853191
    },
    "g07": {
      "accuracy": 0.5737704634666443,
      "auc": 0.9337964235832203
    },
    "g08": {
      "accuracy": 0.5737704634666443,
      "auc": 0.9338020021970462
    },
    "g09": {
      "accuracy": 0.5737704634666443,
      "auc": 0.9337943718580468
    },
    "g10": {
      "accuracy": 0.5737704634666443,
      "auc": 0.9338095700268524
    },
    "g11": {
      "accuracy": 0.5737704634666443,
      "auc": 0.9338021330905353
    },
    "g12": {
      "accuracy": 0.5737704634666443,
      "auc": 0.9338021018359385
    },
    "g13": {
      "accuracy": 0.5737704634666443,
      "auc": 0.9338169222574103
    },
    "g14": {
      "accuracy": 0.5737704634666443,
      "auc": 0.9337887932442207
    },
    "g15": {
      "accuracy": 0.5737704634666443,
      "auc": 0.9338044687992525
    },
    "g16": {
      "accuracy": 0.5737704634666443,
      "auc": 0.9338194884985086
    },
    "g17": {
      "accuracy": 0.5737704634666443,
      "auc": 0.9337784598955318
    },
    "g18": {
      "accuracy": 0.5737704634666443,
      "auc": 0.9337911602075345
    },
    "g19": {
      "accuracy": 0.5737704634666443,
      "auc": 0.933793760685194
    },
    "g20": {
      "accuracy": 0.5737704634666443,
      "auc": 0.9337912911010235
    },
    "g21": {
      "accuracy": 0.5737704634666443,
      "auc": 0.933786192855388
    },
    "g22": {
      "accuracy": 0.5737704634666443,
      "auc": 0.9337862582577191
    },
    "g23": {
      "accuracy": 0.5737704634666443,
      "auc": 0.9337912911010235
    },
    "mean_auc": 0.9337958445602065,
    "std_auc": 9.457233427353836e-06,
    "mean_accuracy": 0.5737704634666443,
    "std_accuracy": 0.0
  },
  "wall_time_s": 76.28123092651367,
  "epochs_run": 38,
  "peak_train_alloc_bytes": 1690033152,
  "peak_train_reserved_bytes": 2239758336,
  "gpu_name": "NVIDIA A100-SXM4-80GB",
  "cuda_total_memory_bytes": 85095874560,
  "git_sha": "5fb3903a1c11765c007a1686e1c9acd77b6024db",
  "argv": [
    "--model",
    "bispectrum",
    "--channels",
    "4",
    "8",
    "--head_dim",
    "64",
    "--train_mode",
    "R",
    "--seed",
    "101112",
    "--batch_size",
    "16",
    "--output_dir",
    "/home/johmathe/bispectrum/paper/experiments/normalized_results/organ3d/n_500",
    "--data_dir",
    "./organ3d_data",
    "--subset_dir",
    "/home/johmathe/bispectrum/paper/experiments/normalized_results/subsets",
    "--patience",
    "15",
    "--epochs",
    "100",
    "--train_size",
    "500"
  ]
}