{
  "dataset": "pcam",
  "model": "bispectrum",
  "group": "c8",
  "seed": 456,
  "train_mode": "R",
  "geometry_group": "c8",
  "growth_rate": 4,
  "n_params": 128345,
  "invariant_dim": 544,
  "train_size": 500,
  "train_examples": 500,
  "best_val_auc": 0.8770781246668773,
  "test": {
    "loss": 0.45453285053372383,
    "accuracy": 0.788299560546875,
    "auc": 0.8805447338025717
  },
  "test_c": {
    "loss": 0.45453285053372383,
    "accuracy": 0.788299560546875,
    "auc": 0.8805447338025717
  },
  "test_r": {
    "loss": 0.0,
    "accuracy": 0.7948074340820312,
    "auc": 0.8800573917024291
  },
  "rotation_robustness": {
    "g00": {
      "accuracy": 0.788299560546875,
      "auc": 0.8805447338025717
    },
    "g01": {
      "accuracy": 0.7998046875,
      "auc": 0.8793392706201384
    },
    "g02": {
      "accuracy": 0.790313720703125,
      "auc": 0.8808546742866897
    },
    "g03": {
      "accuracy": 0.7998046875,
      "auc": 0.8793376910967635
    },
    "g04": {
      "accuracy": 0.790313720703125,
      "auc": 0.8808526663548524
    },
    "g05": {
      "accuracy": 0.7998046875,
      "auc": 0.8793380599005705
    },
    "g06": {
      "accuracy": 0.790313720703125,
      "auc": 0.8808523683315741
    },
    "g07": {
      "accuracy": 0.7998046875,
      "auc": 0.8793396692262732
    },
    "mean_auc": 0.8800573917024291,
    "std_auc": 0.0007249001741602789,
    "mean_accuracy": 0.7948074340820312,
    "std_accuracy": 0.005035163411430552
  },
  "wall_time_s": 772.6112263202667,
  "epochs_run": 31,
  "peak_train_alloc_bytes": 15480596480,
  "peak_train_reserved_bytes": 18186502144,
  "gpu_name": "NVIDIA A100-SXM4-80GB",
  "cuda_total_memory_bytes": 85095874560,
  "git_sha": "5fb3903a1c11765c007a1686e1c9acd77b6024db",
  "argv": [
    "--model",
    "bispectrum",
    "--group",
    "c8",
    "--geometry_group",
    "c8",
    "--growth_rate",
    "4",
    "--train_mode",
    "R",
    "--seed",
    "456",
    "--batch_size",
    "128",
    "--output_dir",
    "/home/johmathe/bispectrum/paper/experiments/normalized_results/pcam/n_500",
    "--data_dir",
    "./pcam_data",
    "--subset_dir",
    "/home/johmathe/bispectrum/paper/experiments/normalized_results/subsets",
    "--patience",
    "10",
    "--epochs",
    "50",
    "--train_size",
    "500"
  ]
}