{
  "dataset": "organ3d",
  "model": "standard",
  "train_mode": "C",
  "seed": 42,
  "channels": [
    4,
    8
  ],
  "head_dim": 64,
  "n_params": 16071,
  "invariant_dim": 8,
  "raw_invariant_dim": 8,
  "projected_dim": 8,
  "train_size": 100,
  "train_examples": 100,
  "best_val_auc": 0.9504037839151785,
  "test": {
    "loss": 1.9136034355788933,
    "accuracy": 0.3295081853866577,
    "auc": 0.8769031279340596
  },
  "test_c": {
    "loss": 1.9136034355788933,
    "accuracy": 0.3295081853866577,
    "auc": 0.8769031279340596
  },
  "test_r": {
    "loss": 0.0,
    "accuracy": 0.2285519124319156,
    "auc": 0.7241972345819873
  },
  "rotation_robustness": {
    "g00": {
      "accuracy": 0.17868852615356445,
      "auc": 0.6577058238410998
    },
    "g01": {
      "accuracy": 0.2360655665397644,
      "auc": 0.7568079873293182
    },
    "g02": {
      "accuracy": 0.19180327653884888,
      "auc": 0.6716481707750992
    },
    "g03": {
      "accuracy": 0.25901639461517334,
      "auc": 0.7958259448329017
    },
    "g04": {
      "accuracy": 0.24426229298114777,
      "auc": 0.7285618229265015
    },
    "g05": {
      "accuracy": 0.19180327653884888,
      "auc": 0.646666378250153
    },
    "g06": {
      "accuracy": 0.2704918086528778,
      "auc": 0.7111830043213545
    },
    "g07": {
      "accuracy": 0.2573770582675934,
      "auc": 0.7172799782177887
    },
    "g08": {
      "accuracy": 0.19344262778759003,
      "auc": 0.7034407134660742
    },
    "g09": {
      "accuracy": 0.32131147384643555,
      "auc": 0.7806192545657258
    },
    "g10": {
      "accuracy": 0.18688525259494781,
      "auc": 0.6217851245468095
    },
    "g11": {
      "accuracy": 0.21311475336551666,
      "auc": 0.6974454613034436
    },
    "g12": {
      "accuracy": 0.16065573692321777,
      "auc": 0.6709305083547887
    },
    "g13": {
      "accuracy": 0.21967212855815887,
      "auc": 0.7643358078874155
    },
    "g14": {
      "accuracy": 0.19344262778759003,
      "auc": 0.6687922453443356
    },
    "g15": {
      "accuracy": 0.2262295037508011,
      "auc": 0.7433587690925217
    },
    "g16": {
      "accuracy": 0.24918033182621002,
      "auc": 0.7322791123745778
    },
    "g17": {
      "accuracy": 0.24754098057746887,
      "auc": 0.714224864849892
    },
    "g18": {
      "accuracy": 0.2573770582675934,
      "auc": 0.7182484587412744
    },
    "g19": {
      "accuracy": 0.2360655665397644,
      "auc": 0.7245019430478524
    },
    "g20": {
      "accuracy": 0.17868852615356445,
      "auc": 0.7253471851551669
    },
    "g21": {
      "accuracy": 0.2049180269241333,
      "auc": 0.7608131243117906
    },
    "g22": {
      "accuracy": 0.23770491778850555,
      "auc": 0.7920288184977479
    },
    "g23": {
      "accuracy": 0.3295081853866577,
      "auc": 0.8769031279340596
    },
    "mean_auc": 0.7241972345819873,
    "std_auc": 0.05469230360333603,
    "mean_accuracy": 0.2285519124319156,
    "std_accuracy": 0.0417038254793315
  }
}