{
  "dataset": "pcam",
  "model": "bispectrum",
  "group": "c8",
  "seed": 123,
  "train_mode": "R",
  "geometry_group": "c8",
  "growth_rate": 4,
  "n_params": 128345,
  "invariant_dim": 544,
  "train_size": 12500,
  "train_examples": 12500,
  "best_val_auc": 0.9572596601524336,
  "test": {
    "loss": 0.3342826060252264,
    "accuracy": 0.881744384765625,
    "auc": 0.941399198504391
  },
  "test_c": {
    "loss": 0.3342826060252264,
    "accuracy": 0.881744384765625,
    "auc": 0.941399198504391
  },
  "test_r": {
    "loss": 0.0,
    "accuracy": 0.8760223388671875,
    "auc": 0.9353402315887487
  },
  "rotation_robustness": {
    "g00": {
      "accuracy": 0.881744384765625,
      "auc": 0.941399198504391
    },
    "g01": {
      "accuracy": 0.87005615234375,
      "auc": 0.9293478039579183
    },
    "g02": {
      "accuracy": 0.882110595703125,
      "auc": 0.9413094487941377
    },
    "g03": {
      "accuracy": 0.87005615234375,
      "auc": 0.9293282461802813
    },
    "g04": {
      "accuracy": 0.882049560546875,
      "auc": 0.9413078878972176
    },
    "g05": {
      "accuracy": 0.87005615234375,
      "auc": 0.9293474239782384
    },
    "g06": {
      "accuracy": 0.882049560546875,
      "auc": 0.9413085882519217
    },
    "g07": {
      "accuracy": 0.87005615234375,
      "auc": 0.9293732551458832
    },
    "mean_auc": 0.9353402315887487,
    "std_auc": 0.0059911241181588425,
    "mean_accuracy": 0.8760223388671875,
    "std_accuracy": 0.005967045012463708
  }
}