{
  "dataset": "pcam",
  "model": "bispectrum",
  "group": "c8",
  "seed": 456,
  "train_mode": "R",
  "geometry_group": "c8",
  "growth_rate": 4,
  "n_params": 128345,
  "invariant_dim": 544,
  "train_size": 100,
  "train_examples": 100,
  "best_val_auc": 0.8514510340112547,
  "test": {
    "loss": 0.6285413946025074,
    "accuracy": 0.725433349609375,
    "auc": 0.8002523676021621
  },
  "test_c": {
    "loss": 0.6285413946025074,
    "accuracy": 0.725433349609375,
    "auc": 0.8002523676021621
  },
  "test_r": {
    "loss": 0.0,
    "accuracy": 0.7175483703613281,
    "auc": 0.7943212885288266
  },
  "rotation_robustness": {
    "g00": {
      "accuracy": 0.725433349609375,
      "auc": 0.8002523676021621
    },
    "g01": {
      "accuracy": 0.7095947265625,
      "auc": 0.788495043800239
    },
    "g02": {
      "accuracy": 0.72552490234375,
      "auc": 0.8001136824696155
    },
    "g03": {
      "accuracy": 0.7095947265625,
      "auc": 0.7884877981092859
    },
    "g04": {
      "accuracy": 0.72552490234375,
      "auc": 0.8001262553266678
    },
    "g05": {
      "accuracy": 0.7095947265625,
      "auc": 0.7884929986154919
    },
    "g06": {
      "accuracy": 0.72552490234375,
      "auc": 0.8001139655917299
    },
    "g07": {
      "accuracy": 0.7095947265625,
      "auc": 0.7884881967154206
    },
    "mean_auc": 0.7943212885288266,
    "std_auc": 0.005830425961586557,
    "mean_accuracy": 0.7175483703613281,
    "std_accuracy": 0.007953693197632117
  },
  "wall_time_s": 633.7153341770172,
  "epochs_run": 26,
  "peak_train_alloc_bytes": 12106724352,
  "peak_train_reserved_bytes": 15214837760,
  "gpu_name": "NVIDIA A100-SXM4-80GB",
  "cuda_total_memory_bytes": 85095874560,
  "git_sha": "5fb3903a1c11765c007a1686e1c9acd77b6024db",
  "argv": [
    "--model",
    "bispectrum",
    "--group",
    "c8",
    "--geometry_group",
    "c8",
    "--growth_rate",
    "4",
    "--train_mode",
    "R",
    "--seed",
    "456",
    "--batch_size",
    "128",
    "--output_dir",
    "/home/johmathe/bispectrum/paper/experiments/normalized_results/pcam/n_100",
    "--data_dir",
    "./pcam_data",
    "--subset_dir",
    "/home/johmathe/bispectrum/paper/experiments/normalized_results/subsets",
    "--patience",
    "10",
    "--epochs",
    "50",
    "--train_size",
    "100"
  ]
}