{
  "dataset": "pcam",
  "model": "gate",
  "group": "c8",
  "seed": 789,
  "train_mode": "C",
  "geometry_group": "c8",
  "growth_rate": 3,
  "n_params": 135682,
  "invariant_dim": 27,
  "train_size": 12500,
  "train_examples": 12500,
  "best_val_auc": 0.9489575010368143,
  "test": {
    "loss": 0.3272875969414599,
    "accuracy": 0.850677490234375,
    "auc": 0.9401695507329255
  },
  "test_c": {
    "loss": 0.3272875969414599,
    "accuracy": 0.850677490234375,
    "auc": 0.9401695507329255
  },
  "test_r": {
    "loss": 0.0,
    "accuracy": 0.8422203063964844,
    "auc": 0.9282413739108567
  },
  "rotation_robustness": {
    "g00": {
      "accuracy": 0.850677490234375,
      "auc": 0.9401695507329255
    },
    "g01": {
      "accuracy": 0.833343505859375,
      "auc": 0.9162465330067281
    },
    "g02": {
      "accuracy": 0.8511962890625,
      "auc": 0.9402590694751382
    },
    "g03": {
      "accuracy": 0.8333740234375,
      "auc": 0.9162459481360445
    },
    "g04": {
      "accuracy": 0.8511962890625,
      "auc": 0.9402587118472042
    },
    "g05": {
      "accuracy": 0.8333740234375,
      "auc": 0.9162471961085223
    },
    "g06": {
      "accuracy": 0.851226806640625,
      "auc": 0.9402566405854202
    },
    "g07": {
      "accuracy": 0.8333740234375,
      "auc": 0.9162473413948704
    },
    "mean_auc": 0.9282413739108567,
    "std_auc": 0.011994649944321404,
    "mean_accuracy": 0.8422203063964844,
    "std_accuracy": 0.008855402934816736
  },
  "wall_time_s": 2150.256766796112,
  "epochs_run": 36,
  "peak_train_alloc_bytes": 19904561152,
  "peak_train_reserved_bytes": 24033361920,
  "gpu_name": "NVIDIA A100-SXM4-80GB",
  "cuda_total_memory_bytes": 85095874560,
  "git_sha": "4f6f1351fe12ab869087e096175e97d4ada5c7e0",
  "argv": [
    "--model",
    "gate",
    "--group",
    "c8",
    "--geometry_group",
    "c8",
    "--growth_rate",
    "3",
    "--train_mode",
    "C",
    "--seed",
    "789",
    "--batch_size",
    "128",
    "--output_dir",
    "/home/johmathe/bispectrum/paper/experiments/normalized_results/pcam/n_12500",
    "--data_dir",
    "./pcam_data",
    "--subset_dir",
    "/home/johmathe/bispectrum/paper/experiments/normalized_results/subsets",
    "--patience",
    "10",
    "--epochs",
    "50",
    "--train_size",
    "12500"
  ]
}