{
  "dataset": "spherical_mnist",
  "model": "bispectrum",
  "base_model": "bispectrum",
  "train_mode": "R",
  "test_rotation_seed": 777,
  "seed": 42,
  "lmax": 15,
  "n_params": 231818,
  "invariant_dim": 768,
  "train_size": 2500,
  "train_examples": 2500,
  "best_val_accuracy": 0.8915,
  "test_c": {
    "loss": 0.3676668663978577,
    "accuracy": 0.8837
  },
  "test": {
    "loss": 0.3676668663978577,
    "accuracy": 0.8837
  },
  "test_nr": {
    "loss": 0.3676668663978577,
    "accuracy": 0.8837
  },
  "test_r": {
    "loss": 0.36794309902191163,
    "accuracy": 0.8835
  },
  "rotation_robustness": {
    "rot_00": 0.8833,
    "rot_01": 0.8836,
    "rot_02": 0.8836,
    "rot_03": 0.8837,
    "rot_04": 0.8834,
    "rot_05": 0.8834,
    "rot_06": 0.8837,
    "rot_07": 0.8835,
    "rot_08": 0.8834,
    "rot_09": 0.8834,
    "mean_accuracy": 0.8835000000000001,
    "std_accuracy": 0.00013416407865002224
  }
}