{
  "dataset": "pcam",
  "model": "bispectrum",
  "group": "c8",
  "seed": 42,
  "train_mode": "C",
  "geometry_group": "c8",
  "growth_rate": 4,
  "n_params": 128345,
  "invariant_dim": 544,
  "train_size": null,
  "train_examples": 262144,
  "best_val_auc": 0.9680094190020833,
  "test": {
    "loss": 0.31586920763948,
    "accuracy": 0.889404296875,
    "auc": 0.9544137074286925
  },
  "test_c": {
    "loss": 0.31586920763948,
    "accuracy": 0.889404296875,
    "auc": 0.9544137074286925
  },
  "test_r": {
    "loss": 0.0,
    "accuracy": 0.8806114196777344,
    "auc": 0.9493397707777051
  },
  "rotation_robustness": {
    "g00": {
      "accuracy": 0.889404296875,
      "auc": 0.9544137074286925
    },
    "g01": {
      "accuracy": 0.871246337890625,
      "auc": 0.9441459933785858
    },
    "g02": {
      "accuracy": 0.890167236328125,
      "auc": 0.9545228845313987
    },
    "g03": {
      "accuracy": 0.8712158203125,
      "auc": 0.9441580409696102
    },
    "g04": {
      "accuracy": 0.890167236328125,
      "auc": 0.9545201576184024
    },
    "g05": {
      "accuracy": 0.871307373046875,
      "auc": 0.9441569084811527
    },
    "g06": {
      "accuracy": 0.890167236328125,
      "auc": 0.9545182055659297
    },
    "g07": {
      "accuracy": 0.8712158203125,
      "auc": 0.9442822682478694
    },
    "mean_auc": 0.9493397707777051,
    "std_auc": 0.005154223230724778,
    "mean_accuracy": 0.8806114196777344,
    "std_accuracy": 0.009368032080073438
  }
}