{
  "dataset": "pcam",
  "model": "gate",
  "group": "c8",
  "seed": 42,
  "train_mode": "R",
  "geometry_group": "c8",
  "growth_rate": 3,
  "n_params": 135682,
  "invariant_dim": 27,
  "train_size": 500,
  "train_examples": 500,
  "best_val_auc": 0.8581610697740343,
  "test": {
    "loss": 0.5220857795793563,
    "accuracy": 0.74969482421875,
    "auc": 0.839107700125416
  },
  "test_c": {
    "loss": 0.5220857795793563,
    "accuracy": 0.74969482421875,
    "auc": 0.839107700125416
  },
  "test_r": {
    "loss": 0.0,
    "accuracy": 0.7435226440429688,
    "auc": 0.8319680183806751
  },
  "rotation_robustness": {
    "g00": {
      "accuracy": 0.74969482421875,
      "auc": 0.839107700125416
    },
    "g01": {
      "accuracy": 0.735931396484375,
      "auc": 0.824903173075078
    },
    "g02": {
      "accuracy": 0.7515869140625,
      "auc": 0.8390131075368906
    },
    "g03": {
      "accuracy": 0.735931396484375,
      "auc": 0.8248982892186052
    },
    "g04": {
      "accuracy": 0.7515869140625,
      "auc": 0.8390111964626187
    },
    "g05": {
      "accuracy": 0.735931396484375,
      "auc": 0.8249007665371059
    },
    "g06": {
      "accuracy": 0.7515869140625,
      "auc": 0.8390109021646314
    },
    "g07": {
      "accuracy": 0.735931396484375,
      "auc": 0.824899011925055
    },
    "mean_auc": 0.8319680183806751,
    "std_auc": 0.007067769420320739,
    "mean_accuracy": 0.7435226440429688,
    "std_accuracy": 0.007613321539819701
  }
}