{
  "dataset": "pcam",
  "model": "norm",
  "group": "c8",
  "seed": 42,
  "train_mode": "C",
  "geometry_group": "c8",
  "growth_rate": 4,
  "n_params": 110093,
  "invariant_dim": 34,
  "train_size": 12500,
  "train_examples": 12500,
  "best_val_auc": 0.9232633364731472,
  "test": {
    "loss": 0.37334873736836016,
    "accuracy": 0.828643798828125,
    "auc": 0.9141897290769843
  },
  "test_c": {
    "loss": 0.37334873736836016,
    "accuracy": 0.828643798828125,
    "auc": 0.9141897290769843
  },
  "test_r": {
    "loss": 0.0,
    "accuracy": 0.6884307861328125,
    "auc": 0.8937179615429793
  },
  "rotation_robustness": {
    "g00": {
      "accuracy": 0.828643798828125,
      "auc": 0.9141897290769843
    },
    "g01": {
      "accuracy": 0.549163818359375,
      "auc": 0.8737128369954564
    },
    "g02": {
      "accuracy": 0.827392578125,
      "auc": 0.9135166770306125
    },
    "g03": {
      "accuracy": 0.549163818359375,
      "auc": 0.8739337243987341
    },
    "g04": {
      "accuracy": 0.827392578125,
      "auc": 0.9135159953023634
    },
    "g05": {
      "accuracy": 0.549163818359375,
      "auc": 0.8736933425477661
    },
    "g06": {
      "accuracy": 0.827362060546875,
      "auc": 0.9135149373197254
    },
    "g07": {
      "accuracy": 0.549163818359375,
      "auc": 0.8736664496721924
    },
    "mean_auc": 0.8937179615429793,
    "std_auc": 0.019967581016859446,
    "mean_accuracy": 0.6884307861328125,
    "std_accuracy": 0.1392675035938042
  }
}