{
  "dataset": "pcam",
  "model": "norm",
  "group": "c8",
  "seed": 123,
  "train_mode": "C",
  "geometry_group": "c8",
  "growth_rate": 4,
  "n_params": 110093,
  "invariant_dim": 34,
  "train_size": 12500,
  "train_examples": 12500,
  "best_val_auc": 0.9077228242070803,
  "test": {
    "loss": 0.4506547950441018,
    "accuracy": 0.787445068359375,
    "auc": 0.882546604591547
  },
  "test_c": {
    "loss": 0.4506547950441018,
    "accuracy": 0.787445068359375,
    "auc": 0.882546604591547
  },
  "test_r": {
    "loss": 0.0,
    "accuracy": 0.7435455322265625,
    "auc": 0.8706006446273311
  },
  "rotation_robustness": {
    "g00": {
      "accuracy": 0.787445068359375,
      "auc": 0.882546604591547
    },
    "g01": {
      "accuracy": 0.699493408203125,
      "auc": 0.858686190380243
    },
    "g02": {
      "accuracy": 0.78765869140625,
      "auc": 0.8825037302176758
    },
    "g03": {
      "accuracy": 0.699493408203125,
      "auc": 0.8586848828031095
    },
    "g04": {
      "accuracy": 0.78765869140625,
      "auc": 0.8825040505927
    },
    "g05": {
      "accuracy": 0.699493408203125,
      "auc": 0.8586853335633179
    },
    "g06": {
      "accuracy": 0.787628173828125,
      "auc": 0.8825037823717495
    },
    "g07": {
      "accuracy": 0.699493408203125,
      "auc": 0.8586905824983065
    },
    "mean_auc": 0.8706006446273311,
    "std_auc": 0.011913904614481208,
    "mean_accuracy": 0.7435455322265625,
    "std_accuracy": 0.04405216894884134
  }
}