{
  "dataset": "organ3d",
  "model": "max_pool",
  "train_mode": "R",
  "seed": 42,
  "channels": [
    4,
    8
  ],
  "head_dim": 64,
  "n_params": 374423,
  "invariant_dim": 8,
  "raw_invariant_dim": 8,
  "projected_dim": 8,
  "train_size": 100,
  "train_examples": 100,
  "best_val_auc": 0.8259740119794298,
  "test": {
    "loss": 1.972705078125,
    "accuracy": 0.20327869057655334,
    "auc": 0.7968168842749919
  },
  "test_c": {
    "loss": 1.972705078125,
    "accuracy": 0.20327869057655334,
    "auc": 0.7968168842749919
  },
  "test_r": {
    "loss": 0.0,
    "accuracy": 0.20327869057655334,
    "auc": 0.7968155423930755
  },
  "rotation_robustness": {
    "g00": {
      "accuracy": 0.20327869057655334,
      "auc": 0.7968118732129924
    },
    "g01": {
      "accuracy": 0.20327869057655334,
      "auc": 0.7968142213769656
    },
    "g02": {
      "accuracy": 0.20327869057655334,
      "auc": 0.7968119169228451
    },
    "g03": {
      "accuracy": 0.20327869057655334,
      "auc": 0.7968240936608919
    },
    "g04": {
      "accuracy": 0.20327869057655334,
      "auc": 0.7968094815752359
    },
    "g05": {
      "accuracy": 0.20327869057655334,
      "auc": 0.7968192229656732
    },
    "g06": {
      "accuracy": 0.20327869057655334,
      "auc": 0.796816787618064
    },
    "g07": {
      "accuracy": 0.20327869057655334,
      "auc": 0.7968192229656732
    },
    "g08": {
      "accuracy": 0.20327869057655334,
      "auc": 0.7968240936608919
    },
    "g09": {
      "accuracy": 0.20327869057655334,
      "auc": 0.7968192229656732
    },
    "g10": {
      "accuracy": 0.20327869057655334,
      "auc": 0.7968217549702105
    },
    "g11": {
      "accuracy": 0.20327869057655334,
      "auc": 0.7968216583132826
    },
    "g12": {
      "accuracy": 0.20327869057655334,
      "auc": 0.7968266256654293
    },
    "g13": {
      "accuracy": 0.20327869057655334,
      "auc": 0.7968141776671128
    },
    "g14": {
      "accuracy": 0.20327869057655334,
      "auc": 0.796816840565139
    },
    "g15": {
      "accuracy": 0.20327869057655334,
      "auc": 0.7968070025177737
    },
    "g16": {
      "accuracy": 0.20327869057655334,
      "auc": 0.7968240936608919
    },
    "g17": {
      "accuracy": 0.20327869057655334,
      "auc": 0.796794563992749
    },
    "g18": {
      "accuracy": 0.20327869057655334,
      "auc": 0.796816787618064
    },
    "g19": {
      "accuracy": 0.20327869057655334,
      "auc": 0.796816787618064
    },
    "g20": {
      "accuracy": 0.20327869057655334,
      "auc": 0.7968117423195035
    },
    "g21": {
      "accuracy": 0.20327869057655334,
      "auc": 0.7968070025177738
    },
    "g22": {
      "accuracy": 0.20327869057655334,
      "auc": 0.796806958807921
    },
    "g23": {
      "accuracy": 0.20327869057655334,
      "auc": 0.7968168842749919
    },
    "mean_auc": 0.7968155423930755,
    "std_auc": 7.094623158247749e-06,
    "mean_accuracy": 0.20327869057655334,
    "std_accuracy": 0.0
  }
}