{
  "dataset": "pcam",
  "model": "fourier_elu",
  "group": "c8",
  "seed": 123,
  "train_mode": "C",
  "geometry_group": "c8",
  "growth_rate": 4,
  "n_params": 109815,
  "invariant_dim": 34,
  "train_size": 2500,
  "train_examples": 2500,
  "best_val_auc": 0.8927119033790315,
  "test": {
    "loss": 0.4567530220374465,
    "accuracy": 0.79425048828125,
    "auc": 0.8775690570506595
  },
  "test_c": {
    "loss": 0.4567530220374465,
    "accuracy": 0.79425048828125,
    "auc": 0.8775690570506595
  },
  "test_r": {
    "loss": 0.0,
    "accuracy": 0.7989616394042969,
    "auc": 0.8765860165570483
  },
  "rotation_robustness": {
    "g00": {
      "accuracy": 0.79425048828125,
      "auc": 0.8775690570506595
    },
    "g01": {
      "accuracy": 0.80218505859375,
      "auc": 0.875267825603945
    },
    "g02": {
      "accuracy": 0.796234130859375,
      "auc": 0.8780165017500839
    },
    "g03": {
      "accuracy": 0.80218505859375,
      "auc": 0.875266782522471
    },
    "g04": {
      "accuracy": 0.796234130859375,
      "auc": 0.87801682957569
    },
    "g05": {
      "accuracy": 0.80218505859375,
      "auc": 0.8752692933685905
    },
    "g06": {
      "accuracy": 0.796234130859375,
      "auc": 0.878015808845962
    },
    "g07": {
      "accuracy": 0.80218505859375,
      "auc": 0.8752660337389844
    },
    "mean_auc": 0.8765860165570483,
    "std_auc": 0.0013256276251818464,
    "mean_accuracy": 0.7989616394042969,
    "std_accuracy": 0.003280140594848602
  }
}