{
  "dataset": "spherical_mnist",
  "model": "bispectrum",
  "base_model": "bispectrum",
  "train_mode": "R",
  "test_rotation_seed": 777,
  "seed": 42,
  "lmax": 15,
  "n_params": 231818,
  "invariant_dim": 768,
  "train_size": 500,
  "train_examples": 500,
  "best_val_accuracy": 0.164,
  "test_c": {
    "loss": 2.3085234375,
    "accuracy": 0.1744
  },
  "test": {
    "loss": 2.3085234375,
    "accuracy": 0.1744
  },
  "test_nr": {
    "loss": 2.3085234375,
    "accuracy": 0.1744
  },
  "test_r": {
    "loss": 2.308594140625,
    "accuracy": 0.1744
  },
  "rotation_robustness": {
    "rot_00": 0.1745,
    "rot_01": 0.1744,
    "rot_02": 0.1745,
    "rot_03": 0.1743,
    "rot_04": 0.1744,
    "rot_05": 0.1743,
    "rot_06": 0.1745,
    "rot_07": 0.1744,
    "rot_08": 0.1744,
    "rot_09": 0.1743,
    "mean_accuracy": 0.1744,
    "std_accuracy": 7.745966692413979e-05
  }
}