{
  "dataset": "spherical_mnist",
  "model": "power_spectrum_matched",
  "base_model": "power_spectrum",
  "train_mode": "C",
  "test_rotation_seed": 777,
  "seed": 123,
  "lmax": 15,
  "n_params": 231906,
  "invariant_dim": 16,
  "train_size": 500,
  "train_examples": 500,
  "best_val_accuracy": 0.1915,
  "test_c": {
    "loss": 2.2894796875,
    "accuracy": 0.1803
  },
  "test": {
    "loss": 2.2894796875,
    "accuracy": 0.1803
  },
  "test_nr": {
    "loss": 2.2894796875,
    "accuracy": 0.1803
  },
  "test_r": {
    "loss": 2.289565234375,
    "accuracy": 0.1798
  },
  "rotation_robustness": {
    "rot_00": 0.1797,
    "rot_01": 0.1796,
    "rot_02": 0.1796,
    "rot_03": 0.1796,
    "rot_04": 0.1796,
    "rot_05": 0.1795,
    "rot_06": 0.1796,
    "rot_07": 0.1797,
    "rot_08": 0.1798,
    "rot_09": 0.1797,
    "mean_accuracy": 0.17964,
    "std_accuracy": 7.999999999999605e-05
  }
}