{
  "dataset": "pcam",
  "model": "fourier_elu",
  "group": "c8",
  "seed": 789,
  "train_mode": "C",
  "geometry_group": "c8",
  "growth_rate": 4,
  "n_params": 109815,
  "invariant_dim": 34,
  "train_size": 100,
  "train_examples": 100,
  "best_val_auc": 0.8502164419691989,
  "test": {
    "loss": 0.5172745285090059,
    "accuracy": 0.741485595703125,
    "auc": 0.8247301072320911
  },
  "test_c": {
    "loss": 0.5172745285090059,
    "accuracy": 0.741485595703125,
    "auc": 0.8247301072320911
  },
  "test_r": {
    "loss": 0.0,
    "accuracy": 0.7272987365722656,
    "auc": 0.8156113716399566
  },
  "rotation_robustness": {
    "g00": {
      "accuracy": 0.741485595703125,
      "auc": 0.8247301072320911
    },
    "g01": {
      "accuracy": 0.713592529296875,
      "auc": 0.8067317699263122
    },
    "g02": {
      "accuracy": 0.7408447265625,
      "auc": 0.824414981142931
    },
    "g03": {
      "accuracy": 0.713592529296875,
      "auc": 0.806728696561255
    },
    "g04": {
      "accuracy": 0.7408447265625,
      "auc": 0.8244139902155307
    },
    "g05": {
      "accuracy": 0.713592529296875,
      "auc": 0.8067277466120555
    },
    "g06": {
      "accuracy": 0.7408447265625,
      "auc": 0.8244143143158458
    },
    "g07": {
      "accuracy": 0.713592529296875,
      "auc": 0.8067293671136312
    },
    "mean_auc": 0.8156113716399566,
    "std_auc": 0.008882502559885031,
    "mean_accuracy": 0.7272987365722656,
    "std_accuracy": 0.013707611835898519
  },
  "wall_time_s": 1704.9993224143982,
  "epochs_run": 26,
  "peak_train_alloc_bytes": 21284495872,
  "peak_train_reserved_bytes": 27646754816,
  "gpu_name": "NVIDIA A100-SXM4-80GB",
  "cuda_total_memory_bytes": 85095874560,
  "git_sha": "5fb3903a1c11765c007a1686e1c9acd77b6024db",
  "argv": [
    "--model",
    "fourier_elu",
    "--group",
    "c8",
    "--geometry_group",
    "c8",
    "--growth_rate",
    "4",
    "--train_mode",
    "C",
    "--seed",
    "789",
    "--batch_size",
    "64",
    "--output_dir",
    "/home/johmathe/bispectrum/paper/experiments/normalized_results/pcam/n_100",
    "--data_dir",
    "./pcam_data",
    "--subset_dir",
    "/home/johmathe/bispectrum/paper/experiments/normalized_results/subsets",
    "--patience",
    "10",
    "--epochs",
    "50",
    "--train_size",
    "100"
  ]
}