{
  "dataset": "pcam",
  "model": "norm",
  "group": "c8",
  "seed": 123,
  "train_mode": "R",
  "geometry_group": "c8",
  "growth_rate": 4,
  "n_params": 110093,
  "invariant_dim": 34,
  "train_size": 12500,
  "train_examples": 12500,
  "best_val_auc": 0.9367249301191765,
  "test": {
    "loss": 0.4250949739362113,
    "accuracy": 0.79339599609375,
    "auc": 0.9136614492886179
  },
  "test_c": {
    "loss": 0.4250949739362113,
    "accuracy": 0.79339599609375,
    "auc": 0.9136614492886179
  },
  "test_r": {
    "loss": 0.0,
    "accuracy": 0.7861709594726562,
    "auc": 0.9112078175849582
  },
  "rotation_robustness": {
    "g00": {
      "accuracy": 0.79339599609375,
      "auc": 0.9136614492886179
    },
    "g01": {
      "accuracy": 0.77825927734375,
      "auc": 0.9085678999119516
    },
    "g02": {
      "accuracy": 0.79425048828125,
      "auc": 0.9139094568102187
    },
    "g03": {
      "accuracy": 0.7783203125,
      "auc": 0.908569043576282
    },
    "g04": {
      "accuracy": 0.79425048828125,
      "auc": 0.9139077357257868
    },
    "g05": {
      "accuracy": 0.7783203125,
      "auc": 0.9085689318175527
    },
    "g06": {
      "accuracy": 0.79425048828125,
      "auc": 0.9139078959132988
    },
    "g07": {
      "accuracy": 0.7783203125,
      "auc": 0.9085701276359568
    },
    "mean_auc": 0.9112078175849582,
    "std_auc": 0.0026398997125036765,
    "mean_accuracy": 0.7861709594726562,
    "std_accuracy": 0.007870277943468068
  }
}