{
  "dataset": "pcam",
  "model": "fourier_elu",
  "group": "c8",
  "seed": 456,
  "train_mode": "C",
  "geometry_group": "c8",
  "growth_rate": 4,
  "n_params": 109815,
  "invariant_dim": 34,
  "train_size": 500,
  "train_examples": 500,
  "best_val_auc": 0.88309084883124,
  "test": {
    "loss": 0.47196815302595496,
    "accuracy": 0.7822265625,
    "auc": 0.8590597439331094
  },
  "test_c": {
    "loss": 0.47196815302595496,
    "accuracy": 0.7822265625,
    "auc": 0.8590597439331094
  },
  "test_r": {
    "loss": 0.0,
    "accuracy": 0.7770195007324219,
    "auc": 0.8550517406222794
  },
  "rotation_robustness": {
    "g00": {
      "accuracy": 0.7822265625,
      "auc": 0.8590597439331094
    },
    "g01": {
      "accuracy": 0.7708740234375,
      "auc": 0.8508452351816614
    },
    "g02": {
      "accuracy": 0.783477783203125,
      "auc": 0.859326314579656
    },
    "g03": {
      "accuracy": 0.7708740234375,
      "auc": 0.8508434991960654
    },
    "g04": {
      "accuracy": 0.783477783203125,
      "auc": 0.8593258265665379
    },
    "g05": {
      "accuracy": 0.7708740234375,
      "auc": 0.8508446465856868
    },
    "g06": {
      "accuracy": 0.783477783203125,
      "auc": 0.8593248617161744
    },
    "g07": {
      "accuracy": 0.7708740234375,
      "auc": 0.8508437972193437
    },
    "mean_auc": 0.8550517406222794,
    "std_auc": 0.004208233884853005,
    "mean_accuracy": 0.7770195007324219,
    "std_accuracy": 0.0061574070678649786
  },
  "wall_time_s": 2637.912012577057,
  "epochs_run": 39,
  "peak_train_alloc_bytes": 21284495872,
  "peak_train_reserved_bytes": 27646754816,
  "gpu_name": "NVIDIA A100-SXM4-80GB",
  "cuda_total_memory_bytes": 85095874560,
  "git_sha": "5fb3903a1c11765c007a1686e1c9acd77b6024db",
  "argv": [
    "--model",
    "fourier_elu",
    "--group",
    "c8",
    "--geometry_group",
    "c8",
    "--growth_rate",
    "4",
    "--train_mode",
    "C",
    "--seed",
    "456",
    "--batch_size",
    "64",
    "--output_dir",
    "/home/johmathe/bispectrum/paper/experiments/normalized_results/pcam/n_500",
    "--data_dir",
    "./pcam_data",
    "--subset_dir",
    "/home/johmathe/bispectrum/paper/experiments/normalized_results/subsets",
    "--patience",
    "10",
    "--epochs",
    "50",
    "--train_size",
    "500"
  ]
}