{
  "dataset": "organ3d",
  "model": "standard",
  "train_mode": "C",
  "seed": 101112,
  "channels": [
    4,
    8
  ],
  "head_dim": 64,
  "n_params": 16071,
  "invariant_dim": 8,
  "raw_invariant_dim": 8,
  "projected_dim": 8,
  "train_size": 500,
  "train_examples": 500,
  "best_val_auc": 0.9955299807357494,
  "test": {
    "loss": 0.9720851210297131,
    "accuracy": 0.77704918384552,
    "auc": 0.980345219968851
  },
  "test_c": {
    "loss": 0.9720851210297131,
    "accuracy": 0.77704918384552,
    "auc": 0.980345219968851
  },
  "test_r": {
    "loss": 0.0,
    "accuracy": 0.36810109329720336,
    "auc": 0.8171073229551641
  },
  "rotation_robustness": {
    "g00": {
      "accuracy": 0.3852458894252777,
      "auc": 0.861312915644718
    },
    "g01": {
      "accuracy": 0.35245901346206665,
      "auc": 0.8443985163317204
    },
    "g02": {
      "accuracy": 0.30000001192092896,
      "auc": 0.7963905697318219
    },
    "g03": {
      "accuracy": 0.4163934290409088,
      "auc": 0.8733050491014981
    },
    "g04": {
      "accuracy": 0.38032788038253784,
      "auc": 0.8403296316585656
    },
    "g05": {
      "accuracy": 0.2704918086528778,
      "auc": 0.7463709159957458
    },
    "g06": {
      "accuracy": 0.25081968307495117,
      "auc": 0.7210120526677439
    },
    "g07": {
      "accuracy": 0.4852459132671356,
      "auc": 0.8919575269650367
    },
    "g08": {
      "accuracy": 0.25573769211769104,
      "auc": 0.799987058265101
    },
    "g09": {
      "accuracy": 0.2950819730758667,
      "auc": 0.7878846210368798
    },
    "g10": {
      "accuracy": 0.20983606576919556,
      "auc": 0.7517524938870984
    },
    "g11": {
      "accuracy": 0.3295081853866577,
      "auc": 0.8008439418821394
    },
    "g12": {
      "accuracy": 0.2672131061553955,
      "auc": 0.7798895348214857
    },
    "g13": {
      "accuracy": 0.2606557309627533,
      "auc": 0.7527385791024113
    },
    "g14": {
      "accuracy": 0.2426229566335678,
      "auc": 0.761140219799437
    },
    "g15": {
      "accuracy": 0.28360655903816223,
      "auc": 0.7619970660954857
    },
    "g16": {
      "accuracy": 0.44426229596138,
      "auc": 0.8868096056047361
    },
    "g17": {
      "accuracy": 0.30000001192092896,
      "auc": 0.7514493814433961
    },
    "g18": {
      "accuracy": 0.2704918086528778,
      "auc": 0.7154039329491163
    },
    "g19": {
      "accuracy": 0.3786885142326355,
      "auc": 0.8267293243939655
    },
    "g20": {
      "accuracy": 0.6065573692321777,
      "auc": 0.9268442318042855
    },
    "g21": {
      "accuracy": 0.5098360776901245,
      "auc": 0.8635336184028528
    },
    "g22": {
      "accuracy": 0.5622950792312622,
      "auc": 0.8881497433698456
    },
    "g23": {
      "accuracy": 0.77704918384552,
      "auc": 0.980345219968851
    },
    "mean_auc": 0.8171073229551641,
    "std_auc": 0.067559732949077,
    "mean_accuracy": 0.36810109329720336,
    "std_accuracy": 0.13474404238655546
  },
  "wall_time_s": 19.11945867538452,
  "epochs_run": 72,
  "peak_train_alloc_bytes": 199376896,
  "peak_train_reserved_bytes": 304087040,
  "gpu_name": "NVIDIA A100-SXM4-80GB",
  "cuda_total_memory_bytes": 85095874560,
  "git_sha": "5fb3903a1c11765c007a1686e1c9acd77b6024db",
  "argv": [
    "--model",
    "standard",
    "--channels",
    "4",
    "8",
    "--head_dim",
    "64",
    "--train_mode",
    "C",
    "--seed",
    "101112",
    "--batch_size",
    "64",
    "--output_dir",
    "/home/johmathe/bispectrum/paper/experiments/normalized_results/organ3d/n_500",
    "--data_dir",
    "./organ3d_data",
    "--subset_dir",
    "/home/johmathe/bispectrum/paper/experiments/normalized_results/subsets",
    "--patience",
    "15",
    "--epochs",
    "100",
    "--train_size",
    "500"
  ]
}