{
  "dataset": "organ3d",
  "model": "bispectrum",
  "train_mode": "R",
  "seed": 789,
  "channels": [
    4,
    8
  ],
  "head_dim": 64,
  "n_params": 463167,
  "invariant_dim": 64,
  "raw_invariant_dim": 1376,
  "projected_dim": 64,
  "train_size": null,
  "train_examples": 971,
  "best_val_auc": 0.9814693951706764,
  "test": {
    "loss": 0.9233935621918224,
    "accuracy": 0.6000000238418579,
    "auc": 0.9560197530337727
  },
  "test_c": {
    "loss": 0.9233935621918224,
    "accuracy": 0.6000000238418579,
    "auc": 0.9560197530337727
  },
  "test_r": {
    "loss": 0.0,
    "accuracy": 0.5995218753814697,
    "auc": 0.9559943315771232
  },
  "rotation_robustness": {
    "g00": {
      "accuracy": 0.6000000238418579,
      "auc": 0.9560020198784656
    },
    "g01": {
      "accuracy": 0.5983606576919556,
      "auc": 0.9559871648051722
    },
    "g02": {
      "accuracy": 0.6000000238418579,
      "auc": 0.9559920355003908
    },
    "g03": {
      "accuracy": 0.6000000238418579,
      "auc": 0.9559947013803815
    },
    "g04": {
      "accuracy": 0.6000000238418579,
      "auc": 0.956012381499787
    },
    "g05": {
      "accuracy": 0.5983606576919556,
      "auc": 0.956004704557797
    },
    "g06": {
      "accuracy": 0.5983606576919556,
      "auc": 0.9559585559278794
    },
    "g07": {
      "accuracy": 0.5983606576919556,
      "auc": 0.9559794348272803
    },
    "g08": {
      "accuracy": 0.6000000238418579,
      "auc": 0.9560120230558808
    },
    "g09": {
      "accuracy": 0.6000000238418579,
      "auc": 0.955999484891964
    },
    "g10": {
      "accuracy": 0.5983606576919556,
      "auc": 0.9559917861686689
    },
    "g11": {
      "accuracy": 0.6000000238418579,
      "auc": 0.9560068658992417
    },
    "g12": {
      "accuracy": 0.6000000238418579,
      "auc": 0.9559867845799612
    },
    "g13": {
      "accuracy": 0.6000000238418579,
      "auc": 0.9559916552751798
    },
    "g14": {
      "accuracy": 0.6000000238418579,
      "auc": 0.955997236366883
    },
    "g15": {
      "accuracy": 0.6000000238418579,
      "auc": 0.9559948951983247
    },
    "g16": {
      "accuracy": 0.6000000238418579,
      "auc": 0.9559795344661726
    },
    "g17": {
      "accuracy": 0.6000000238418579,
      "auc": 0.9559969186508656
    },
    "g18": {
      "accuracy": 0.5983606576919556,
      "auc": 0.9560196191583196
    },
    "g19": {
      "accuracy": 0.5983606576919556,
      "auc": 0.9559463042253831
    },
    "g20": {
      "accuracy": 0.6000000238418579,
      "auc": 0.9559738224809805
    },
    "g21": {
      "accuracy": 0.6000000238418579,
      "auc": 0.9560169220237321
    },
    "g22": {
      "accuracy": 0.6000000238418579,
      "auc": 0.9559993539984749
    },
    "g23": {
      "accuracy": 0.6000000238418579,
      "auc": 0.9560197530337727
    },
    "mean_auc": 0.9559943315771232,
    "std_auc": 1.7560918765995437e-05,
    "mean_accuracy": 0.5995218753814697,
    "std_accuracy": 0.0007451405574901419
  },
  "wall_time_s": 103.75762248039246,
  "epochs_run": 28,
  "peak_train_alloc_bytes": 1690033152,
  "peak_train_reserved_bytes": 2233466880,
  "gpu_name": "NVIDIA A100-SXM4-80GB",
  "cuda_total_memory_bytes": 85095874560,
  "git_sha": "5fb3903a1c11765c007a1686e1c9acd77b6024db",
  "argv": [
    "--model",
    "bispectrum",
    "--channels",
    "4",
    "8",
    "--head_dim",
    "64",
    "--train_mode",
    "R",
    "--seed",
    "789",
    "--batch_size",
    "16",
    "--output_dir",
    "/home/johmathe/bispectrum/paper/experiments/normalized_results/organ3d/n_full",
    "--data_dir",
    "./organ3d_data",
    "--subset_dir",
    "/home/johmathe/bispectrum/paper/experiments/normalized_results/subsets",
    "--patience",
    "15",
    "--epochs",
    "100"
  ]
}