{
  "dataset": "pcam",
  "model": "standard",
  "group": "c8",
  "seed": 42,
  "train_mode": "C",
  "geometry_group": "c8",
  "growth_rate": 12,
  "n_params": 101959,
  "invariant_dim": 90,
  "train_size": 100,
  "train_examples": 100,
  "best_val_auc": 0.8668161520124756,
  "test": {
    "loss": 0.7384004071354866,
    "accuracy": 0.613800048828125,
    "auc": 0.8497715616181736
  },
  "test_c": {
    "loss": 0.7384004071354866,
    "accuracy": 0.613800048828125,
    "auc": 0.8497715616181736
  },
  "test_r": {
    "loss": 0.0,
    "accuracy": 0.6234588623046875,
    "auc": 0.8371457937923964
  },
  "rotation_robustness": {
    "g00": {
      "accuracy": 0.613800048828125,
      "auc": 0.8497715616181736
    },
    "g01": {
      "accuracy": 0.633331298828125,
      "auc": 0.8191775349516393
    },
    "g02": {
      "accuracy": 0.6141357421875,
      "auc": 0.8526061317984032
    },
    "g03": {
      "accuracy": 0.633758544921875,
      "auc": 0.8256214874068383
    },
    "g04": {
      "accuracy": 0.612213134765625,
      "auc": 0.8512518059884701
    },
    "g05": {
      "accuracy": 0.633270263671875,
      "auc": 0.8210624278785995
    },
    "g06": {
      "accuracy": 0.61346435546875,
      "auc": 0.8531900339063692
    },
    "g07": {
      "accuracy": 0.633697509765625,
      "auc": 0.8244853667906783
    },
    "mean_auc": 0.8371457937923964,
    "std_auc": 0.01470313877961343,
    "mean_accuracy": 0.6234588623046875,
    "std_accuracy": 0.010069829720584091
  }
}