{
  "dataset": "pcam",
  "model": "norm",
  "group": "c8",
  "seed": 456,
  "train_mode": "C",
  "geometry_group": "c8",
  "growth_rate": 4,
  "n_params": 110093,
  "invariant_dim": 34,
  "train_size": 2500,
  "train_examples": 2500,
  "best_val_auc": 0.8887467085123413,
  "test": {
    "loss": 0.46286090707872063,
    "accuracy": 0.787353515625,
    "auc": 0.865809375139547
  },
  "test_c": {
    "loss": 0.46286090707872063,
    "accuracy": 0.787353515625,
    "auc": 0.865809375139547
  },
  "test_r": {
    "loss": 0.0,
    "accuracy": 0.7685012817382812,
    "auc": 0.8588391745765491
  },
  "rotation_robustness": {
    "g00": {
      "accuracy": 0.787353515625,
      "auc": 0.865809375139547
    },
    "g01": {
      "accuracy": 0.749908447265625,
      "auc": 0.852060156877889
    },
    "g02": {
      "accuracy": 0.787017822265625,
      "auc": 0.8655564390579816
    },
    "g03": {
      "accuracy": 0.7498779296875,
      "auc": 0.852056524719185
    },
    "g04": {
      "accuracy": 0.787017822265625,
      "auc": 0.8655550532497377
    },
    "g05": {
      "accuracy": 0.749908447265625,
      "auc": 0.8520585028486947
    },
    "g06": {
      "accuracy": 0.787017822265625,
      "auc": 0.8655566290478216
    },
    "g07": {
      "accuracy": 0.749908447265625,
      "auc": 0.8520607156715359
    },
    "mean_auc": 0.8588391745765491,
    "std_auc": 0.00678064334321203,
    "mean_accuracy": 0.7685012817382812,
    "std_accuracy": 0.018600750201980966
  },
  "wall_time_s": 1401.5859265327454,
  "epochs_run": 35,
  "peak_train_alloc_bytes": 22324224000,
  "peak_train_reserved_bytes": 26814185472,
  "gpu_name": "NVIDIA A100-SXM4-80GB",
  "cuda_total_memory_bytes": 85095874560,
  "git_sha": "5fb3903a1c11765c007a1686e1c9acd77b6024db",
  "argv": [
    "--model",
    "norm",
    "--group",
    "c8",
    "--geometry_group",
    "c8",
    "--growth_rate",
    "4",
    "--train_mode",
    "C",
    "--seed",
    "456",
    "--batch_size",
    "128",
    "--output_dir",
    "/home/johmathe/bispectrum/paper/experiments/normalized_results/pcam/n_2500",
    "--data_dir",
    "./pcam_data",
    "--subset_dir",
    "/home/johmathe/bispectrum/paper/experiments/normalized_results/subsets",
    "--patience",
    "10",
    "--epochs",
    "50",
    "--train_size",
    "2500"
  ]
}