{
  "dataset": "pcam",
  "model": "standard",
  "group": "c8",
  "seed": 42,
  "train_mode": "C",
  "geometry_group": "c8",
  "growth_rate": 12,
  "n_params": 101959,
  "invariant_dim": 90,
  "train_size": 12500,
  "train_examples": 12500,
  "best_val_auc": 0.9239539537192866,
  "test": {
    "loss": 0.39494526758790016,
    "accuracy": 0.8365478515625,
    "auc": 0.9084950890997774
  },
  "test_c": {
    "loss": 0.39494526758790016,
    "accuracy": 0.8365478515625,
    "auc": 0.9084950890997774
  },
  "test_r": {
    "loss": 0.0,
    "accuracy": 0.8145561218261719,
    "auc": 0.8950300066972908
  },
  "rotation_robustness": {
    "g00": {
      "accuracy": 0.8365478515625,
      "auc": 0.9084950890997774
    },
    "g01": {
      "accuracy": 0.80291748046875,
      "auc": 0.8898310236696905
    },
    "g02": {
      "accuracy": 0.828765869140625,
      "auc": 0.9011226749234313
    },
    "g03": {
      "accuracy": 0.789794921875,
      "auc": 0.8842425209577514
    },
    "g04": {
      "accuracy": 0.824005126953125,
      "auc": 0.8999832946776652
    },
    "g05": {
      "accuracy": 0.79998779296875,
      "auc": 0.8859905504194534
    },
    "g06": {
      "accuracy": 0.825653076171875,
      "auc": 0.9010443246035721
    },
    "g07": {
      "accuracy": 0.80877685546875,
      "auc": 0.8895305752269856
    },
    "mean_auc": 0.8950300066972908,
    "std_auc": 0.008173821943493403,
    "mean_accuracy": 0.8145561218261719,
    "std_accuracy": 0.015379329919459823
  }
}