{
  "dataset": "pcam",
  "model": "norm",
  "group": "c8",
  "seed": 42,
  "train_mode": "R",
  "geometry_group": "c8",
  "growth_rate": 4,
  "n_params": 110093,
  "invariant_dim": 34,
  "train_size": 500,
  "train_examples": 500,
  "best_val_auc": 0.8435006543533773,
  "test": {
    "loss": 0.528643783996813,
    "accuracy": 0.75225830078125,
    "auc": 0.8269490470010911
  },
  "test_c": {
    "loss": 0.528643783996813,
    "accuracy": 0.75225830078125,
    "auc": 0.8269490470010911
  },
  "test_r": {
    "loss": 0.0,
    "accuracy": 0.7435379028320312,
    "auc": 0.8227439236434261
  },
  "rotation_robustness": {
    "g00": {
      "accuracy": 0.75225830078125,
      "auc": 0.8269490470010911
    },
    "g01": {
      "accuracy": 0.734222412109375,
      "auc": 0.8184151690540585
    },
    "g02": {
      "accuracy": 0.7530517578125,
      "auc": 0.8271118384915593
    },
    "g03": {
      "accuracy": 0.734222412109375,
      "auc": 0.8184155751107751
    },
    "g04": {
      "accuracy": 0.7530517578125,
      "auc": 0.8271140177867817
    },
    "g05": {
      "accuracy": 0.734222412109375,
      "auc": 0.8184171099306583
    },
    "g06": {
      "accuracy": 0.7530517578125,
      "auc": 0.8271125015933535
    },
    "g07": {
      "accuracy": 0.734222412109375,
      "auc": 0.818416130179131
    },
    "mean_auc": 0.8227439236434261,
    "std_auc": 0.004328218010766224,
    "mean_accuracy": 0.7435379028320312,
    "std_accuracy": 0.009318658163709028
  }
}