{
  "dataset": "organ3d",
  "model": "max_pool",
  "train_mode": "R",
  "seed": 42,
  "channels": [
    4,
    8
  ],
  "head_dim": 64,
  "n_params": 374423,
  "invariant_dim": 8,
  "raw_invariant_dim": 8,
  "projected_dim": 8,
  "train_size": null,
  "train_examples": 971,
  "best_val_auc": 0.986788596979062,
  "test": {
    "loss": 0.7470373560170658,
    "accuracy": 0.6868852376937866,
    "auc": 0.9637252177589616
  },
  "test_c": {
    "loss": 0.7470373560170658,
    "accuracy": 0.6868852376937866,
    "auc": 0.9637252177589616
  },
  "test_r": {
    "loss": 0.0,
    "accuracy": 0.6868852376937866,
    "auc": 0.9637282804661907
  },
  "rotation_robustness": {
    "g00": {
      "accuracy": 0.6868852376937866,
      "auc": 0.9637276531065709
    },
    "g01": {
      "accuracy": 0.6868852376937866,
      "auc": 0.9637252177589616
    },
    "g02": {
      "accuracy": 0.6868852376937866,
      "auc": 0.9637252177589616
    },
    "g03": {
      "accuracy": 0.6868852376937866,
      "auc": 0.9637325675116425
    },
    "g04": {
      "accuracy": 0.6868852376937866,
      "auc": 0.9637227824113522
    },
    "g05": {
      "accuracy": 0.6868852376937866,
      "auc": 0.9637252177589616
    },
    "g06": {
      "accuracy": 0.6868852376937866,
      "auc": 0.9637252177589616
    },
    "g07": {
      "accuracy": 0.6868852376937866,
      "auc": 0.9637252177589616
    },
    "g08": {
      "accuracy": 0.6868852376937866,
      "auc": 0.9637304811346472
    },
    "g09": {
      "accuracy": 0.6868852376937866,
      "auc": 0.9637402662349374
    },
    "g10": {
      "accuracy": 0.6868852376937866,
      "auc": 0.9637276531065709
    },
    "g11": {
      "accuracy": 0.6868852376937866,
      "auc": 0.9637303502411583
    },
    "g12": {
      "accuracy": 0.6868852376937866,
      "auc": 0.9637303502411583
    },
    "g13": {
      "accuracy": 0.6868852376937866,
      "auc": 0.9637252177589616
    },
    "g14": {
      "accuracy": 0.6868852376937866,
      "auc": 0.9637325675116425
    },
    "g15": {
      "accuracy": 0.6868852376937866,
      "auc": 0.9637327855887676
    },
    "g16": {
      "accuracy": 0.6868852376937866,
      "auc": 0.9637252177589616
    },
    "g17": {
      "accuracy": 0.6868852376937866,
      "auc": 0.9637276531065709
    },
    "g18": {
      "accuracy": 0.6868852376937866,
      "auc": 0.9637329164822567
    },
    "g19": {
      "accuracy": 0.6868852376937866,
      "auc": 0.9637252177589616
    },
    "g20": {
      "accuracy": 0.6868852376937866,
      "auc": 0.9637253486524506
    },
    "g21": {
      "accuracy": 0.6868852376937866,
      "auc": 0.9637356136168441
    },
    "g22": {
      "accuracy": 0.6868852376937866,
      "auc": 0.9637227824113522
    },
    "g23": {
      "accuracy": 0.6868852376937866,
      "auc": 0.9637252177589616
    },
    "mean_auc": 0.9637282804661907,
    "std_auc": 4.3013853751349e-06,
    "mean_accuracy": 0.6868852376937866,
    "std_accuracy": 0.0
  }
}