{
  "dataset": "organ3d",
  "model": "max_pool",
  "train_mode": "R",
  "seed": 456,
  "channels": [
    4,
    8
  ],
  "head_dim": 64,
  "n_params": 374423,
  "invariant_dim": 8,
  "raw_invariant_dim": 8,
  "projected_dim": 8,
  "train_size": 100,
  "train_examples": 100,
  "best_val_auc": 0.9204235344519777,
  "test": {
    "loss": 1.800957751664959,
    "accuracy": 0.3950819671154022,
    "auc": 0.881813766894929
  },
  "test_c": {
    "loss": 1.800957751664959,
    "accuracy": 0.3950819671154022,
    "auc": 0.881813766894929
  },
  "test_r": {
    "loss": 0.0,
    "accuracy": 0.3950819671154022,
    "auc": 0.881811985232373
  },
  "rotation_robustness": {
    "g00": {
      "accuracy": 0.3950819671154022,
      "auc": 0.8818187684836366
    },
    "g01": {
      "accuracy": 0.3950819671154022,
      "auc": 0.8818161026036461
    },
    "g02": {
      "accuracy": 0.3950819671154022,
      "auc": 0.8818162022425383
    },
    "g03": {
      "accuracy": 0.3950819671154022,
      "auc": 0.8818086344127323
    },
    "g04": {
      "accuracy": 0.3950819671154022,
      "auc": 0.8818085035192432
    },
    "g05": {
      "accuracy": 0.3950819671154022,
      "auc": 0.8818187684836366
    },
    "g06": {
      "accuracy": 0.3950819671154022,
      "auc": 0.8818161026036461
    },
    "g07": {
      "accuracy": 0.3950819671154022,
      "auc": 0.8817991982830563
    },
    "g08": {
      "accuracy": 0.3950819671154022,
      "auc": 0.8818086344127323
    },
    "g09": {
      "accuracy": 0.3950819671154022,
      "auc": 0.8818037512622575
    },
    "g10": {
      "accuracy": 0.3950819671154022,
      "auc": 0.8818163331360274
    },
    "g11": {
      "accuracy": 0.3950819671154022,
      "auc": 0.8818139849720541
    },
    "g12": {
      "accuracy": 0.3950819671154022,
      "auc": 0.8818085035192432
    },
    "g13": {
      "accuracy": 0.3950819671154022,
      "auc": 0.8818162022425383
    },
    "g14": {
      "accuracy": 0.3950819671154022,
      "auc": 0.8818113190920637
    },
    "g15": {
      "accuracy": 0.3950819671154022,
      "auc": 0.8818089833833465
    },
    "g16": {
      "accuracy": 0.3950819671154022,
      "auc": 0.8818163331360274
    },
    "g17": {
      "accuracy": 0.3950819671154022,
      "auc": 0.8818162022425383
    },
    "g18": {
      "accuracy": 0.3950819671154022,
      "auc": 0.8818163331360274
    },
    "g19": {
      "accuracy": 0.3950819671154022,
      "auc": 0.8818088524898574
    },
    "g20": {
      "accuracy": 0.3950819671154022,
      "auc": 0.8818113315473195
    },
    "g21": {
      "accuracy": 0.3950819671154022,
      "auc": 0.8818061990651228
    },
    "g22": {
      "accuracy": 0.3950819671154022,
      "auc": 0.8818086344127323
    },
    "g23": {
      "accuracy": 0.3950819671154022,
      "auc": 0.881813766894929
    },
    "mean_auc": 0.881811985232373,
    "std_auc": 4.939530210068035e-06,
    "mean_accuracy": 0.3950819671154022,
    "std_accuracy": 0.0
  },
  "wall_time_s": 40.66489005088806,
  "epochs_run": 91,
  "peak_train_alloc_bytes": 2699536896,
  "peak_train_reserved_bytes": 3646947328,
  "gpu_name": "NVIDIA A100-SXM4-80GB",
  "cuda_total_memory_bytes": 85095874560,
  "git_sha": "5fb3903a1c11765c007a1686e1c9acd77b6024db",
  "argv": [
    "--model",
    "max_pool",
    "--channels",
    "4",
    "8",
    "--head_dim",
    "64",
    "--train_mode",
    "R",
    "--seed",
    "456",
    "--batch_size",
    "32",
    "--output_dir",
    "/home/johmathe/bispectrum/paper/experiments/normalized_results/organ3d/n_100",
    "--data_dir",
    "./organ3d_data",
    "--subset_dir",
    "/home/johmathe/bispectrum/paper/experiments/normalized_results/subsets",
    "--patience",
    "15",
    "--epochs",
    "100",
    "--train_size",
    "100"
  ]
}