{
  "dataset": "pcam",
  "model": "fourier_elu",
  "group": "c8",
  "seed": 42,
  "train_mode": "R",
  "geometry_group": "c8",
  "growth_rate": 4,
  "n_params": 109815,
  "invariant_dim": 34,
  "train_size": 2500,
  "train_examples": 2500,
  "best_val_auc": 0.8799160941731974,
  "test": {
    "loss": 0.4453402291983366,
    "accuracy": 0.80072021484375,
    "auc": 0.8786337265858524
  },
  "test_c": {
    "loss": 0.4453402291983366,
    "accuracy": 0.80072021484375,
    "auc": 0.8786337265858524
  },
  "test_r": {
    "loss": 0.0,
    "accuracy": 0.8009071350097656,
    "auc": 0.8757373449807238
  },
  "rotation_robustness": {
    "g00": {
      "accuracy": 0.80072021484375,
      "auc": 0.8786337265858524
    },
    "g01": {
      "accuracy": 0.800323486328125,
      "auc": 0.8728143452402313
    },
    "g02": {
      "accuracy": 0.8017578125,
      "auc": 0.878672044928857
    },
    "g03": {
      "accuracy": 0.800323486328125,
      "auc": 0.872812832772094
    },
    "g04": {
      "accuracy": 0.8017578125,
      "auc": 0.8786715569157387
    },
    "g05": {
      "accuracy": 0.800323486328125,
      "auc": 0.8728135666544168
    },
    "g06": {
      "accuracy": 0.8017578125,
      "auc": 0.8786683457149154
    },
    "g07": {
      "accuracy": 0.80029296875,
      "auc": 0.8728123410336849
    },
    "mean_auc": 0.8757373449807238,
    "std_auc": 0.0029240956316533948,
    "mean_accuracy": 0.8009071350097656,
    "std_accuracy": 0.0006712891767910729
  }
}