{
  "dataset": "pcam",
  "model": "gate",
  "group": "c8",
  "seed": 123,
  "train_mode": "C",
  "geometry_group": "c8",
  "growth_rate": 3,
  "n_params": 135682,
  "invariant_dim": 27,
  "train_size": 100,
  "train_examples": 100,
  "best_val_auc": 0.8407867892720833,
  "test": {
    "loss": 0.668552182847634,
    "accuracy": 0.62957763671875,
    "auc": 0.8181123587768733
  },
  "test_c": {
    "loss": 0.668552182847634,
    "accuracy": 0.62957763671875,
    "auc": 0.8181123587768733
  },
  "test_r": {
    "loss": 0.0,
    "accuracy": 0.6762619018554688,
    "auc": 0.8117582566147841
  },
  "rotation_robustness": {
    "g00": {
      "accuracy": 0.62957763671875,
      "auc": 0.8181123587768733
    },
    "g01": {
      "accuracy": 0.723388671875,
      "auc": 0.8057823646192843
    },
    "g02": {
      "accuracy": 0.6290283203125,
      "auc": 0.8176321166156744
    },
    "g03": {
      "accuracy": 0.723358154296875,
      "auc": 0.805772909830781
    },
    "g04": {
      "accuracy": 0.6290283203125,
      "auc": 0.8176378088602895
    },
    "g05": {
      "accuracy": 0.72332763671875,
      "auc": 0.8057540896607578
    },
    "g06": {
      "accuracy": 0.6290283203125,
      "auc": 0.8176235111935141
    },
    "g07": {
      "accuracy": 0.723358154296875,
      "auc": 0.8057508933610982
    },
    "mean_auc": 0.8117582566147841,
    "std_auc": 0.00599501133044673,
    "mean_accuracy": 0.6762619018554688,
    "std_accuracy": 0.0470965552432289
  }
}