{
  "dataset": "organ3d",
  "model": "max_pool",
  "train_mode": "R",
  "seed": 123,
  "channels": [
    4,
    8
  ],
  "head_dim": 64,
  "n_params": 374423,
  "invariant_dim": 8,
  "raw_invariant_dim": 8,
  "projected_dim": 8,
  "train_size": 500,
  "train_examples": 500,
  "best_val_auc": 0.9809246880681477,
  "test": {
    "loss": 0.7769873134425429,
    "accuracy": 0.6508196592330933,
    "auc": 0.960578652667991
  },
  "test_c": {
    "loss": 0.7769873134425429,
    "accuracy": 0.6508196592330933,
    "auc": 0.960578652667991
  },
  "test_r": {
    "loss": 0.0,
    "accuracy": 0.6508196592330933,
    "auc": 0.9605817562873008
  },
  "rotation_robustness": {
    "g00": {
      "accuracy": 0.6508196592330933,
      "auc": 0.9605835546178064
    },
    "g01": {
      "accuracy": 0.6508196592330933,
      "auc": 0.9605862204977971
    },
    "g02": {
      "accuracy": 0.6508196592330933,
      "auc": 0.9605810567610036
    },
    "g03": {
      "accuracy": 0.6508196592330933,
      "auc": 0.9605786214133942
    },
    "g04": {
      "accuracy": 0.6508196592330933,
      "auc": 0.9605761860657848
    },
    "g05": {
      "accuracy": 0.6508196592330933,
      "auc": 0.960576154811188
    },
    "g06": {
      "accuracy": 0.6508196592330933,
      "auc": 0.9605813185479817
    },
    "g07": {
      "accuracy": 0.6508196592330933,
      "auc": 0.9605810880156003
    },
    "g08": {
      "accuracy": 0.6508196592330933,
      "auc": 0.9605858402725861
    },
    "g09": {
      "accuracy": 0.6508196592330933,
      "auc": 0.9605813185479817
    },
    "g10": {
      "accuracy": 0.6508196592330933,
      "auc": 0.9605862204977971
    },
    "g11": {
      "accuracy": 0.6508196592330933,
      "auc": 0.9605788832003722
    },
    "g12": {
      "accuracy": 0.6508196592330933,
      "auc": 0.9605810880156003
    },
    "g13": {
      "accuracy": 0.6508196592330933,
      "auc": 0.9605835233632096
    },
    "g14": {
      "accuracy": 0.6508196592330933,
      "auc": 0.9605836230021019
    },
    "g15": {
      "accuracy": 0.6508196592330933,
      "auc": 0.9605837851501877
    },
    "g16": {
      "accuracy": 0.6508196592330933,
      "auc": 0.9605810880156003
    },
    "g17": {
      "accuracy": 0.6508196592330933,
      "auc": 0.9605886683006624
    },
    "g18": {
      "accuracy": 0.6508196592330933,
      "auc": 0.9605835233632096
    },
    "g19": {
      "accuracy": 0.6508196592330933,
      "auc": 0.9605787523068833
    },
    "g20": {
      "accuracy": 0.6508196592330933,
      "auc": 0.9605810880156004
    },
    "g21": {
      "accuracy": 0.6508196592330933,
      "auc": 0.9605884065136844
    },
    "g22": {
      "accuracy": 0.6508196592330933,
      "auc": 0.9605734889311975
    },
    "g23": {
      "accuracy": 0.6508196592330933,
      "auc": 0.960578652667991
    },
    "mean_auc": 0.9605817562873008,
    "std_auc": 3.7403718187038736e-06,
    "mean_accuracy": 0.6508196592330933,
    "std_accuracy": 0.0
  },
  "wall_time_s": 127.4994752407074,
  "epochs_run": 79,
  "peak_train_alloc_bytes": 2699536896,
  "peak_train_reserved_bytes": 3642753024,
  "gpu_name": "NVIDIA A100-SXM4-80GB",
  "cuda_total_memory_bytes": 85095874560,
  "git_sha": "5fb3903a1c11765c007a1686e1c9acd77b6024db",
  "argv": [
    "--model",
    "max_pool",
    "--channels",
    "4",
    "8",
    "--head_dim",
    "64",
    "--train_mode",
    "R",
    "--seed",
    "123",
    "--batch_size",
    "32",
    "--output_dir",
    "/home/johmathe/bispectrum/paper/experiments/normalized_results/organ3d/n_500",
    "--data_dir",
    "./organ3d_data",
    "--subset_dir",
    "/home/johmathe/bispectrum/paper/experiments/normalized_results/subsets",
    "--patience",
    "15",
    "--epochs",
    "100",
    "--train_size",
    "500"
  ]
}