{
  "dataset": "organ3d",
  "model": "standard",
  "train_mode": "C",
  "seed": 456,
  "channels": [
    4,
    8
  ],
  "head_dim": 64,
  "n_params": 16071,
  "invariant_dim": 8,
  "raw_invariant_dim": 8,
  "projected_dim": 8,
  "train_size": 100,
  "train_examples": 100,
  "best_val_auc": 0.8819974362577728,
  "test": {
    "loss": 2.151412013319672,
    "accuracy": 0.34590163826942444,
    "auc": 0.7996515381174181
  },
  "test_c": {
    "loss": 2.151412013319672,
    "accuracy": 0.34590163826942444,
    "auc": 0.7996515381174181
  },
  "test_r": {
    "loss": 0.0,
    "accuracy": 0.2606557390342156,
    "auc": 0.7696682941224154
  },
  "rotation_robustness": {
    "g00": {
      "accuracy": 0.3049180209636688,
      "auc": 0.7948872679666404
    },
    "g01": {
      "accuracy": 0.27213114500045776,
      "auc": 0.7913522720123449
    },
    "g02": {
      "accuracy": 0.29344263672828674,
      "auc": 0.7851311617821426
    },
    "g03": {
      "accuracy": 0.2786885201931,
      "auc": 0.7965402930531482
    },
    "g04": {
      "accuracy": 0.25081968307495117,
      "auc": 0.7751609622148624
    },
    "g05": {
      "accuracy": 0.24918033182621002,
      "auc": 0.7494380917684449
    },
    "g06": {
      "accuracy": 0.2393442690372467,
      "auc": 0.7587256184563329
    },
    "g07": {
      "accuracy": 0.27540984749794006,
      "auc": 0.7731203074856954
    },
    "g08": {
      "accuracy": 0.24426229298114777,
      "auc": 0.7579343279407649
    },
    "g09": {
      "accuracy": 0.23770491778850555,
      "auc": 0.7395872737825456
    },
    "g10": {
      "accuracy": 0.2327868789434433,
      "auc": 0.7502469226262337
    },
    "g11": {
      "accuracy": 0.23442623019218445,
      "auc": 0.7570923340990281
    },
    "g12": {
      "accuracy": 0.22459016740322113,
      "auc": 0.7616125585219844
    },
    "g13": {
      "accuracy": 0.22459016740322113,
      "auc": 0.742981877940301
    },
    "g14": {
      "accuracy": 0.23770491778850555,
      "auc": 0.7475567002369121
    },
    "g15": {
      "accuracy": 0.24590164422988892,
      "auc": 0.7501114314522588
    },
    "g16": {
      "accuracy": 0.2852458953857422,
      "auc": 0.7867629780388217
    },
    "g17": {
      "accuracy": 0.24098360538482666,
      "auc": 0.7562694470653526
    },
    "g18": {
      "accuracy": 0.23770491778850555,
      "auc": 0.7655524841556267
    },
    "g19": {
      "accuracy": 0.2426229566335678,
      "auc": 0.7751772976035158
    },
    "g20": {
      "accuracy": 0.2819672226905823,
      "auc": 0.785405745115704
    },
    "g21": {
      "accuracy": 0.29016393423080444,
      "auc": 0.7792963345357865
    },
    "g22": {
      "accuracy": 0.2852458953857422,
      "auc": 0.7924438329661025
    },
    "g23": {
      "accuracy": 0.34590163826942444,
      "auc": 0.7996515381174181
    },
    "mean_auc": 0.7696682941224154,
    "std_auc": 0.018418705914085707,
    "mean_accuracy": 0.2606557390342156,
    "std_accuracy": 0.02960669556972615
  },
  "wall_time_s": 3.3848092555999756,
  "epochs_run": 37,
  "peak_train_alloc_bytes": 199376896,
  "peak_train_reserved_bytes": 304087040,
  "gpu_name": "NVIDIA A100-SXM4-80GB",
  "cuda_total_memory_bytes": 85095874560,
  "git_sha": "5fb3903a1c11765c007a1686e1c9acd77b6024db",
  "argv": [
    "--model",
    "standard",
    "--channels",
    "4",
    "8",
    "--head_dim",
    "64",
    "--train_mode",
    "C",
    "--seed",
    "456",
    "--batch_size",
    "64",
    "--output_dir",
    "/home/johmathe/bispectrum/paper/experiments/normalized_results/organ3d/n_100",
    "--data_dir",
    "./organ3d_data",
    "--subset_dir",
    "/home/johmathe/bispectrum/paper/experiments/normalized_results/subsets",
    "--patience",
    "15",
    "--epochs",
    "100",
    "--train_size",
    "100"
  ]
}