{
  "dataset": "spherical_mnist",
  "model": "power_spectrum",
  "base_model": "power_spectrum",
  "train_mode": "C",
  "test_rotation_seed": 777,
  "seed": 42,
  "lmax": 15,
  "n_params": 11466,
  "invariant_dim": 16,
  "train_size": null,
  "train_examples": 50000,
  "best_val_accuracy": 0.7944,
  "test_c": {
    "loss": 0.6527424287796021,
    "accuracy": 0.7754
  },
  "test": {
    "loss": 0.6527424287796021,
    "accuracy": 0.7754
  },
  "test_nr": {
    "loss": 0.6527424287796021,
    "accuracy": 0.7754
  },
  "test_r": {
    "loss": 0.6569845676422119,
    "accuracy": 0.7772
  },
  "rotation_robustness": {
    "rot_00": 0.7768,
    "rot_01": 0.7768,
    "rot_02": 0.7769,
    "rot_03": 0.7764,
    "rot_04": 0.7769,
    "rot_05": 0.7767,
    "rot_06": 0.7767,
    "rot_07": 0.7768,
    "rot_08": 0.7778,
    "rot_09": 0.7769,
    "mean_accuracy": 0.77687,
    "std_accuracy": 0.0003407345007480356
  }
}