{
  "dataset": "organ3d",
  "model": "standard",
  "train_mode": "C",
  "seed": 789,
  "channels": [
    4,
    8
  ],
  "head_dim": 64,
  "n_params": 16071,
  "invariant_dim": 8,
  "raw_invariant_dim": 8,
  "projected_dim": 8,
  "train_size": 500,
  "train_examples": 500,
  "best_val_auc": 0.9968373105359407,
  "test": {
    "loss": 1.0596251440829918,
    "accuracy": 0.7754098176956177,
    "auc": 0.9752460397775454
  },
  "test_c": {
    "loss": 1.0596251440829918,
    "accuracy": 0.7754098176956177,
    "auc": 0.9752460397775454
  },
  "test_r": {
    "loss": 0.0,
    "accuracy": 0.3601775939265887,
    "auc": 0.810313013139725
  },
  "rotation_robustness": {
    "g00": {
      "accuracy": 0.3606557250022888,
      "auc": 0.8595084563886022
    },
    "g01": {
      "accuracy": 0.31803280115127563,
      "auc": 0.8188028463883641
    },
    "g02": {
      "accuracy": 0.32459017634391785,
      "auc": 0.7985605241670636
    },
    "g03": {
      "accuracy": 0.36721310019493103,
      "auc": 0.8573353302673983
    },
    "g04": {
      "accuracy": 0.3639344274997711,
      "auc": 0.8141596353134868
    },
    "g05": {
      "accuracy": 0.27704918384552,
      "auc": 0.7497824187271764
    },
    "g06": {
      "accuracy": 0.23770491778850555,
      "auc": 0.7376366179325964
    },
    "g07": {
      "accuracy": 0.4409835934638977,
      "auc": 0.8764972632877147
    },
    "g08": {
      "accuracy": 0.2918032705783844,
      "auc": 0.758374389046779
    },
    "g09": {
      "accuracy": 0.3360655605792999,
      "auc": 0.779879919691341
    },
    "g10": {
      "accuracy": 0.2360655665397644,
      "auc": 0.7452041689308403
    },
    "g11": {
      "accuracy": 0.27704918384552,
      "auc": 0.7714192061671036
    },
    "g12": {
      "accuracy": 0.23442623019218445,
      "auc": 0.7304082128949713
    },
    "g13": {
      "accuracy": 0.30655738711357117,
      "auc": 0.7613485866129832
    },
    "g14": {
      "accuracy": 0.23114754259586334,
      "auc": 0.7247535077609644
    },
    "g15": {
      "accuracy": 0.3049180209636688,
      "auc": 0.774934541155909
    },
    "g16": {
      "accuracy": 0.44426229596138,
      "auc": 0.8602425188157029
    },
    "g17": {
      "accuracy": 0.33278688788414,
      "auc": 0.770073697040933
    },
    "g18": {
      "accuracy": 0.2819672226905823,
      "auc": 0.772276564556666
    },
    "g19": {
      "accuracy": 0.3655737638473511,
      "auc": 0.8318759116744423
    },
    "g20": {
      "accuracy": 0.5295081734657288,
      "auc": 0.90906451590205
    },
    "g21": {
      "accuracy": 0.4786885380744934,
      "auc": 0.8732653314572182
    },
    "g22": {
      "accuracy": 0.5278688669204712,
      "auc": 0.8968621113955468
    },
    "g23": {
      "accuracy": 0.7754098176956177,
      "auc": 0.9752460397775454
    },
    "mean_auc": 0.810313013139725,
    "std_auc": 0.06433793706797324,
    "mean_accuracy": 0.3601775939265887,
    "std_accuracy": 0.12157469931863114
  },
  "wall_time_s": 18.991560697555542,
  "epochs_run": 75,
  "peak_train_alloc_bytes": 199376896,
  "peak_train_reserved_bytes": 304087040,
  "gpu_name": "NVIDIA A100-SXM4-80GB",
  "cuda_total_memory_bytes": 85095874560,
  "git_sha": "5fb3903a1c11765c007a1686e1c9acd77b6024db",
  "argv": [
    "--model",
    "standard",
    "--channels",
    "4",
    "8",
    "--head_dim",
    "64",
    "--train_mode",
    "C",
    "--seed",
    "789",
    "--batch_size",
    "64",
    "--output_dir",
    "/home/johmathe/bispectrum/paper/experiments/normalized_results/organ3d/n_500",
    "--data_dir",
    "./organ3d_data",
    "--subset_dir",
    "/home/johmathe/bispectrum/paper/experiments/normalized_results/subsets",
    "--patience",
    "15",
    "--epochs",
    "100",
    "--train_size",
    "500"
  ]
}