{
  "dataset": "spherical_mnist",
  "model": "standard",
  "base_model": "standard",
  "train_mode": "R",
  "test_rotation_seed": 777,
  "seed": 42,
  "lmax": 15,
  "n_params": 184778,
  "invariant_dim": null,
  "train_size": 100,
  "train_examples": 100,
  "best_val_accuracy": 0.1602,
  "test_c": {
    "loss": 2.304625,
    "accuracy": 0.0916
  },
  "test": {
    "loss": 2.304625,
    "accuracy": 0.0916
  },
  "test_nr": {
    "loss": 2.304625,
    "accuracy": 0.0916
  },
  "test_r": {
    "loss": 2.3029439453125,
    "accuracy": 0.165
  },
  "rotation_robustness": {
    "rot_00": 0.1323,
    "rot_01": 0.1916,
    "rot_02": 0.191,
    "rot_03": 0.1717,
    "rot_04": 0.2017,
    "rot_05": 0.1705,
    "rot_06": 0.1551,
    "rot_07": 0.0514,
    "rot_08": 0.1735,
    "rot_09": 0.189,
    "mean_accuracy": 0.16277999999999998,
    "std_accuracy": 0.041805281962929035
  }
}