{
  "dataset": "pcam",
  "model": "standard",
  "group": "c8",
  "seed": 42,
  "train_mode": "C",
  "geometry_group": "c8",
  "growth_rate": 12,
  "n_params": 101959,
  "invariant_dim": 90,
  "train_size": null,
  "train_examples": 262144,
  "best_val_auc": 0.9514874260301548,
  "test": {
    "loss": 0.4869132833555341,
    "accuracy": 0.824798583984375,
    "auc": 0.9145712398513807
  },
  "test_c": {
    "loss": 0.4869132833555341,
    "accuracy": 0.824798583984375,
    "auc": 0.9145712398513807
  },
  "test_r": {
    "loss": 0.0,
    "accuracy": 0.7701683044433594,
    "auc": 0.891370821938553
  },
  "rotation_robustness": {
    "g00": {
      "accuracy": 0.824798583984375,
      "auc": 0.9145712398513807
    },
    "g01": {
      "accuracy": 0.7625732421875,
      "auc": 0.898424439217141
    },
    "g02": {
      "accuracy": 0.7564697265625,
      "auc": 0.8806156223646011
    },
    "g03": {
      "accuracy": 0.720794677734375,
      "auc": 0.8635271985561875
    },
    "g04": {
      "accuracy": 0.741668701171875,
      "auc": 0.8721979250673142
    },
    "g05": {
      "accuracy": 0.751861572265625,
      "auc": 0.8923352201447852
    },
    "g06": {
      "accuracy": 0.812042236328125,
      "auc": 0.9057224854096837
    },
    "g07": {
      "accuracy": 0.7911376953125,
      "auc": 0.9035724448973306
    },
    "mean_auc": 0.891370821938553,
    "std_auc": 0.016591920000896866,
    "mean_accuracy": 0.7701683044433594,
    "std_accuracy": 0.03355604233653025
  }
}