{
  "dataset": "spherical_mnist",
  "model": "power_spectrum_matched",
  "base_model": "power_spectrum",
  "train_mode": "C",
  "test_rotation_seed": 777,
  "seed": 123,
  "lmax": 15,
  "n_params": 231906,
  "invariant_dim": 16,
  "train_size": null,
  "train_examples": 50000,
  "best_val_accuracy": 0.8148,
  "test_c": {
    "loss": 0.5885536630630493,
    "accuracy": 0.8
  },
  "test": {
    "loss": 0.5885536630630493,
    "accuracy": 0.8
  },
  "test_nr": {
    "loss": 0.5885536630630493,
    "accuracy": 0.8
  },
  "test_r": {
    "loss": 0.5926618543624877,
    "accuracy": 0.7983
  },
  "rotation_robustness": {
    "rot_00": 0.7988,
    "rot_01": 0.7987,
    "rot_02": 0.7987,
    "rot_03": 0.799,
    "rot_04": 0.7991,
    "rot_05": 0.7986,
    "rot_06": 0.7988,
    "rot_07": 0.799,
    "rot_08": 0.799,
    "rot_09": 0.7987,
    "mean_accuracy": 0.79884,
    "std_accuracy": 0.0001624807680927519
  }
}