{
  "dataset": "organ3d",
  "model": "standard",
  "train_mode": "R",
  "seed": 456,
  "channels": [
    4,
    8
  ],
  "head_dim": 64,
  "n_params": 16071,
  "invariant_dim": 8,
  "raw_invariant_dim": 8,
  "projected_dim": 8,
  "train_size": 500,
  "train_examples": 500,
  "best_val_auc": 0.9651730667939348,
  "test": {
    "loss": 1.1256997530577613,
    "accuracy": 0.5459016561508179,
    "auc": 0.9429957419680878
  },
  "test_c": {
    "loss": 1.1256997530577613,
    "accuracy": 0.5459016561508179,
    "auc": 0.9429957419680878
  },
  "test_r": {
    "loss": 0.0,
    "accuracy": 0.5653688510258993,
    "auc": 0.9449397016471072
  },
  "rotation_robustness": {
    "g00": {
      "accuracy": 0.5475409626960754,
      "auc": 0.9461996257679117
    },
    "g01": {
      "accuracy": 0.5803278684616089,
      "auc": 0.9482252353318349
    },
    "g02": {
      "accuracy": 0.5786885023117065,
      "auc": 0.9480565046319854
    },
    "g03": {
      "accuracy": 0.5606557130813599,
      "auc": 0.9402452284566055
    },
    "g04": {
      "accuracy": 0.5655737519264221,
      "auc": 0.9432148367845802
    },
    "g05": {
      "accuracy": 0.588524580001831,
      "auc": 0.9466475659916554
    },
    "g06": {
      "accuracy": 0.5836065411567688,
      "auc": 0.9441367300578267
    },
    "g07": {
      "accuracy": 0.5639344453811646,
      "auc": 0.9462017942522217
    },
    "g08": {
      "accuracy": 0.5672131180763245,
      "auc": 0.9499679980534822
    },
    "g09": {
      "accuracy": 0.5639344453811646,
      "auc": 0.9450042584837992
    },
    "g10": {
      "accuracy": 0.5606557130813599,
      "auc": 0.9432917469645083
    },
    "g11": {
      "accuracy": 0.5639344453811646,
      "auc": 0.9452344089822382
    },
    "g12": {
      "accuracy": 0.5622950792312622,
      "auc": 0.943822500381814
    },
    "g13": {
      "accuracy": 0.5688524842262268,
      "auc": 0.9448266099712896
    },
    "g14": {
      "accuracy": 0.5622950792312622,
      "auc": 0.942119201604889
    },
    "g15": {
      "accuracy": 0.5573770403862,
      "auc": 0.9460348478297598
    },
    "g16": {
      "accuracy": 0.55409836769104,
      "auc": 0.9450325609235464
    },
    "g17": {
      "accuracy": 0.5688524842262268,
      "auc": 0.9449457093215
    },
    "g18": {
      "accuracy": 0.577049195766449,
      "auc": 0.9440679451706853
    },
    "g19": {
      "accuracy": 0.5524590015411377,
      "auc": 0.9394945409420494
    },
    "g20": {
      "accuracy": 0.5672131180763245,
      "auc": 0.9448156720596035
    },
    "g21": {
      "accuracy": 0.5655737519264221,
      "auc": 0.9484842472015118
    },
    "g22": {
      "accuracy": 0.5622950792312622,
      "auc": 0.9454873283971863
    },
    "g23": {
      "accuracy": 0.5459016561508179,
      "auc": 0.9429957419680878
    },
    "mean_auc": 0.9449397016471072,
    "std_auc": 0.002396584096323163,
    "mean_accuracy": 0.5653688510258993,
    "std_accuracy": 0.010349881931286616
  },
  "wall_time_s": 47.63456726074219,
  "epochs_run": 100,
  "peak_train_alloc_bytes": 198965248,
  "peak_train_reserved_bytes": 295698432,
  "gpu_name": "NVIDIA A100-SXM4-80GB",
  "cuda_total_memory_bytes": 85095874560,
  "git_sha": "5fb3903a1c11765c007a1686e1c9acd77b6024db",
  "argv": [
    "--model",
    "standard",
    "--channels",
    "4",
    "8",
    "--head_dim",
    "64",
    "--train_mode",
    "R",
    "--seed",
    "456",
    "--batch_size",
    "64",
    "--output_dir",
    "/home/johmathe/bispectrum/paper/experiments/normalized_results/organ3d/n_500",
    "--data_dir",
    "./organ3d_data",
    "--subset_dir",
    "/home/johmathe/bispectrum/paper/experiments/normalized_results/subsets",
    "--patience",
    "15",
    "--epochs",
    "100",
    "--train_size",
    "500"
  ]
}