{
  "dataset": "organ3d",
  "model": "standard",
  "train_mode": "R",
  "seed": 42,
  "channels": [
    4,
    8
  ],
  "head_dim": 64,
  "n_params": 16071,
  "invariant_dim": 8,
  "raw_invariant_dim": 8,
  "projected_dim": 8,
  "train_size": null,
  "train_examples": 971,
  "best_val_auc": 0.981486777888598,
  "test": {
    "loss": 1.0294051873879355,
    "accuracy": 0.6377049088478088,
    "auc": 0.9569344720318519
  },
  "test_c": {
    "loss": 1.0294051873879355,
    "accuracy": 0.6377049088478088,
    "auc": 0.9569344720318519
  },
  "test_r": {
    "loss": 0.0,
    "accuracy": 0.6295081973075867,
    "auc": 0.9540038589126635
  },
  "rotation_robustness": {
    "g00": {
      "accuracy": 0.6163934469223022,
      "auc": 0.9531958503737011
    },
    "g01": {
      "accuracy": 0.6393442749977112,
      "auc": 0.9545744767113877
    },
    "g02": {
      "accuracy": 0.6163934469223022,
      "auc": 0.9521772104124149
    },
    "g03": {
      "accuracy": 0.6098360419273376,
      "auc": 0.9513784099226169
    },
    "g04": {
      "accuracy": 0.6180328130722046,
      "auc": 0.9518418709661902
    },
    "g05": {
      "accuracy": 0.6278688311576843,
      "auc": 0.9543423444923872
    },
    "g06": {
      "accuracy": 0.6344262361526489,
      "auc": 0.9556871191799886
    },
    "g07": {
      "accuracy": 0.6344262361526489,
      "auc": 0.9541878156741471
    },
    "g08": {
      "accuracy": 0.6196721196174622,
      "auc": 0.9518243600572949
    },
    "g09": {
      "accuracy": 0.6295081973075867,
      "auc": 0.9541836982844486
    },
    "g10": {
      "accuracy": 0.6229507923126221,
      "auc": 0.9556015125429856
    },
    "g11": {
      "accuracy": 0.6278688311576843,
      "auc": 0.9533285864629163
    },
    "g12": {
      "accuracy": 0.6295081973075867,
      "auc": 0.9565284368095387
    },
    "g13": {
      "accuracy": 0.6491803526878357,
      "auc": 0.9546300988990448
    },
    "g14": {
      "accuracy": 0.6442623138427734,
      "auc": 0.9573284544697038
    },
    "g15": {
      "accuracy": 0.6213114857673645,
      "auc": 0.9519228625405952
    },
    "g16": {
      "accuracy": 0.6360656023025513,
      "auc": 0.9535656591319284
    },
    "g17": {
      "accuracy": 0.6524590253829956,
      "auc": 0.955894433418496
    },
    "g18": {
      "accuracy": 0.6377049088478088,
      "auc": 0.9530543197083144
    },
    "g19": {
      "accuracy": 0.6278688311576843,
      "auc": 0.9511282294237485
    },
    "g20": {
      "accuracy": 0.6163934469223022,
      "auc": 0.9511844325979226
    },
    "g21": {
      "accuracy": 0.631147563457489,
      "auc": 0.9554646966052861
    },
    "g22": {
      "accuracy": 0.6278688311576843,
      "auc": 0.9561332631870155
    },
    "g23": {
      "accuracy": 0.6377049088478088,
      "auc": 0.9569344720318519
    },
    "mean_auc": 0.9540038589126635,
    "std_auc": 0.0018813504265001687,
    "mean_accuracy": 0.6295081973075867,
    "std_accuracy": 0.010624171268629672
  }
}