{
  "model": "standard",
  "group": "c8",
  "seed": 42,
  "growth_rate": 20,
  "n_params": 266543,
  "train_fraction": 0.1,
  "best_val_auc": 0.9582206815468272,
  "test": {
    "loss": 0.4250122900120914,
    "accuracy": 0.840240478515625,
    "auc": 0.9172153545303359
  },
  "rotation_robustness": {
    "mean_auc": 0.0,
    "std_auc": 0.0
  }
}