{
  "dataset": "organ3d",
  "model": "bispectrum",
  "train_mode": "R",
  "seed": 42,
  "channels": [
    4,
    8
  ],
  "head_dim": 64,
  "n_params": 463167,
  "invariant_dim": 64,
  "raw_invariant_dim": 1376,
  "projected_dim": 64,
  "train_size": 100,
  "train_examples": 100,
  "best_val_auc": 0.9731277344322374,
  "test": {
    "loss": 1.1727583588146773,
    "accuracy": 0.5475409626960754,
    "auc": 0.9370243157629358
  },
  "test_c": {
    "loss": 1.1727583588146773,
    "accuracy": 0.5475409626960754,
    "auc": 0.9370243157629358
  },
  "test_r": {
    "loss": 0.0,
    "accuracy": 0.5475409626960754,
    "auc": 0.9370164852762238
  },
  "rotation_robustness": {
    "g00": {
      "accuracy": 0.5475409626960754,
      "auc": 0.9370167166785329
    },
    "g01": {
      "accuracy": 0.5475409626960754,
      "auc": 0.9370141816920313
    },
    "g02": {
      "accuracy": 0.5475409626960754,
      "auc": 0.9370193454288249
    },
    "g03": {
      "accuracy": 0.5475409626960754,
      "auc": 0.9370166170396407
    },
    "g04": {
      "accuracy": 0.5475409626960754,
      "auc": 0.9370152197819123
    },
    "g05": {
      "accuracy": 0.5475409626960754,
      "auc": 0.9370217807764342
    },
    "g06": {
      "accuracy": 0.5475409626960754,
      "auc": 0.9370194138131204
    },
    "g07": {
      "accuracy": 0.5475409626960754,
      "auc": 0.9370167479331297
    },
    "g08": {
      "accuracy": 0.5475409626960754,
      "auc": 0.9370217495218376
    },
    "g09": {
      "accuracy": 0.5475409626960754,
      "auc": 0.9370244466564248
    },
    "g10": {
      "accuracy": 0.5475409626960754,
      "auc": 0.9370270663486854
    },
    "g11": {
      "accuracy": 0.5475409626960754,
      "auc": 0.9369993637484367
    },
    "g12": {
      "accuracy": 0.5475409626960754,
      "auc": 0.937016847572022
    },
    "g13": {
      "accuracy": 0.5475409626960754,
      "auc": 0.9370248927880542
    },
    "g14": {
      "accuracy": 0.5475409626960754,
      "auc": 0.9370194138131204
    },
    "g15": {
      "accuracy": 0.5475409626960754,
      "auc": 0.9370068319393506
    },
    "g16": {
      "accuracy": 0.5475409626960754,
      "auc": 0.9370020296284274
    },
    "g17": {
      "accuracy": 0.5475409626960754,
      "auc": 0.9370217495218376
    },
    "g18": {
      "accuracy": 0.5475409626960754,
      "auc": 0.9370091801033237
    },
    "g19": {
      "accuracy": 0.5475409626960754,
      "auc": 0.9370118772379111
    },
    "g20": {
      "accuracy": 0.5475409626960754,
      "auc": 0.9370195447066094
    },
    "g21": {
      "accuracy": 0.5475409626960754,
      "auc": 0.9370142500763269
    },
    "g22": {
      "accuracy": 0.5475409626960754,
      "auc": 0.9370120640604395
    },
    "g23": {
      "accuracy": 0.5475409626960754,
      "auc": 0.9370243157629358
    },
    "mean_auc": 0.9370164852762238,
    "std_auc": 6.8530009352921145e-06,
    "mean_accuracy": 0.5475409626960754,
    "std_accuracy": 0.0
  }
}