{
  "dataset": "organ3d",
  "model": "bispectrum",
  "train_mode": "C",
  "seed": 101112,
  "channels": [
    4,
    8
  ],
  "head_dim": 64,
  "n_params": 463167,
  "invariant_dim": 64,
  "raw_invariant_dim": 1376,
  "projected_dim": 64,
  "train_size": 100,
  "train_examples": 100,
  "best_val_auc": 0.9703879057000773,
  "test": {
    "loss": 1.2941724683417648,
    "accuracy": 0.5180327892303467,
    "auc": 0.9200588002899256
  },
  "test_c": {
    "loss": 1.2941724683417648,
    "accuracy": 0.5180327892303467,
    "auc": 0.9200588002899256
  },
  "test_r": {
    "loss": 0.0,
    "accuracy": 0.5181694030761719,
    "auc": 0.9200684491369788
  },
  "rotation_robustness": {
    "g00": {
      "accuracy": 0.5180327892303467,
      "auc": 0.9200742072098076
    },
    "g01": {
      "accuracy": 0.5180327892303467,
      "auc": 0.920071195341167
    },
    "g02": {
      "accuracy": 0.5180327892303467,
      "auc": 0.9200841107483306
    },
    "g03": {
      "accuracy": 0.5180327892303467,
      "auc": 0.9200716752052702
    },
    "g04": {
      "accuracy": 0.519672155380249,
      "auc": 0.9200589436386707
    },
    "g05": {
      "accuracy": 0.519672155380249,
      "auc": 0.9200790249579509
    },
    "g06": {
      "accuracy": 0.5180327892303467,
      "auc": 0.920069208603064
    },
    "g07": {
      "accuracy": 0.5180327892303467,
      "auc": 0.9200662621367548
    },
    "g08": {
      "accuracy": 0.5180327892303467,
      "auc": 0.9200614102408767
    },
    "g09": {
      "accuracy": 0.5180327892303467,
      "auc": 0.9200590745321597
    },
    "g10": {
      "accuracy": 0.5180327892303467,
      "auc": 0.9200860662318369
    },
    "g11": {
      "accuracy": 0.5180327892303467,
      "auc": 0.9200740917535387
    },
    "g12": {
      "accuracy": 0.5180327892303467,
      "auc": 0.9200540416888553
    },
    "g13": {
      "accuracy": 0.5180327892303467,
      "auc": 0.9200640106297097
    },
    "g14": {
      "accuracy": 0.5180327892303467,
      "auc": 0.9200691431119062
    },
    "g15": {
      "accuracy": 0.5180327892303467,
      "auc": 0.9200761626933136
    },
    "g16": {
      "accuracy": 0.5180327892303467,
      "auc": 0.9200516251405866
    },
    "g17": {
      "accuracy": 0.5180327892303467,
      "auc": 0.9200738269845966
    },
    "g18": {
      "accuracy": 0.5180327892303467,
      "auc": 0.9200737148904483
    },
    "g19": {
      "accuracy": 0.5180327892303467,
      "auc": 0.9200790903602822
    },
    "g20": {
      "accuracy": 0.5180327892303467,
      "auc": 0.9200589311834146
    },
    "g21": {
      "accuracy": 0.5180327892303467,
      "auc": 0.9200792212537713
    },
    "g22": {
      "accuracy": 0.5180327892303467,
      "auc": 0.9200489404612552
    },
    "g23": {
      "accuracy": 0.5180327892303467,
      "auc": 0.9200588002899256
    },
    "mean_auc": 0.9200684491369788,
    "std_auc": 1.0008515689134635e-05,
    "mean_accuracy": 0.5181694030761719,
    "std_accuracy": 0.00045309686776963333
  },
  "wall_time_s": 32.55952548980713,
  "epochs_run": 63,
  "peak_train_alloc_bytes": 1688434688,
  "peak_train_reserved_bytes": 2237661184,
  "gpu_name": "NVIDIA A100-SXM4-80GB",
  "cuda_total_memory_bytes": 85095874560,
  "git_sha": "5fb3903a1c11765c007a1686e1c9acd77b6024db",
  "argv": [
    "--model",
    "bispectrum",
    "--channels",
    "4",
    "8",
    "--head_dim",
    "64",
    "--train_mode",
    "C",
    "--seed",
    "101112",
    "--batch_size",
    "16",
    "--output_dir",
    "/home/johmathe/bispectrum/paper/experiments/normalized_results/organ3d/n_100",
    "--data_dir",
    "./organ3d_data",
    "--subset_dir",
    "/home/johmathe/bispectrum/paper/experiments/normalized_results/subsets",
    "--patience",
    "15",
    "--epochs",
    "100",
    "--train_size",
    "100"
  ]
}