{
  "dataset": "pcam",
  "model": "fourier_elu",
  "group": "c8",
  "seed": 456,
  "train_mode": "C",
  "geometry_group": "c8",
  "growth_rate": 4,
  "n_params": 109815,
  "invariant_dim": 34,
  "train_size": null,
  "train_examples": 262144,
  "best_val_auc": 0.9653083912819178,
  "test": {
    "loss": 0.31907561849220656,
    "accuracy": 0.880859375,
    "auc": 0.9455655900117528
  },
  "test_c": {
    "loss": 0.31907561849220656,
    "accuracy": 0.880859375,
    "auc": 0.9455655900117528
  },
  "test_r": {
    "loss": 0.0,
    "accuracy": 0.8493194580078125,
    "auc": 0.9419875574573514
  },
  "rotation_robustness": {
    "g00": {
      "accuracy": 0.880859375,
      "auc": 0.9455655900117528
    },
    "g01": {
      "accuracy": 0.817657470703125,
      "auc": 0.9382194801150059
    },
    "g02": {
      "accuracy": 0.88104248046875,
      "auc": 0.945832928068241
    },
    "g03": {
      "accuracy": 0.817657470703125,
      "auc": 0.9382176360959715
    },
    "g04": {
      "accuracy": 0.881011962890625,
      "auc": 0.9458328870900402
    },
    "g05": {
      "accuracy": 0.817657470703125,
      "auc": 0.9382188058373387
    },
    "g06": {
      "accuracy": 0.881011962890625,
      "auc": 0.9457944458124333
    },
    "g07": {
      "accuracy": 0.817657470703125,
      "auc": 0.9382186866280274
    },
    "mean_auc": 0.9419875574573514,
    "std_auc": 0.003769727129679048,
    "mean_accuracy": 0.8493194580078125,
    "std_accuracy": 0.031662027749644724
  },
  "wall_time_s": 33328.19569301605,
  "epochs_run": 24,
  "peak_train_alloc_bytes": 21284495872,
  "peak_train_reserved_bytes": 27646754816,
  "gpu_name": "NVIDIA A100-SXM4-80GB",
  "cuda_total_memory_bytes": 85095874560,
  "git_sha": "4f6f1351fe12ab869087e096175e97d4ada5c7e0",
  "argv": [
    "--model",
    "fourier_elu",
    "--group",
    "c8",
    "--geometry_group",
    "c8",
    "--growth_rate",
    "4",
    "--train_mode",
    "C",
    "--seed",
    "456",
    "--batch_size",
    "64",
    "--output_dir",
    "/home/johmathe/bispectrum/paper/experiments/normalized_results/pcam/n_full",
    "--data_dir",
    "./pcam_data",
    "--subset_dir",
    "/home/johmathe/bispectrum/paper/experiments/normalized_results/subsets",
    "--patience",
    "10",
    "--epochs",
    "50"
  ]
}