{
  "dataset": "organ3d",
  "model": "standard",
  "train_mode": "C",
  "seed": 101112,
  "channels": [
    4,
    8
  ],
  "head_dim": 64,
  "n_params": 16071,
  "invariant_dim": 8,
  "raw_invariant_dim": 8,
  "projected_dim": 8,
  "train_size": 100,
  "train_examples": 100,
  "best_val_auc": 0.9715998773680514,
  "test": {
    "loss": 1.7732165727459017,
    "accuracy": 0.6508196592330933,
    "auc": 0.92852287191308
  },
  "test_c": {
    "loss": 1.7732165727459017,
    "accuracy": 0.6508196592330933,
    "auc": 0.92852287191308
  },
  "test_r": {
    "loss": 0.0,
    "accuracy": 0.3185109266390403,
    "auc": 0.7804229001331172
  },
  "rotation_robustness": {
    "g00": {
      "accuracy": 0.3606557250022888,
      "auc": 0.8422406775207207
    },
    "g01": {
      "accuracy": 0.2852458953857422,
      "auc": 0.7897344733452436
    },
    "g02": {
      "accuracy": 0.2606557309627533,
      "auc": 0.7530049143906402
    },
    "g03": {
      "accuracy": 0.3393442630767822,
      "auc": 0.8324423831619772
    },
    "g04": {
      "accuracy": 0.3262295126914978,
      "auc": 0.7930439116843689
    },
    "g05": {
      "accuracy": 0.2950819730758667,
      "auc": 0.7431914224335144
    },
    "g06": {
      "accuracy": 0.2672131061553955,
      "auc": 0.7406669445648184
    },
    "g07": {
      "accuracy": 0.4262295067310333,
      "auc": 0.846384438980368
    },
    "g08": {
      "accuracy": 0.23114754259586334,
      "auc": 0.7298926632146753
    },
    "g09": {
      "accuracy": 0.18852458894252777,
      "auc": 0.7542590378250604
    },
    "g10": {
      "accuracy": 0.24098360538482666,
      "auc": 0.7535995110302526
    },
    "g11": {
      "accuracy": 0.2295081913471222,
      "auc": 0.7275790204820626
    },
    "g12": {
      "accuracy": 0.2114754170179367,
      "auc": 0.7186510354757195
    },
    "g13": {
      "accuracy": 0.24590164422988892,
      "auc": 0.7269847471179466
    },
    "g14": {
      "accuracy": 0.2147541046142578,
      "auc": 0.7150679373061497
    },
    "g15": {
      "accuracy": 0.22786885499954224,
      "auc": 0.6916290516042346
    },
    "g16": {
      "accuracy": 0.3950819671154022,
      "auc": 0.8297449017493114
    },
    "g17": {
      "accuracy": 0.25573769211769104,
      "auc": 0.7433602785910414
    },
    "g18": {
      "accuracy": 0.26229506731033325,
      "auc": 0.7482829966156447
    },
    "g19": {
      "accuracy": 0.3426229655742645,
      "auc": 0.792693996357743
    },
    "g20": {
      "accuracy": 0.5393442511558533,
      "auc": 0.8782248596991952
    },
    "g21": {
      "accuracy": 0.4098360538482666,
      "auc": 0.8182462362360435
    },
    "g22": {
      "accuracy": 0.4377049207687378,
      "auc": 0.8327012918950035
    },
    "g23": {
      "accuracy": 0.6508196592330933,
      "auc": 0.92852287191308
    },
    "mean_auc": 0.7804229001331172,
    "std_auc": 0.058120564504667196,
    "mean_accuracy": 0.3185109266390403,
    "std_accuracy": 0.11010740145816168
  },
  "wall_time_s": 6.758242130279541,
  "epochs_run": 83,
  "peak_train_alloc_bytes": 199376896,
  "peak_train_reserved_bytes": 304087040,
  "gpu_name": "NVIDIA A100-SXM4-80GB",
  "cuda_total_memory_bytes": 85095874560,
  "git_sha": "5fb3903a1c11765c007a1686e1c9acd77b6024db",
  "argv": [
    "--model",
    "standard",
    "--channels",
    "4",
    "8",
    "--head_dim",
    "64",
    "--train_mode",
    "C",
    "--seed",
    "101112",
    "--batch_size",
    "64",
    "--output_dir",
    "/home/johmathe/bispectrum/paper/experiments/normalized_results/organ3d/n_100",
    "--data_dir",
    "./organ3d_data",
    "--subset_dir",
    "/home/johmathe/bispectrum/paper/experiments/normalized_results/subsets",
    "--patience",
    "15",
    "--epochs",
    "100",
    "--train_size",
    "100"
  ]
}