{
  "dataset": "pcam",
  "model": "norm",
  "group": "c8",
  "seed": 456,
  "train_mode": "R",
  "geometry_group": "c8",
  "growth_rate": 4,
  "n_params": 110093,
  "invariant_dim": 34,
  "train_size": null,
  "train_examples": 262144,
  "best_val_auc": 0.9667997938765348,
  "test": {
    "loss": 0.3076646376575809,
    "accuracy": 0.8681640625,
    "auc": 0.94641802226932
  },
  "test_c": {
    "loss": 0.3076646376575809,
    "accuracy": 0.8681640625,
    "auc": 0.94641802226932
  },
  "test_r": {
    "loss": 0.0,
    "accuracy": 0.857666015625,
    "auc": 0.938863878154494
  },
  "rotation_robustness": {
    "g00": {
      "accuracy": 0.8681640625,
      "auc": 0.94641802226932
    },
    "g01": {
      "accuracy": 0.847015380859375,
      "auc": 0.9313840889849527
    },
    "g02": {
      "accuracy": 0.868438720703125,
      "auc": 0.9463084763628071
    },
    "g03": {
      "accuracy": 0.846923828125,
      "auc": 0.9313905784418373
    },
    "g04": {
      "accuracy": 0.86846923828125,
      "auc": 0.9463196671369064
    },
    "g05": {
      "accuracy": 0.846954345703125,
      "auc": 0.9313906454970748
    },
    "g06": {
      "accuracy": 0.868438720703125,
      "auc": 0.9463146081917576
    },
    "g07": {
      "accuracy": 0.846923828125,
      "auc": 0.9313849383512958
    },
    "mean_auc": 0.938863878154494,
    "std_auc": 0.007476383691138597,
    "mean_accuracy": 0.857666015625,
    "std_accuracy": 0.01071206116573151
  },
  "wall_time_s": 12802.459840297699,
  "epochs_run": 17,
  "peak_train_alloc_bytes": 22325141504,
  "peak_train_reserved_bytes": 26822574080,
  "gpu_name": "NVIDIA A100-SXM4-80GB",
  "cuda_total_memory_bytes": 85095874560,
  "git_sha": "4f6f1351fe12ab869087e096175e97d4ada5c7e0",
  "argv": [
    "--model",
    "norm",
    "--group",
    "c8",
    "--geometry_group",
    "c8",
    "--growth_rate",
    "4",
    "--train_mode",
    "R",
    "--seed",
    "456",
    "--batch_size",
    "128",
    "--output_dir",
    "/home/johmathe/bispectrum/paper/experiments/normalized_results/pcam/n_full",
    "--data_dir",
    "./pcam_data",
    "--subset_dir",
    "/home/johmathe/bispectrum/paper/experiments/normalized_results/subsets",
    "--patience",
    "10",
    "--epochs",
    "50"
  ]
}