{
  "dataset": "pcam",
  "model": "norm",
  "group": "c8",
  "seed": 123,
  "train_mode": "R",
  "geometry_group": "c8",
  "growth_rate": 4,
  "n_params": 110093,
  "invariant_dim": 34,
  "train_size": null,
  "train_examples": 262144,
  "best_val_auc": 0.9691468814687741,
  "test": {
    "loss": 0.3025749879598152,
    "accuracy": 0.87860107421875,
    "auc": 0.9503988682089171
  },
  "test_c": {
    "loss": 0.3025749879598152,
    "accuracy": 0.87860107421875,
    "auc": 0.9503988682089171
  },
  "test_r": {
    "loss": 0.0,
    "accuracy": 0.8682479858398438,
    "auc": 0.9419782046486885
  },
  "rotation_robustness": {
    "g00": {
      "accuracy": 0.87860107421875,
      "auc": 0.9503988682089171
    },
    "g01": {
      "accuracy": 0.85809326171875,
      "auc": 0.9336138171966264
    },
    "g02": {
      "accuracy": 0.878326416015625,
      "auc": 0.9502960315514563
    },
    "g03": {
      "accuracy": 0.858123779296875,
      "auc": 0.9336176579716252
    },
    "g04": {
      "accuracy": 0.87835693359375,
      "auc": 0.9503093494667043
    },
    "g05": {
      "accuracy": 0.85809326171875,
      "auc": 0.9336248924867053
    },
    "g06": {
      "accuracy": 0.878326416015625,
      "auc": 0.9503122849959953
    },
    "g07": {
      "accuracy": 0.858062744140625,
      "auc": 0.9336527353114785
    },
    "mean_auc": 0.9419782046486885,
    "std_auc": 0.008350985498288605,
    "mean_accuracy": 0.8682479858398438,
    "std_accuracy": 0.010155062308007324
  }
}