{
  "dataset": "pcam",
  "model": "bispectrum",
  "group": "c8",
  "seed": 42,
  "train_mode": "R",
  "geometry_group": "c8",
  "growth_rate": 4,
  "n_params": 128345,
  "invariant_dim": 544,
  "train_size": 500,
  "train_examples": 500,
  "best_val_auc": 0.8683998860045312,
  "test": {
    "loss": 0.48027040564920753,
    "accuracy": 0.771728515625,
    "auc": 0.8571772798958671
  },
  "test_c": {
    "loss": 0.48027040564920753,
    "accuracy": 0.771728515625,
    "auc": 0.8571772798958671
  },
  "test_r": {
    "loss": 0.0,
    "accuracy": 0.7699470520019531,
    "auc": 0.8531323729212816
  },
  "rotation_robustness": {
    "g00": {
      "accuracy": 0.771728515625,
      "auc": 0.8571772798958671
    },
    "g01": {
      "accuracy": 0.76727294921875,
      "auc": 0.8489948719767806
    },
    "g02": {
      "accuracy": 0.772918701171875,
      "auc": 0.8573008142700043
    },
    "g03": {
      "accuracy": 0.76727294921875,
      "auc": 0.8489950396148747
    },
    "g04": {
      "accuracy": 0.772918701171875,
      "auc": 0.8573010489633359
    },
    "g05": {
      "accuracy": 0.76727294921875,
      "auc": 0.8489945404258835
    },
    "g06": {
      "accuracy": 0.772918701171875,
      "auc": 0.8572999611783702
    },
    "g07": {
      "accuracy": 0.76727294921875,
      "auc": 0.8489954270451364
    },
    "mean_auc": 0.8531323729212816,
    "std_auc": 0.0041375754892084655,
    "mean_accuracy": 0.7699470520019531,
    "std_accuracy": 0.0026988194592281966
  }
}