{
  "dataset": "organ3d",
  "model": "max_pool",
  "train_mode": "C",
  "seed": 42,
  "channels": [
    4,
    8
  ],
  "head_dim": 64,
  "n_params": 374423,
  "invariant_dim": 8,
  "raw_invariant_dim": 8,
  "projected_dim": 8,
  "train_size": 500,
  "train_examples": 500,
  "best_val_auc": 0.9749889345311005,
  "test": {
    "loss": 0.8612114828141009,
    "accuracy": 0.6377049088478088,
    "auc": 0.9570431597357341
  },
  "test_c": {
    "loss": 0.8612114828141009,
    "accuracy": 0.6377049088478088,
    "auc": 0.9570431597357341
  },
  "test_r": {
    "loss": 0.0,
    "accuracy": 0.6377049088478088,
    "auc": 0.9570433496438152
  },
  "rotation_robustness": {
    "g00": {
      "accuracy": 0.6377049088478088,
      "auc": 0.957043028842245
    },
    "g01": {
      "accuracy": 0.6377049088478088,
      "auc": 0.957040693133528
    },
    "g02": {
      "accuracy": 0.6377049088478088,
      "auc": 0.9570431284811373
    },
    "g03": {
      "accuracy": 0.6377049088478088,
      "auc": 0.9570431284811373
    },
    "g04": {
      "accuracy": 0.6377049088478088,
      "auc": 0.9570430942445763
    },
    "g05": {
      "accuracy": 0.6377049088478088,
      "auc": 0.9570431938834685
    },
    "g06": {
      "accuracy": 0.6377049088478088,
      "auc": 0.9570432251380653
    },
    "g07": {
      "accuracy": 0.6377049088478088,
      "auc": 0.9570481270878808
    },
    "g08": {
      "accuracy": 0.6377049088478088,
      "auc": 0.9570455950833434
    },
    "g09": {
      "accuracy": 0.6377049088478088,
      "auc": 0.957040693133528
    },
    "g10": {
      "accuracy": 0.6377049088478088,
      "auc": 0.9570430942445763
    },
    "g11": {
      "accuracy": 0.6377049088478088,
      "auc": 0.9570431284811373
    },
    "g12": {
      "accuracy": 0.6377049088478088,
      "auc": 0.9570431284811373
    },
    "g13": {
      "accuracy": 0.6377049088478088,
      "auc": 0.9570431284811373
    },
    "g14": {
      "accuracy": 0.6377049088478088,
      "auc": 0.9570431284811373
    },
    "g15": {
      "accuracy": 0.6377049088478088,
      "auc": 0.957040693133528
    },
    "g16": {
      "accuracy": 0.6377049088478088,
      "auc": 0.9570432251380653
    },
    "g17": {
      "accuracy": 0.6377049088478088,
      "auc": 0.9570455950833434
    },
    "g18": {
      "accuracy": 0.6377049088478088,
      "auc": 0.9570455950833434
    },
    "g19": {
      "accuracy": 0.6377049088478088,
      "auc": 0.9570481270878808
    },
    "g20": {
      "accuracy": 0.6377049088478088,
      "auc": 0.9570381268924296
    },
    "g21": {
      "accuracy": 0.6377049088478088,
      "auc": 0.9570456604856745
    },
    "g22": {
      "accuracy": 0.6377049088478088,
      "auc": 0.957040693133528
    },
    "g23": {
      "accuracy": 0.6377049088478088,
      "auc": 0.9570431597357341
    },
    "mean_auc": 0.9570433496438152,
    "std_auc": 2.256817706796819e-06,
    "mean_accuracy": 0.6377049088478088,
    "std_accuracy": 0.0
  }
}