{
  "model": "bispectrum",
  "group": "c8",
  "seed": 42,
  "growth_rate": 6,
  "n_params": 258193,
  "train_fraction": 0.1,
  "best_val_auc": 0.960430208954204,
  "test": {
    "loss": 0.30831730080535635,
    "accuracy": 0.884674072265625,
    "auc": 0.9390023351129682
  },
  "rotation_robustness": {
    "mean_auc": 0.0,
    "std_auc": 0.0
  }
}