{
  "dataset": "spherical_mnist",
  "model": "standard",
  "base_model": "standard",
  "train_mode": "C",
  "test_rotation_seed": 777,
  "seed": 123,
  "lmax": 15,
  "n_params": 184778,
  "invariant_dim": null,
  "train_size": null,
  "train_examples": 50000,
  "best_val_accuracy": 0.9924,
  "test_c": {
    "loss": 0.025025030839443206,
    "accuracy": 0.9917
  },
  "test": {
    "loss": 0.025025030839443206,
    "accuracy": 0.9917
  },
  "test_nr": {
    "loss": 0.025025030839443206,
    "accuracy": 0.9917
  },
  "test_r": {
    "loss": 9.846616693115234,
    "accuracy": 0.1367
  },
  "rotation_robustness": {
    "rot_00": 0.1171,
    "rot_01": 0.0973,
    "rot_02": 0.0511,
    "rot_03": 0.1552,
    "rot_04": 0.0618,
    "rot_05": 0.091,
    "rot_06": 0.0878,
    "rot_07": 0.1643,
    "rot_08": 0.0821,
    "rot_09": 0.1292,
    "mean_accuracy": 0.10368999999999999,
    "std_accuracy": 0.03549423756048297
  }
}