{
  "dataset": "organ3d",
  "model": "max_pool",
  "train_mode": "C",
  "seed": 456,
  "channels": [
    4,
    8
  ],
  "head_dim": 64,
  "n_params": 374423,
  "invariant_dim": 8,
  "raw_invariant_dim": 8,
  "projected_dim": 8,
  "train_size": null,
  "train_examples": 971,
  "best_val_auc": 0.9885977310599899,
  "test": {
    "loss": 0.7416216990986808,
    "accuracy": 0.7245901823043823,
    "auc": 0.9649663353387194
  },
  "test_c": {
    "loss": 0.7416216990986808,
    "accuracy": 0.7245901823043823,
    "auc": 0.9649663353387194
  },
  "test_r": {
    "loss": 0.0,
    "accuracy": 0.7245901823043823,
    "auc": 0.9649646377788653
  },
  "rotation_robustness": {
    "g00": {
      "accuracy": 0.7245901823043823,
      "auc": 0.9649663353387194
    },
    "g01": {
      "accuracy": 0.7245901823043823,
      "auc": 0.9649713681820241
    },
    "g02": {
      "accuracy": 0.7245901823043823,
      "auc": 0.9649688019409257
    },
    "g03": {
      "accuracy": 0.7245901823043823,
      "auc": 0.9649637690976213
    },
    "g04": {
      "accuracy": 0.7245901823043823,
      "auc": 0.9649663353387194
    },
    "g05": {
      "accuracy": 0.7245901823043823,
      "auc": 0.9649612028565229
    },
    "g06": {
      "accuracy": 0.7245901823043823,
      "auc": 0.9649663353387194
    },
    "g07": {
      "accuracy": 0.7245901823043823,
      "auc": 0.9649663353387194
    },
    "g08": {
      "accuracy": 0.7245901823043823,
      "auc": 0.9649637690976213
    },
    "g09": {
      "accuracy": 0.7245901823043823,
      "auc": 0.9649638999911102
    },
    "g10": {
      "accuracy": 0.7245901823043823,
      "auc": 0.9649663353387194
    },
    "g11": {
      "accuracy": 0.7245901823043823,
      "auc": 0.9649638003522181
    },
    "g12": {
      "accuracy": 0.7245901823043823,
      "auc": 0.9649637690976213
    },
    "g13": {
      "accuracy": 0.7245901823043823,
      "auc": 0.9649663665933162
    },
    "g14": {
      "accuracy": 0.7245901823043823,
      "auc": 0.9649664662322085
    },
    "g15": {
      "accuracy": 0.7245901823043823,
      "auc": 0.9649613337500118
    },
    "g16": {
      "accuracy": 0.7245901823043823,
      "auc": 0.9649637690976213
    },
    "g17": {
      "accuracy": 0.7245901823043823,
      "auc": 0.964963669458729
    },
    "g18": {
      "accuracy": 0.7245901823043823,
      "auc": 0.9649612028565229
    },
    "g19": {
      "accuracy": 0.7245901823043823,
      "auc": 0.9649638999911102
    },
    "g20": {
      "accuracy": 0.7245901823043823,
      "auc": 0.9649612028565229
    },
    "g21": {
      "accuracy": 0.7245901823043823,
      "auc": 0.9649637690976213
    },
    "g22": {
      "accuracy": 0.7245901823043823,
      "auc": 0.9649612341111197
    },
    "g23": {
      "accuracy": 0.7245901823043823,
      "auc": 0.9649663353387194
    },
    "mean_auc": 0.9649646377788653,
    "std_auc": 2.5054867270871735e-06,
    "mean_accuracy": 0.7245901823043823,
    "std_accuracy": 0.0
  },
  "wall_time_s": 174.42593932151794,
  "epochs_run": 68,
  "peak_train_alloc_bytes": 2697406976,
  "peak_train_reserved_bytes": 3621781504,
  "gpu_name": "NVIDIA A100-SXM4-80GB",
  "cuda_total_memory_bytes": 85095874560,
  "git_sha": "5fb3903a1c11765c007a1686e1c9acd77b6024db",
  "argv": [
    "--model",
    "max_pool",
    "--channels",
    "4",
    "8",
    "--head_dim",
    "64",
    "--train_mode",
    "C",
    "--seed",
    "456",
    "--batch_size",
    "32",
    "--output_dir",
    "/home/johmathe/bispectrum/paper/experiments/normalized_results/organ3d/n_full",
    "--data_dir",
    "./organ3d_data",
    "--subset_dir",
    "/home/johmathe/bispectrum/paper/experiments/normalized_results/subsets",
    "--patience",
    "15",
    "--epochs",
    "100"
  ]
}