{
  "dataset": "spherical_mnist",
  "model": "power_spectrum",
  "base_model": "power_spectrum",
  "train_mode": "C",
  "test_rotation_seed": 777,
  "seed": 42,
  "lmax": 15,
  "n_params": 11466,
  "invariant_dim": 16,
  "train_size": 500,
  "train_examples": 500,
  "best_val_accuracy": 0.5827,
  "test_c": {
    "loss": 1.3080652923583984,
    "accuracy": 0.5787
  },
  "test": {
    "loss": 1.3080652923583984,
    "accuracy": 0.5787
  },
  "test_nr": {
    "loss": 1.3080652923583984,
    "accuracy": 0.5787
  },
  "test_r": {
    "loss": 1.3179074584960937,
    "accuracy": 0.5732
  },
  "rotation_robustness": {
    "rot_00": 0.5731,
    "rot_01": 0.573,
    "rot_02": 0.5728,
    "rot_03": 0.5729,
    "rot_04": 0.5728,
    "rot_05": 0.5733,
    "rot_06": 0.5734,
    "rot_07": 0.5731,
    "rot_08": 0.5732,
    "rot_09": 0.5736,
    "mean_accuracy": 0.5731200000000001,
    "std_accuracy": 0.0002481934729198337
  }
}