{
  "dataset": "pcam",
  "model": "bispectrum",
  "group": "c8",
  "seed": 123,
  "train_mode": "C",
  "geometry_group": "c8",
  "growth_rate": 4,
  "n_params": 128345,
  "invariant_dim": 544,
  "train_size": 500,
  "train_examples": 500,
  "best_val_auc": 0.8730099999429658,
  "test": {
    "loss": 0.4800264408113435,
    "accuracy": 0.779327392578125,
    "auc": 0.8623705515867361
  },
  "test_c": {
    "loss": 0.4800264408113435,
    "accuracy": 0.779327392578125,
    "auc": 0.8623705515867361
  },
  "test_r": {
    "loss": 0.0,
    "accuracy": 0.7813034057617188,
    "auc": 0.8599960040852584
  },
  "rotation_robustness": {
    "g00": {
      "accuracy": 0.779327392578125,
      "auc": 0.8623705515867361
    },
    "g01": {
      "accuracy": 0.781768798828125,
      "auc": 0.8573470041528464
    },
    "g02": {
      "accuracy": 0.781341552734375,
      "auc": 0.8627366284806087
    },
    "g03": {
      "accuracy": 0.781768798828125,
      "auc": 0.8573457226527498
    },
    "g04": {
      "accuracy": 0.781341552734375,
      "auc": 0.862737980761234
    },
    "g05": {
      "accuracy": 0.781768798828125,
      "auc": 0.8573454730582541
    },
    "g06": {
      "accuracy": 0.781341552734375,
      "auc": 0.8627382862350942
    },
    "g07": {
      "accuracy": 0.781768798828125,
      "auc": 0.8573463857545439
    },
    "mean_auc": 0.8599960040852584,
    "std_auc": 0.002652240320254156,
    "mean_accuracy": 0.7813034057617188,
    "std_accuracy": 0.0007726056967610375
  }
}