{
  "dataset": "organ3d",
  "model": "bispectrum",
  "train_mode": "C",
  "seed": 123,
  "channels": [
    4,
    8
  ],
  "head_dim": 64,
  "n_params": 463167,
  "invariant_dim": 64,
  "raw_invariant_dim": 1376,
  "projected_dim": 64,
  "train_size": 500,
  "train_examples": 500,
  "best_val_auc": 0.9777793324005715,
  "test": {
    "loss": 0.9049269379162398,
    "accuracy": 0.5901639461517334,
    "auc": 0.952725771229488
  },
  "test_c": {
    "loss": 0.9049269379162398,
    "accuracy": 0.5901639461517334,
    "auc": 0.952725771229488
  },
  "test_r": {
    "loss": 0.0,
    "accuracy": 0.5901639461517334,
    "auc": 0.9527324510032346
  },
  "rotation_robustness": {
    "g00": {
      "accuracy": 0.5901639461517334,
      "auc": 0.9527281099201694
    },
    "g01": {
      "accuracy": 0.5901639461517334,
      "auc": 0.952715954874601
    },
    "g02": {
      "accuracy": 0.5901639461517334,
      "auc": 0.9527362885075678
    },
    "g03": {
      "accuracy": 0.5901639461517334,
      "auc": 0.952717941612704
    },
    "g04": {
      "accuracy": 0.5901639461517334,
      "auc": 0.952723588195565
    },
    "g05": {
      "accuracy": 0.5901639461517334,
      "auc": 0.9527461702647858
    },
    "g06": {
      "accuracy": 0.5901639461517334,
      "auc": 0.9527487365058842
    },
    "g07": {
      "accuracy": 0.5901639461517334,
      "auc": 0.9527336880299082
    },
    "g08": {
      "accuracy": 0.5901639461517334,
      "auc": 0.9527359924840286
    },
    "g09": {
      "accuracy": 0.5901639461517334,
      "auc": 0.9527259922885775
    },
    "g10": {
      "accuracy": 0.5901639461517334,
      "auc": 0.9527409068891001
    },
    "g11": {
      "accuracy": 0.5901639461517334,
      "auc": 0.9527361576140787
    },
    "g12": {
      "accuracy": 0.5901639461517334,
      "auc": 0.9527410377825891
    },
    "g13": {
      "accuracy": 0.5901639461517334,
      "auc": 0.952733339059294
    },
    "g14": {
      "accuracy": 0.5901639461517334,
      "auc": 0.9527259922885775
    },
    "g15": {
      "accuracy": 0.5901639461517334,
      "auc": 0.9527383748845627
    },
    "g16": {
      "accuracy": 0.5901639461517334,
      "auc": 0.9527359707915501
    },
    "g17": {
      "accuracy": 0.5901639461517334,
      "auc": 0.9527287860800928
    },
    "g18": {
      "accuracy": 0.5901639461517334,
      "auc": 0.9527286864412006
    },
    "g19": {
      "accuracy": 0.5901639461517334,
      "auc": 0.9527307728181958
    },
    "g20": {
      "accuracy": 0.5901639461517334,
      "auc": 0.9527335041893441
    },
    "g21": {
      "accuracy": 0.5901639461517334,
      "auc": 0.9527283717071474
    },
    "g22": {
      "accuracy": 0.5901639461517334,
      "auc": 0.9527386896186161
    },
    "g23": {
      "accuracy": 0.5901639461517334,
      "auc": 0.952725771229488
    },
    "mean_auc": 0.9527324510032346,
    "std_auc": 7.865156927056692e-06,
    "mean_accuracy": 0.5901639461517334,
    "std_accuracy": 0.0
  }
}