{
  "dataset": "pcam",
  "model": "fourier_elu",
  "group": "c8",
  "seed": 42,
  "train_mode": "R",
  "geometry_group": "c8",
  "growth_rate": 4,
  "n_params": 109815,
  "invariant_dim": 34,
  "train_size": 100,
  "train_examples": 100,
  "best_val_auc": 0.8292058355037607,
  "test": {
    "loss": 0.5135078034654725,
    "accuracy": 0.766632080078125,
    "auc": 0.8399224212624082
  },
  "test_c": {
    "loss": 0.5135078034654725,
    "accuracy": 0.766632080078125,
    "auc": 0.8399224212624082
  },
  "test_r": {
    "loss": 0.0,
    "accuracy": 0.7666969299316406,
    "auc": 0.8427214065318887
  },
  "rotation_robustness": {
    "g00": {
      "accuracy": 0.766632080078125,
      "auc": 0.8399224212624082
    },
    "g01": {
      "accuracy": 0.766693115234375,
      "auc": 0.8449867829842581
    },
    "g02": {
      "accuracy": 0.7667236328125,
      "auc": 0.8406367122799118
    },
    "g03": {
      "accuracy": 0.766693115234375,
      "auc": 0.8449848793605681
    },
    "g04": {
      "accuracy": 0.7667236328125,
      "auc": 0.8406355052856347
    },
    "g05": {
      "accuracy": 0.766693115234375,
      "auc": 0.844983329639521
    },
    "g06": {
      "accuracy": 0.7667236328125,
      "auc": 0.8406360342769537
    },
    "g07": {
      "accuracy": 0.766693115234375,
      "auc": 0.844985587165854
    },
    "mean_auc": 0.8427214065318887,
    "std_auc": 0.0022742603170854193,
    "mean_accuracy": 0.7666969299316406,
    "std_accuracy": 2.8290552090056087e-05
  }
}