{
  "dataset": "pcam",
  "model": "fourier_elu",
  "group": "c8",
  "seed": 789,
  "train_mode": "R",
  "geometry_group": "c8",
  "growth_rate": 4,
  "n_params": 109815,
  "invariant_dim": 34,
  "train_size": 2500,
  "train_examples": 2500,
  "best_val_auc": 0.884360290993249,
  "test": {
    "loss": 0.524826117703924,
    "accuracy": 0.739837646484375,
    "auc": 0.857093524178798
  },
  "test_c": {
    "loss": 0.524826117703924,
    "accuracy": 0.739837646484375,
    "auc": 0.857093524178798
  },
  "test_r": {
    "loss": 0.0,
    "accuracy": 0.7438583374023438,
    "auc": 0.8568367058783717
  },
  "rotation_robustness": {
    "g00": {
      "accuracy": 0.739837646484375,
      "auc": 0.857093524178798
    },
    "g01": {
      "accuracy": 0.74609375,
      "auc": 0.8563997893169137
    },
    "g02": {
      "accuracy": 0.742218017578125,
      "auc": 0.857332866673583
    },
    "g03": {
      "accuracy": 0.74609375,
      "auc": 0.8564012310045225
    },
    "g04": {
      "accuracy": 0.742218017578125,
      "auc": 0.8573338538756924
    },
    "g05": {
      "accuracy": 0.74609375,
      "auc": 0.8563998973503522
    },
    "g06": {
      "accuracy": 0.742218017578125,
      "auc": 0.8573340662172781
    },
    "g07": {
      "accuracy": 0.74609375,
      "auc": 0.8563984184098337
    },
    "mean_auc": 0.8568367058783717,
    "std_auc": 0.00044301335402474037,
    "mean_accuracy": 0.7438583374023438,
    "std_accuracy": 0.00235122789096603
  },
  "wall_time_s": 1091.2913048267365,
  "epochs_run": 14,
  "peak_train_alloc_bytes": 21284823552,
  "peak_train_reserved_bytes": 27682406400,
  "gpu_name": "NVIDIA A100-SXM4-80GB",
  "cuda_total_memory_bytes": 85095874560,
  "git_sha": "4f6f1351fe12ab869087e096175e97d4ada5c7e0",
  "argv": [
    "--model",
    "fourier_elu",
    "--group",
    "c8",
    "--geometry_group",
    "c8",
    "--growth_rate",
    "4",
    "--train_mode",
    "R",
    "--seed",
    "789",
    "--batch_size",
    "64",
    "--output_dir",
    "/home/johmathe/bispectrum/paper/experiments/normalized_results/pcam/n_2500",
    "--data_dir",
    "./pcam_data",
    "--subset_dir",
    "/home/johmathe/bispectrum/paper/experiments/normalized_results/subsets",
    "--patience",
    "10",
    "--epochs",
    "50",
    "--train_size",
    "2500"
  ]
}