{
  "dataset": "pcam",
  "model": "fourier_elu",
  "group": "c8",
  "seed": 42,
  "train_mode": "R",
  "geometry_group": "c8",
  "growth_rate": 4,
  "n_params": 109815,
  "invariant_dim": 34,
  "train_size": null,
  "train_examples": 262144,
  "best_val_auc": 0.9635112687574158,
  "test": {
    "loss": 0.3504019362371764,
    "accuracy": 0.876373291015625,
    "auc": 0.9440969014940715
  },
  "test_c": {
    "loss": 0.3504019362371764,
    "accuracy": 0.876373291015625,
    "auc": 0.9440969014940715
  },
  "test_r": {
    "loss": 0.0,
    "accuracy": 0.8715934753417969,
    "auc": 0.9396255041161541
  },
  "rotation_robustness": {
    "g00": {
      "accuracy": 0.876373291015625,
      "auc": 0.9440969014940715
    },
    "g01": {
      "accuracy": 0.866302490234375,
      "auc": 0.9351148486905828
    },
    "g02": {
      "accuracy": 0.877044677734375,
      "auc": 0.9441494504486139
    },
    "g03": {
      "accuracy": 0.866302490234375,
      "auc": 0.9351123043168444
    },
    "g04": {
      "accuracy": 0.877044677734375,
      "auc": 0.944147021558896
    },
    "g05": {
      "accuracy": 0.86627197265625,
      "auc": 0.9351152510220084
    },
    "g06": {
      "accuracy": 0.877105712890625,
      "auc": 0.9441526728253102
    },
    "g07": {
      "accuracy": 0.866302490234375,
      "auc": 0.9351155825729055
    },
    "mean_auc": 0.9396255041161541,
    "std_auc": 0.004511036764600757,
    "mean_accuracy": 0.8715934753417969,
    "std_accuracy": 0.005302883375737032
  }
}