{
  "dataset": "organ3d",
  "model": "max_pool",
  "train_mode": "C",
  "seed": 101112,
  "channels": [
    4,
    8
  ],
  "head_dim": 64,
  "n_params": 374423,
  "invariant_dim": 8,
  "raw_invariant_dim": 8,
  "projected_dim": 8,
  "train_size": 100,
  "train_examples": 100,
  "best_val_auc": 0.8809801754655369,
  "test": {
    "loss": 1.8394451203893443,
    "accuracy": 0.33770492672920227,
    "auc": 0.841207581837767
  },
  "test_c": {
    "loss": 1.8394451203893443,
    "accuracy": 0.33770492672920227,
    "auc": 0.841207581837767
  },
  "test_r": {
    "loss": 0.0,
    "accuracy": 0.33770492672920227,
    "auc": 0.8412121611372831
  },
  "rotation_robustness": {
    "g00": {
      "accuracy": 0.33770492672920227,
      "auc": 0.8412124525329857
    },
    "g01": {
      "accuracy": 0.33770492672920227,
      "auc": 0.8412149191351918
    },
    "g02": {
      "accuracy": 0.33770492672920227,
      "auc": 0.8412199207238995
    },
    "g03": {
      "accuracy": 0.33770492672920227,
      "auc": 0.8412174541216934
    },
    "g04": {
      "accuracy": 0.33770492672920227,
      "auc": 0.8412100171853762
    },
    "g05": {
      "accuracy": 0.33770492672920227,
      "auc": 0.8412075505831702
    },
    "g06": {
      "accuracy": 0.33770492672920227,
      "auc": 0.8412174853762902
    },
    "g07": {
      "accuracy": 0.33770492672920227,
      "auc": 0.8412124525329857
    },
    "g08": {
      "accuracy": 0.33770492672920227,
      "auc": 0.8412149191351919
    },
    "g09": {
      "accuracy": 0.33770492672920227,
      "auc": 0.8412199207238995
    },
    "g10": {
      "accuracy": 0.33770492672920227,
      "auc": 0.8412124212783888
    },
    "g11": {
      "accuracy": 0.33770492672920227,
      "auc": 0.8412149191351919
    },
    "g12": {
      "accuracy": 0.33770492672920227,
      "auc": 0.8412100171853762
    },
    "g13": {
      "accuracy": 0.33770492672920227,
      "auc": 0.8412124837875825
    },
    "g14": {
      "accuracy": 0.33770492672920227,
      "auc": 0.8412074509442781
    },
    "g15": {
      "accuracy": 0.33770492672920227,
      "auc": 0.8412074821988749
    },
    "g16": {
      "accuracy": 0.33770492672920227,
      "auc": 0.841210048439973
    },
    "g17": {
      "accuracy": 0.33770492672920227,
      "auc": 0.8412148878805951
    },
    "g18": {
      "accuracy": 0.33770492672920227,
      "auc": 0.8412099175464841
    },
    "g19": {
      "accuracy": 0.33770492672920227,
      "auc": 0.8412124837875825
    },
    "g20": {
      "accuracy": 0.33770492672920227,
      "auc": 0.841207581837767
    },
    "g21": {
      "accuracy": 0.33770492672920227,
      "auc": 0.8412100171853762
    },
    "g22": {
      "accuracy": 0.33770492672920227,
      "auc": 0.8412074821988749
    },
    "g23": {
      "accuracy": 0.33770492672920227,
      "auc": 0.841207581837767
    },
    "mean_auc": 0.8412121611372831,
    "std_auc": 3.872665247095479e-06,
    "mean_accuracy": 0.33770492672920227,
    "std_accuracy": 0.0
  },
  "wall_time_s": 21.296604871749878,
  "epochs_run": 52,
  "peak_train_alloc_bytes": 2697406976,
  "peak_train_reserved_bytes": 3625975808,
  "gpu_name": "NVIDIA A100-SXM4-80GB",
  "cuda_total_memory_bytes": 85095874560,
  "git_sha": "5fb3903a1c11765c007a1686e1c9acd77b6024db",
  "argv": [
    "--model",
    "max_pool",
    "--channels",
    "4",
    "8",
    "--head_dim",
    "64",
    "--train_mode",
    "C",
    "--seed",
    "101112",
    "--batch_size",
    "32",
    "--output_dir",
    "/home/johmathe/bispectrum/paper/experiments/normalized_results/organ3d/n_100",
    "--data_dir",
    "./organ3d_data",
    "--subset_dir",
    "/home/johmathe/bispectrum/paper/experiments/normalized_results/subsets",
    "--patience",
    "15",
    "--epochs",
    "100",
    "--train_size",
    "100"
  ]
}