{
  "dataset": "pcam",
  "model": "norm",
  "group": "c8",
  "seed": 123,
  "train_mode": "C",
  "geometry_group": "c8",
  "growth_rate": 4,
  "n_params": 110093,
  "invariant_dim": 34,
  "train_size": 100,
  "train_examples": 100,
  "best_val_auc": 0.834825395925768,
  "test": {
    "loss": 0.6824760672170669,
    "accuracy": 0.49951171875,
    "auc": 0.8121586173615316
  },
  "test_c": {
    "loss": 0.6824760672170669,
    "accuracy": 0.49951171875,
    "auc": 0.8121586173615316
  },
  "test_r": {
    "loss": 0.0,
    "accuracy": 0.4998626708984375,
    "auc": 0.8077889539549453
  },
  "rotation_robustness": {
    "g00": {
      "accuracy": 0.49951171875,
      "auc": 0.8121586173615316
    },
    "g01": {
      "accuracy": 0.500213623046875,
      "auc": 0.8035340211285913
    },
    "g02": {
      "accuracy": 0.49951171875,
      "auc": 0.8119769498216753
    },
    "g03": {
      "accuracy": 0.500213623046875,
      "auc": 0.803546180478345
    },
    "g04": {
      "accuracy": 0.49951171875,
      "auc": 0.8119904279244354
    },
    "g05": {
      "accuracy": 0.500213623046875,
      "auc": 0.8035715944134002
    },
    "g06": {
      "accuracy": 0.49951171875,
      "auc": 0.8119830891012079
    },
    "g07": {
      "accuracy": 0.500213623046875,
      "auc": 0.8035507514103756
    },
    "mean_auc": 0.8077889539549453,
    "std_auc": 0.004238668470905868,
    "mean_accuracy": 0.4998626708984375,
    "std_accuracy": 0.0003509521484375
  }
}