{
  "dataset": "pcam",
  "model": "standard",
  "group": "c8",
  "seed": 123,
  "train_mode": "R",
  "geometry_group": "c8",
  "growth_rate": 12,
  "n_params": 101959,
  "invariant_dim": 90,
  "train_size": 500,
  "train_examples": 500,
  "best_val_auc": 0.8737087048011221,
  "test": {
    "loss": 0.4795863516628742,
    "accuracy": 0.80157470703125,
    "auc": 0.8868687430641369
  },
  "test_c": {
    "loss": 0.4795863516628742,
    "accuracy": 0.80157470703125,
    "auc": 0.8868687430641369
  },
  "test_r": {
    "loss": 0.0,
    "accuracy": 0.7952461242675781,
    "auc": 0.8845072541045228
  },
  "rotation_robustness": {
    "g00": {
      "accuracy": 0.80157470703125,
      "auc": 0.8868687430641369
    },
    "g01": {
      "accuracy": 0.78936767578125,
      "auc": 0.8817060560122011
    },
    "g02": {
      "accuracy": 0.800689697265625,
      "auc": 0.8874450902819985
    },
    "g03": {
      "accuracy": 0.78875732421875,
      "auc": 0.8818732358954421
    },
    "g04": {
      "accuracy": 0.799774169921875,
      "auc": 0.88764280637539
    },
    "g05": {
      "accuracy": 0.789825439453125,
      "auc": 0.8818901561670663
    },
    "g06": {
      "accuracy": 0.80145263671875,
      "auc": 0.8871178234695395
    },
    "g07": {
      "accuracy": 0.79052734375,
      "auc": 0.8815141215704082
    },
    "mean_auc": 0.8845072541045228,
    "std_auc": 0.002771440929917538,
    "mean_accuracy": 0.7952461242675781,
    "std_accuracy": 0.0056680997382992145
  }
}