{
  "dataset": "organ3d",
  "model": "standard",
  "train_mode": "C",
  "seed": 42,
  "channels": [
    4,
    8
  ],
  "head_dim": 64,
  "n_params": 16071,
  "invariant_dim": 8,
  "raw_invariant_dim": 8,
  "projected_dim": 8,
  "train_size": null,
  "train_examples": 971,
  "best_val_auc": 0.999487879531718,
  "test": {
    "loss": 0.5610387583247951,
    "accuracy": 0.8770492076873779,
    "auc": 0.9896736801058981
  },
  "test_c": {
    "loss": 0.5610387583247951,
    "accuracy": 0.8770492076873779,
    "auc": 0.9896736801058981
  },
  "test_r": {
    "loss": 0.0,
    "accuracy": 0.3806693982332945,
    "auc": 0.7893258020427717
  },
  "rotation_robustness": {
    "g00": {
      "accuracy": 0.41475409269332886,
      "auc": 0.8494736817183157
    },
    "g01": {
      "accuracy": 0.3786885142326355,
      "auc": 0.7896835822749636
    },
    "g02": {
      "accuracy": 0.3131147623062134,
      "auc": 0.7556387313519021
    },
    "g03": {
      "accuracy": 0.39344263076782227,
      "auc": 0.8619441440674063
    },
    "g04": {
      "accuracy": 0.3639344274997711,
      "auc": 0.814200119312744
    },
    "g05": {
      "accuracy": 0.2704918086528778,
      "auc": 0.667208762490956
    },
    "g06": {
      "accuracy": 0.2704918086528778,
      "auc": 0.6865625742496186
    },
    "g07": {
      "accuracy": 0.47049179673194885,
      "auc": 0.8423628730661302
    },
    "g08": {
      "accuracy": 0.3163934350013733,
      "auc": 0.79656143516579
    },
    "g09": {
      "accuracy": 0.33770492672920227,
      "auc": 0.7757584753174572
    },
    "g10": {
      "accuracy": 0.21803279221057892,
      "auc": 0.7189629236391949
    },
    "g11": {
      "accuracy": 0.3508196771144867,
      "auc": 0.7617474585494698
    },
    "g12": {
      "accuracy": 0.3131147623062134,
      "auc": 0.7542235509716245
    },
    "g13": {
      "accuracy": 0.3262295126914978,
      "auc": 0.7618102857055784
    },
    "g14": {
      "accuracy": 0.2295081913471222,
      "auc": 0.673412874307484
    },
    "g15": {
      "accuracy": 0.3360655605792999,
      "auc": 0.7649519849020138
    },
    "g16": {
      "accuracy": 0.49508196115493774,
      "auc": 0.8533358242631248
    },
    "g17": {
      "accuracy": 0.2950819730758667,
      "auc": 0.6943530831768377
    },
    "g18": {
      "accuracy": 0.3163934350013733,
      "auc": 0.7199983181698794
    },
    "g19": {
      "accuracy": 0.3606557250022888,
      "auc": 0.7779160176304153
    },
    "g20": {
      "accuracy": 0.4590163826942444,
      "auc": 0.8931279009249405
    },
    "g21": {
      "accuracy": 0.5049180388450623,
      "auc": 0.8603118376201725
    },
    "g22": {
      "accuracy": 0.5245901346206665,
      "auc": 0.8805991300446028
    },
    "g23": {
      "accuracy": 0.8770492076873779,
      "auc": 0.9896736801058981
    },
    "mean_auc": 0.7893258020427717,
    "std_auc": 0.07725372419345715,
    "mean_accuracy": 0.3806693982332945,
    "std_accuracy": 0.13194598260978344
  }
}