{
  "dataset": "spherical_mnist",
  "model": "bispectrum",
  "base_model": "bispectrum",
  "train_mode": "C",
  "test_rotation_seed": 777,
  "seed": 42,
  "lmax": 15,
  "n_params": 231818,
  "invariant_dim": 768,
  "train_size": null,
  "train_examples": 50000,
  "best_val_accuracy": 0.9565,
  "test_c": {
    "loss": 0.1589274819135666,
    "accuracy": 0.9492
  },
  "test": {
    "loss": 0.1589274819135666,
    "accuracy": 0.9492
  },
  "test_nr": {
    "loss": 0.1589274819135666,
    "accuracy": 0.9492
  },
  "test_r": {
    "loss": 0.15942918567657471,
    "accuracy": 0.949
  },
  "rotation_robustness": {
    "rot_00": 0.949,
    "rot_01": 0.9487,
    "rot_02": 0.9489,
    "rot_03": 0.9491,
    "rot_04": 0.9492,
    "rot_05": 0.949,
    "rot_06": 0.949,
    "rot_07": 0.949,
    "rot_08": 0.949,
    "rot_09": 0.9489,
    "mean_accuracy": 0.9489799999999999,
    "std_accuracy": 0.00012489995996798443
  }
}