{
  "dataset": "pcam",
  "model": "norm",
  "group": "c8",
  "seed": 123,
  "train_mode": "R",
  "geometry_group": "c8",
  "growth_rate": 4,
  "n_params": 110093,
  "invariant_dim": 34,
  "train_size": 500,
  "train_examples": 500,
  "best_val_auc": 0.8582121174697818,
  "test": {
    "loss": 0.4807727378793061,
    "accuracy": 0.781402587890625,
    "auc": 0.8536487178086757
  },
  "test_c": {
    "loss": 0.4807727378793061,
    "accuracy": 0.781402587890625,
    "auc": 0.8536487178086757
  },
  "test_r": {
    "loss": 0.0,
    "accuracy": 0.7751388549804688,
    "auc": 0.848787545098326
  },
  "rotation_robustness": {
    "g00": {
      "accuracy": 0.781402587890625,
      "auc": 0.8536487178086757
    },
    "g01": {
      "accuracy": 0.768829345703125,
      "auc": 0.8440038239813871
    },
    "g02": {
      "accuracy": 0.781463623046875,
      "auc": 0.8535476245873929
    },
    "g03": {
      "accuracy": 0.768829345703125,
      "auc": 0.8440032279348305
    },
    "g04": {
      "accuracy": 0.781463623046875,
      "auc": 0.8535474532240078
    },
    "g05": {
      "accuracy": 0.768829345703125,
      "auc": 0.8440012609811939
    },
    "g06": {
      "accuracy": 0.781463623046875,
      "auc": 0.8535457246889938
    },
    "g07": {
      "accuracy": 0.768829345703125,
      "auc": 0.8440025275801266
    },
    "mean_auc": 0.848787545098326,
    "std_auc": 0.004784936545935252,
    "mean_accuracy": 0.7751388549804688,
    "std_accuracy": 0.006309536953442173
  }
}