{
  "dataset": "organ3d",
  "model": "bispectrum",
  "train_mode": "C",
  "seed": 42,
  "channels": [
    4,
    8
  ],
  "head_dim": 64,
  "n_params": 463167,
  "invariant_dim": 64,
  "raw_invariant_dim": 1376,
  "projected_dim": 64,
  "train_size": null,
  "train_examples": 971,
  "best_val_auc": 0.9901456474051501,
  "test": {
    "loss": 0.665956832541794,
    "accuracy": 0.7180327773094177,
    "auc": 0.9727842135124086
  },
  "test_c": {
    "loss": 0.665956832541794,
    "accuracy": 0.7180327773094177,
    "auc": 0.9727842135124086
  },
  "test_r": {
    "loss": 0.0,
    "accuracy": 0.7182376980781555,
    "auc": 0.972779927781342
  },
  "rotation_robustness": {
    "g00": {
      "accuracy": 0.7180327773094177,
      "auc": 0.972786517966529
    },
    "g01": {
      "accuracy": 0.7180327773094177,
      "auc": 0.9727840826189197
    },
    "g02": {
      "accuracy": 0.7180327773094177,
      "auc": 0.9727714819458092
    },
    "g03": {
      "accuracy": 0.7180327773094177,
      "auc": 0.9727816160167134
    },
    "g04": {
      "accuracy": 0.7196721434593201,
      "auc": 0.9727740481869074
    },
    "g05": {
      "accuracy": 0.7180327773094177,
      "auc": 0.972773718015634
    },
    "g06": {
      "accuracy": 0.7180327773094177,
      "auc": 0.9727790497756152
    },
    "g07": {
      "accuracy": 0.7196721434593201,
      "auc": 0.9727739172934183
    },
    "g08": {
      "accuracy": 0.7180327773094177,
      "auc": 0.9727813854843322
    },
    "g09": {
      "accuracy": 0.7180327773094177,
      "auc": 0.9727839517254306
    },
    "g10": {
      "accuracy": 0.7180327773094177,
      "auc": 0.9727789813913197
    },
    "g11": {
      "accuracy": 0.7180327773094177,
      "auc": 0.9727864183276367
    },
    "g12": {
      "accuracy": 0.7180327773094177,
      "auc": 0.9727813854843322
    },
    "g13": {
      "accuracy": 0.7180327773094177,
      "auc": 0.9727865492211257
    },
    "g14": {
      "accuracy": 0.7196721434593201,
      "auc": 0.9727865492211257
    },
    "g15": {
      "accuracy": 0.7180327773094177,
      "auc": 0.9727789188821262
    },
    "g16": {
      "accuracy": 0.7180327773094177,
      "auc": 0.972776714066898
    },
    "g17": {
      "accuracy": 0.7180327773094177,
      "auc": 0.9727813542297354
    },
    "g18": {
      "accuracy": 0.7180327773094177,
      "auc": 0.9727739485480152
    },
    "g19": {
      "accuracy": 0.7180327773094177,
      "auc": 0.9727763526410278
    },
    "g20": {
      "accuracy": 0.7180327773094177,
      "auc": 0.9727815476324181
    },
    "g21": {
      "accuracy": 0.7180327773094177,
      "auc": 0.9727687848112218
    },
    "g22": {
      "accuracy": 0.7180327773094177,
      "auc": 0.9727867797535071
    },
    "g23": {
      "accuracy": 0.7180327773094177,
      "auc": 0.9727842135124086
    },
    "mean_auc": 0.972779927781342,
    "std_auc": 5.204465374831983e-06,
    "mean_accuracy": 0.7182376980781555,
    "std_accuracy": 0.0005421693925523795
  }
}