{
  "dataset": "pcam",
  "model": "norm",
  "group": "c8",
  "seed": 42,
  "train_mode": "R",
  "geometry_group": "c8",
  "growth_rate": 4,
  "n_params": 110093,
  "invariant_dim": 34,
  "train_size": 100,
  "train_examples": 100,
  "best_val_auc": 0.8241952115443446,
  "test": {
    "loss": 0.5461621929425746,
    "accuracy": 0.753448486328125,
    "auc": 0.8125970803844069
  },
  "test_c": {
    "loss": 0.5461621929425746,
    "accuracy": 0.753448486328125,
    "auc": 0.8125970803844069
  },
  "test_r": {
    "loss": 0.0,
    "accuracy": 0.7449951171875,
    "auc": 0.8071319793331139
  },
  "rotation_robustness": {
    "g00": {
      "accuracy": 0.753448486328125,
      "auc": 0.8125970803844069
    },
    "g01": {
      "accuracy": 0.735992431640625,
      "auc": 0.8014557148193197
    },
    "g02": {
      "accuracy": 0.754180908203125,
      "auc": 0.8128796884086159
    },
    "g03": {
      "accuracy": 0.735992431640625,
      "auc": 0.8014532933801837
    },
    "g04": {
      "accuracy": 0.754180908203125,
      "auc": 0.8128773750029183
    },
    "g05": {
      "accuracy": 0.735992431640625,
      "auc": 0.801456165579528
    },
    "g06": {
      "accuracy": 0.754180908203125,
      "auc": 0.8128806122807786
    },
    "g07": {
      "accuracy": 0.735992431640625,
      "auc": 0.8014559048091595
    },
    "mean_auc": 0.8071319793331139,
    "std_auc": 0.005677367105847581,
    "mean_accuracy": 0.7449951171875,
    "std_accuracy": 0.00900547824798557
  }
}