{
  "dataset": "organ3d",
  "model": "max_pool",
  "train_mode": "C",
  "seed": 123,
  "channels": [
    4,
    8
  ],
  "head_dim": 64,
  "n_params": 374423,
  "invariant_dim": 8,
  "raw_invariant_dim": 8,
  "projected_dim": 8,
  "train_size": 100,
  "train_examples": 100,
  "best_val_auc": 0.9148314059065701,
  "test": {
    "loss": 2.0583856301229506,
    "accuracy": 0.2573770582675934,
    "auc": 0.8354959244775003
  },
  "test_c": {
    "loss": 2.0583856301229506,
    "accuracy": 0.2573770582675934,
    "auc": 0.8354959244775003
  },
  "test_r": {
    "loss": 0.0,
    "accuracy": 0.2573770582675934,
    "auc": 0.8354958815109912
  },
  "rotation_robustness": {
    "g00": {
      "accuracy": 0.2573770582675934,
      "auc": 0.8355008388825719
    },
    "g01": {
      "accuracy": 0.2573770582675934,
      "auc": 0.835499067743717
    },
    "g02": {
      "accuracy": 0.2573770582675934,
      "auc": 0.8355015030913264
    },
    "g03": {
      "accuracy": 0.2573770582675934,
      "auc": 0.8354941970484984
    },
    "g04": {
      "accuracy": 0.2573770582675934,
      "auc": 0.8354934891298911
    },
    "g05": {
      "accuracy": 0.2573770582675934,
      "auc": 0.8354934891298911
    },
    "g06": {
      "accuracy": 0.2573770582675934,
      "auc": 0.8354966323961078
    },
    "g07": {
      "accuracy": 0.2573770582675934,
      "auc": 0.8354910537822817
    },
    "g08": {
      "accuracy": 0.2573770582675934,
      "auc": 0.8355015030913264
    },
    "g09": {
      "accuracy": 0.2573770582675934,
      "auc": 0.8354966323961078
    },
    "g10": {
      "accuracy": 0.2573770582675934,
      "auc": 0.8355008388825719
    },
    "g11": {
      "accuracy": 0.2573770582675934,
      "auc": 0.8354910537822817
    },
    "g12": {
      "accuracy": 0.2573770582675934,
      "auc": 0.8354909228887927
    },
    "g13": {
      "accuracy": 0.2573770582675934,
      "auc": 0.8354910537822817
    },
    "g14": {
      "accuracy": 0.2573770582675934,
      "auc": 0.8355039821487885
    },
    "g15": {
      "accuracy": 0.2573770582675934,
      "auc": 0.835493392472963
    },
    "g16": {
      "accuracy": 0.2573770582675934,
      "auc": 0.8354934891298911
    },
    "g17": {
      "accuracy": 0.2573770582675934,
      "auc": 0.8355015030913264
    },
    "g18": {
      "accuracy": 0.2573770582675934,
      "auc": 0.8354959244775003
    },
    "g19": {
      "accuracy": 0.2573770582675934,
      "auc": 0.8354934891298911
    },
    "g20": {
      "accuracy": 0.2573770582675934,
      "auc": 0.8354941970484984
    },
    "g21": {
      "accuracy": 0.2573770582675934,
      "auc": 0.8354959244775003
    },
    "g22": {
      "accuracy": 0.2573770582675934,
      "auc": 0.8354910537822817
    },
    "g23": {
      "accuracy": 0.2573770582675934,
      "auc": 0.8354959244775003
    },
    "mean_auc": 0.8354958815109912,
    "std_auc": 3.944632686928518e-06,
    "mean_accuracy": 0.2573770582675934,
    "std_accuracy": 0.0
  }
}