{
  "dataset": "spherical_mnist",
  "model": "standard",
  "base_model": "standard",
  "train_mode": "C",
  "test_rotation_seed": 777,
  "seed": 42,
  "lmax": 15,
  "n_params": 184778,
  "invariant_dim": null,
  "train_size": 12500,
  "train_examples": 12500,
  "best_val_accuracy": 0.9846,
  "test_c": {
    "loss": 0.04692666232585907,
    "accuracy": 0.9856
  },
  "test": {
    "loss": 0.04692666232585907,
    "accuracy": 0.9856
  },
  "test_nr": {
    "loss": 0.04692666232585907,
    "accuracy": 0.9856
  },
  "test_r": {
    "loss": 10.011429975891113,
    "accuracy": 0.1301
  },
  "rotation_robustness": {
    "rot_00": 0.109,
    "rot_01": 0.1424,
    "rot_02": 0.0385,
    "rot_03": 0.122,
    "rot_04": 0.0381,
    "rot_05": 0.1002,
    "rot_06": 0.1411,
    "rot_07": 0.1478,
    "rot_08": 0.087,
    "rot_09": 0.1282,
    "mean_accuracy": 0.10543,
    "std_accuracy": 0.03823624066249191
  }
}