{
  "dataset": "spherical_mnist",
  "model": "power_spectrum_matched",
  "base_model": "power_spectrum",
  "train_mode": "R",
  "test_rotation_seed": 777,
  "seed": 42,
  "lmax": 15,
  "n_params": 231906,
  "invariant_dim": 16,
  "train_size": null,
  "train_examples": 50000,
  "best_val_accuracy": 0.8158,
  "test_c": {
    "loss": 0.5986274996757507,
    "accuracy": 0.7988
  },
  "test": {
    "loss": 0.5986274996757507,
    "accuracy": 0.7988
  },
  "test_nr": {
    "loss": 0.5986274996757507,
    "accuracy": 0.7988
  },
  "test_r": {
    "loss": 0.5928370542526246,
    "accuracy": 0.7998
  },
  "rotation_robustness": {
    "rot_00": 0.7997,
    "rot_01": 0.799,
    "rot_02": 0.7992,
    "rot_03": 0.7998,
    "rot_04": 0.7998,
    "rot_05": 0.7995,
    "rot_06": 0.7995,
    "rot_07": 0.7995,
    "rot_08": 0.7996,
    "rot_09": 0.7994,
    "mean_accuracy": 0.7995,
    "std_accuracy": 0.00024083189157581938
  }
}