{
  "dataset": "pcam",
  "model": "standard",
  "group": "c8",
  "seed": 456,
  "train_mode": "C",
  "geometry_group": "c8",
  "growth_rate": 12,
  "n_params": 101959,
  "invariant_dim": 90,
  "train_size": 2500,
  "train_examples": 2500,
  "best_val_auc": 0.9052443976699914,
  "test": {
    "loss": 0.40650616493076086,
    "accuracy": 0.82208251953125,
    "auc": 0.8995758447021857
  },
  "test_c": {
    "loss": 0.40650616493076086,
    "accuracy": 0.82208251953125,
    "auc": 0.8995758447021857
  },
  "test_r": {
    "loss": 0.0,
    "accuracy": 0.8119888305664062,
    "auc": 0.8950190082413383
  },
  "rotation_robustness": {
    "g00": {
      "accuracy": 0.82208251953125,
      "auc": 0.8995758447021857
    },
    "g01": {
      "accuracy": 0.806182861328125,
      "auc": 0.8926117298676624
    },
    "g02": {
      "accuracy": 0.817779541015625,
      "auc": 0.8984148503181624
    },
    "g03": {
      "accuracy": 0.797210693359375,
      "auc": 0.8900223955925457
    },
    "g04": {
      "accuracy": 0.816864013671875,
      "auc": 0.8948884302732836
    },
    "g05": {
      "accuracy": 0.805755615234375,
      "auc": 0.8922902409815111
    },
    "g06": {
      "accuracy": 0.8233642578125,
      "auc": 0.901165146965877
    },
    "g07": {
      "accuracy": 0.806671142578125,
      "auc": 0.8911834272294787
    },
    "mean_auc": 0.8950190082413383,
    "std_auc": 0.003921217179587496,
    "mean_accuracy": 0.8119888305664062,
    "std_accuracy": 0.008716478910593782
  },
  "wall_time_s": 282.87378668785095,
  "epochs_run": 33,
  "peak_train_alloc_bytes": 25105594368,
  "peak_train_reserved_bytes": 31281119232,
  "gpu_name": "NVIDIA A100-SXM4-80GB",
  "cuda_total_memory_bytes": 85095874560,
  "git_sha": "5fb3903a1c11765c007a1686e1c9acd77b6024db",
  "argv": [
    "--model",
    "standard",
    "--group",
    "c8",
    "--geometry_group",
    "c8",
    "--growth_rate",
    "12",
    "--train_mode",
    "C",
    "--seed",
    "456",
    "--batch_size",
    "1024",
    "--output_dir",
    "/home/johmathe/bispectrum/paper/experiments/normalized_results/pcam/n_2500",
    "--data_dir",
    "./pcam_data",
    "--subset_dir",
    "/home/johmathe/bispectrum/paper/experiments/normalized_results/subsets",
    "--patience",
    "10",
    "--epochs",
    "50",
    "--train_size",
    "2500"
  ]
}