{
  "dataset": "pcam",
  "model": "gate",
  "group": "c8",
  "seed": 456,
  "train_mode": "R",
  "geometry_group": "c8",
  "growth_rate": 3,
  "n_params": 135682,
  "invariant_dim": 27,
  "train_size": 12500,
  "train_examples": 12500,
  "best_val_auc": 0.9427287284805026,
  "test": {
    "loss": 0.40019678411772475,
    "accuracy": 0.829833984375,
    "auc": 0.9099241889502304
  },
  "test_c": {
    "loss": 0.40019678411772475,
    "accuracy": 0.829833984375,
    "auc": 0.9099241889502304
  },
  "test_r": {
    "loss": 0.0,
    "accuracy": 0.8169136047363281,
    "auc": 0.9036849677769967
  },
  "rotation_robustness": {
    "g00": {
      "accuracy": 0.829833984375,
      "auc": 0.9099241889502304
    },
    "g01": {
      "accuracy": 0.8038330078125,
      "auc": 0.897412400592892
    },
    "g02": {
      "accuracy": 0.830078125,
      "auc": 0.909970121787995
    },
    "g03": {
      "accuracy": 0.80377197265625,
      "auc": 0.8974115214242211
    },
    "g04": {
      "accuracy": 0.830108642578125,
      "auc": 0.90997151132153
    },
    "g05": {
      "accuracy": 0.80377197265625,
      "auc": 0.8974111339939593
    },
    "g06": {
      "accuracy": 0.830108642578125,
      "auc": 0.9099653645914154
    },
    "g07": {
      "accuracy": 0.803802490234375,
      "auc": 0.8974134995537306
    },
    "mean_auc": 0.9036849677769967,
    "std_auc": 0.0062728441307277815,
    "mean_accuracy": 0.8169136047363281,
    "std_accuracy": 0.013119009003618573
  },
  "wall_time_s": 2975.0177125930786,
  "epochs_run": 50,
  "peak_train_alloc_bytes": 19903905792,
  "peak_train_reserved_bytes": 24054333440,
  "gpu_name": "NVIDIA A100-SXM4-80GB",
  "cuda_total_memory_bytes": 85095874560,
  "git_sha": "5fb3903a1c11765c007a1686e1c9acd77b6024db",
  "argv": [
    "--model",
    "gate",
    "--group",
    "c8",
    "--geometry_group",
    "c8",
    "--growth_rate",
    "3",
    "--train_mode",
    "R",
    "--seed",
    "456",
    "--batch_size",
    "128",
    "--output_dir",
    "/home/johmathe/bispectrum/paper/experiments/normalized_results/pcam/n_12500",
    "--data_dir",
    "./pcam_data",
    "--subset_dir",
    "/home/johmathe/bispectrum/paper/experiments/normalized_results/subsets",
    "--patience",
    "10",
    "--epochs",
    "50",
    "--train_size",
    "12500"
  ]
}