{
  "dataset": "organ3d",
  "model": "standard",
  "train_mode": "R",
  "seed": 42,
  "channels": [
    4,
    8
  ],
  "head_dim": 64,
  "n_params": 16071,
  "invariant_dim": 8,
  "raw_invariant_dim": 8,
  "projected_dim": 8,
  "train_size": 500,
  "train_examples": 500,
  "best_val_auc": 0.9828513681128086,
  "test": {
    "loss": 1.1595033739433913,
    "accuracy": 0.5721311569213867,
    "auc": 0.9368256730063489
  },
  "test_c": {
    "loss": 1.1595033739433913,
    "accuracy": 0.5721311569213867,
    "auc": 0.9368256730063489
  },
  "test_r": {
    "loss": 0.0,
    "accuracy": 0.5972677568594614,
    "auc": 0.9375390329147445
  },
  "rotation_robustness": {
    "g00": {
      "accuracy": 0.5721311569213867,
      "auc": 0.934555310026984
    },
    "g01": {
      "accuracy": 0.6032786965370178,
      "auc": 0.9371746468069166
    },
    "g02": {
      "accuracy": 0.6032786965370178,
      "auc": 0.9391475619897084
    },
    "g03": {
      "accuracy": 0.5868852734565735,
      "auc": 0.9373413981114737
    },
    "g04": {
      "accuracy": 0.6065573692321777,
      "auc": 0.939193898890636
    },
    "g05": {
      "accuracy": 0.6180328130722046,
      "auc": 0.9396774445894388
    },
    "g06": {
      "accuracy": 0.6016393303871155,
      "auc": 0.9385720584418298
    },
    "g07": {
      "accuracy": 0.6131147742271423,
      "auc": 0.9386906008396813
    },
    "g08": {
      "accuracy": 0.6065573692321777,
      "auc": 0.940218886526036
    },
    "g09": {
      "accuracy": 0.591803252696991,
      "auc": 0.9360536355251307
    },
    "g10": {
      "accuracy": 0.5786885023117065,
      "auc": 0.9348209029813005
    },
    "g11": {
      "accuracy": 0.588524580001831,
      "auc": 0.9342083824729571
    },
    "g12": {
      "accuracy": 0.6016393303871155,
      "auc": 0.9363657677958032
    },
    "g13": {
      "accuracy": 0.6229507923126221,
      "auc": 0.9382822561224196
    },
    "g14": {
      "accuracy": 0.5803278684616089,
      "auc": 0.9342284383043225
    },
    "g15": {
      "accuracy": 0.588524580001831,
      "auc": 0.9321890206602642
    },
    "g16": {
      "accuracy": 0.6032786965370178,
      "auc": 0.9417863014551983
    },
    "g17": {
      "accuracy": 0.5836065411567688,
      "auc": 0.9381600745635604
    },
    "g18": {
      "accuracy": 0.588524580001831,
      "auc": 0.9383994102721069
    },
    "g19": {
      "accuracy": 0.591803252696991,
      "auc": 0.9385331934143886
    },
    "g20": {
      "accuracy": 0.6147540807723999,
      "auc": 0.9381616634376829
    },
    "g21": {
      "accuracy": 0.5983606576919556,
      "auc": 0.9380210812518874
    },
    "g22": {
      "accuracy": 0.6180328130722046,
      "auc": 0.9403291824677944
    },
    "g23": {
      "accuracy": 0.5721311569213867,
      "auc": 0.9368256730063489
    },
    "mean_auc": 0.9375390329147445,
    "std_auc": 0.002234343374023209,
    "mean_accuracy": 0.5972677568594614,
    "std_accuracy": 0.014257480904977679
  }
}