{
  "dataset": "organ3d",
  "model": "standard",
  "train_mode": "R",
  "seed": 123,
  "channels": [
    4,
    8
  ],
  "head_dim": 64,
  "n_params": 16071,
  "invariant_dim": 8,
  "raw_invariant_dim": 8,
  "projected_dim": 8,
  "train_size": 500,
  "train_examples": 500,
  "best_val_auc": 0.9328588928479995,
  "test": {
    "loss": 1.791860911885246,
    "accuracy": 0.47704917192459106,
    "auc": 0.898660749499898
  },
  "test_c": {
    "loss": 1.791860911885246,
    "accuracy": 0.47704917192459106,
    "auc": 0.898660749499898
  },
  "test_r": {
    "loss": 0.0,
    "accuracy": 0.47008196885387105,
    "auc": 0.896952148154937
  },
  "rotation_robustness": {
    "g00": {
      "accuracy": 0.47377049922943115,
      "auc": 0.8958574041869379
    },
    "g01": {
      "accuracy": 0.4590163826942444,
      "auc": 0.8952389459308054
    },
    "g02": {
      "accuracy": 0.48032787442207336,
      "auc": 0.8994903439123754
    },
    "g03": {
      "accuracy": 0.46393442153930664,
      "auc": 0.8950528850528321
    },
    "g04": {
      "accuracy": 0.4786885380744934,
      "auc": 0.9009259274336036
    },
    "g05": {
      "accuracy": 0.46065574884414673,
      "auc": 0.8909016664208619
    },
    "g06": {
      "accuracy": 0.4524590075016022,
      "auc": 0.8991333426599628
    },
    "g07": {
      "accuracy": 0.46721312403678894,
      "auc": 0.8975202894070811
    },
    "g08": {
      "accuracy": 0.4836065471172333,
      "auc": 0.8985040374480016
    },
    "g09": {
      "accuracy": 0.48032787442207336,
      "auc": 0.8948097244520898
    },
    "g10": {
      "accuracy": 0.4622950851917267,
      "auc": 0.8900613869165978
    },
    "g11": {
      "accuracy": 0.4622950851917267,
      "auc": 0.8938961524411184
    },
    "g12": {
      "accuracy": 0.4622950851917267,
      "auc": 0.8989386725708589
    },
    "g13": {
      "accuracy": 0.4754098355770111,
      "auc": 0.90184216520773
    },
    "g14": {
      "accuracy": 0.46065574884414673,
      "auc": 0.8992069551023629
    },
    "g15": {
      "accuracy": 0.4852459132671356,
      "auc": 0.9051920883340577
    },
    "g16": {
      "accuracy": 0.47049179673194885,
      "auc": 0.8915377354866231
    },
    "g17": {
      "accuracy": 0.4688524603843689,
      "auc": 0.8914668613513391
    },
    "g18": {
      "accuracy": 0.46393442153930664,
      "auc": 0.8950318916562284
    },
    "g19": {
      "accuracy": 0.47377049922943115,
      "auc": 0.8986879062703758
    },
    "g20": {
      "accuracy": 0.48032787442207336,
      "auc": 0.8998241416900874
    },
    "g21": {
      "accuracy": 0.47704917192459106,
      "auc": 0.8979490979503623
    },
    "g22": {
      "accuracy": 0.4622950851917267,
      "auc": 0.8971211843362965
    },
    "g23": {
      "accuracy": 0.47704917192459106,
      "auc": 0.898660749499898
    },
    "mean_auc": 0.896952148154937,
    "std_auc": 0.0036206398395154265,
    "mean_accuracy": 0.47008196885387105,
    "std_accuracy": 0.00888188407661811
  },
  "wall_time_s": 19.533098697662354,
  "epochs_run": 40,
  "peak_train_alloc_bytes": 198965248,
  "peak_train_reserved_bytes": 295698432,
  "gpu_name": "NVIDIA A100-SXM4-80GB",
  "cuda_total_memory_bytes": 85095874560,
  "git_sha": "5fb3903a1c11765c007a1686e1c9acd77b6024db",
  "argv": [
    "--model",
    "standard",
    "--channels",
    "4",
    "8",
    "--head_dim",
    "64",
    "--train_mode",
    "R",
    "--seed",
    "123",
    "--batch_size",
    "64",
    "--output_dir",
    "/home/johmathe/bispectrum/paper/experiments/normalized_results/organ3d/n_500",
    "--data_dir",
    "./organ3d_data",
    "--subset_dir",
    "/home/johmathe/bispectrum/paper/experiments/normalized_results/subsets",
    "--patience",
    "15",
    "--epochs",
    "100",
    "--train_size",
    "500"
  ]
}