{
  "model": "fourier_elu",
  "group": "c8",
  "seed": 42,
  "growth_rate": 8,
  "n_params": 371787,
  "train_fraction": 0.1,
  "best_val_auc": 0.958296368333261,
  "test": {
    "loss": 0.4017227808799362,
    "accuracy": 0.84844970703125,
    "auc": 0.9191081897776622
  },
  "rotation_robustness": {
    "mean_auc": 0.0,
    "std_auc": 0.0
  }
}