{
  "dataset": "spherical_mnist",
  "model": "bispectrum",
  "base_model": "bispectrum",
  "train_mode": "C",
  "test_rotation_seed": 777,
  "seed": 123,
  "lmax": 15,
  "n_params": 231818,
  "invariant_dim": 768,
  "train_size": 12500,
  "train_examples": 12500,
  "best_val_accuracy": 0.9309,
  "test_c": {
    "loss": 0.24585877137184142,
    "accuracy": 0.9245
  },
  "test": {
    "loss": 0.24585877137184142,
    "accuracy": 0.9245
  },
  "test_nr": {
    "loss": 0.24585877137184142,
    "accuracy": 0.9245
  },
  "test_r": {
    "loss": 0.24797159543037414,
    "accuracy": 0.9238
  },
  "rotation_robustness": {
    "rot_00": 0.9236,
    "rot_01": 0.924,
    "rot_02": 0.9239,
    "rot_03": 0.9238,
    "rot_04": 0.924,
    "rot_05": 0.924,
    "rot_06": 0.924,
    "rot_07": 0.9238,
    "rot_08": 0.9241,
    "rot_09": 0.924,
    "mean_accuracy": 0.9239200000000001,
    "std_accuracy": 0.000140000000000029
  }
}