{
  "dataset": "organ3d",
  "model": "bispectrum",
  "train_mode": "R",
  "seed": 101112,
  "channels": [
    4,
    8
  ],
  "head_dim": 64,
  "n_params": 463167,
  "invariant_dim": 64,
  "raw_invariant_dim": 1376,
  "projected_dim": 64,
  "train_size": 100,
  "train_examples": 100,
  "best_val_auc": 0.9649724594560134,
  "test": {
    "loss": 1.3286983302382172,
    "accuracy": 0.5491803288459778,
    "auc": 0.9182589255486083
  },
  "test_c": {
    "loss": 1.3286983302382172,
    "accuracy": 0.5491803288459778,
    "auc": 0.9182589255486083
  },
  "test_r": {
    "loss": 0.0,
    "accuracy": 0.5491803288459778,
    "auc": 0.9182584004643547
  },
  "rotation_robustness": {
    "g00": {
      "accuracy": 0.5491803288459778,
      "auc": 0.9182660135143113
    },
    "g01": {
      "accuracy": 0.5491803288459778,
      "auc": 0.9182487914777041
    },
    "g02": {
      "accuracy": 0.5491803288459778,
      "auc": 0.9182556201343058
    },
    "g03": {
      "accuracy": 0.5491803288459778,
      "auc": 0.9182660135143113
    },
    "g04": {
      "accuracy": 0.5491803288459778,
      "auc": 0.9182613921508146
    },
    "g05": {
      "accuracy": 0.5491803288459778,
      "auc": 0.9182583797780869
    },
    "g06": {
      "accuracy": 0.5491803288459778,
      "auc": 0.9182688415423875
    },
    "g07": {
      "accuracy": 0.5491803288459778,
      "auc": 0.9182536310071524
    },
    "g08": {
      "accuracy": 0.5491803288459778,
      "auc": 0.9182589568032052
    },
    "g09": {
      "accuracy": 0.5491803288459778,
      "auc": 0.9182611740736892
    },
    "g10": {
      "accuracy": 0.5491803288459778,
      "auc": 0.9182632941831582
    },
    "g11": {
      "accuracy": 0.5491803288459778,
      "auc": 0.9182539052493865
    },
    "g12": {
      "accuracy": 0.5491803288459778,
      "auc": 0.9182555642052666
    },
    "g13": {
      "accuracy": 0.5491803288459778,
      "auc": 0.9182489908443151
    },
    "g14": {
      "accuracy": 0.5491803288459778,
      "auc": 0.9182610991092397
    },
    "g15": {
      "accuracy": 0.5491803288459778,
      "auc": 0.9182632004193679
    },
    "g16": {
      "accuracy": 0.5491803288459778,
      "auc": 0.9182587074714832
    },
    "g17": {
      "accuracy": 0.5491803288459778,
      "auc": 0.918265797915063
    },
    "g18": {
      "accuracy": 0.5491803288459778,
      "auc": 0.9182578999139835
    },
    "g19": {
      "accuracy": 0.5491803288459778,
      "auc": 0.9182609807598333
    },
    "g20": {
      "accuracy": 0.5491803288459778,
      "auc": 0.9182556639329853
    },
    "g21": {
      "accuracy": 0.5491803288459778,
      "auc": 0.9182456824480483
    },
    "g22": {
      "accuracy": 0.5491803288459778,
      "auc": 0.9182530851478042
    },
    "g23": {
      "accuracy": 0.5491803288459778,
      "auc": 0.9182589255486083
    },
    "mean_auc": 0.9182584004643547,
    "std_auc": 5.756335818930335e-06,
    "mean_accuracy": 0.5491803288459778,
    "std_accuracy": 0.0
  },
  "wall_time_s": 46.03193140029907,
  "epochs_run": 82,
  "peak_train_alloc_bytes": 1690033152,
  "peak_train_reserved_bytes": 2239758336,
  "gpu_name": "NVIDIA A100-SXM4-80GB",
  "cuda_total_memory_bytes": 85095874560,
  "git_sha": "5fb3903a1c11765c007a1686e1c9acd77b6024db",
  "argv": [
    "--model",
    "bispectrum",
    "--channels",
    "4",
    "8",
    "--head_dim",
    "64",
    "--train_mode",
    "R",
    "--seed",
    "101112",
    "--batch_size",
    "16",
    "--output_dir",
    "/home/johmathe/bispectrum/paper/experiments/normalized_results/organ3d/n_100",
    "--data_dir",
    "./organ3d_data",
    "--subset_dir",
    "/home/johmathe/bispectrum/paper/experiments/normalized_results/subsets",
    "--patience",
    "15",
    "--epochs",
    "100",
    "--train_size",
    "100"
  ]
}