{
  "dataset": "pcam",
  "model": "norm",
  "group": "c8",
  "seed": 42,
  "train_mode": "C",
  "geometry_group": "c8",
  "growth_rate": 4,
  "n_params": 110093,
  "invariant_dim": 34,
  "train_size": 100,
  "train_examples": 100,
  "best_val_auc": 0.8258784294972071,
  "test": {
    "loss": 0.603886364842765,
    "accuracy": 0.678466796875,
    "auc": 0.8266325500048509
  },
  "test_c": {
    "loss": 0.603886364842765,
    "accuracy": 0.678466796875,
    "auc": 0.8266325500048509
  },
  "test_r": {
    "loss": 0.0,
    "accuracy": 0.6926918029785156,
    "auc": 0.819137913688115
  },
  "rotation_robustness": {
    "g00": {
      "accuracy": 0.678466796875,
      "auc": 0.8266325500048509
    },
    "g01": {
      "accuracy": 0.7091064453125,
      "auc": 0.8116933806723939
    },
    "g02": {
      "accuracy": 0.67559814453125,
      "auc": 0.8265606742407122
    },
    "g03": {
      "accuracy": 0.708953857421875,
      "auc": 0.8117017923794233
    },
    "g04": {
      "accuracy": 0.67559814453125,
      "auc": 0.8265620078948825
    },
    "g05": {
      "accuracy": 0.7091064453125,
      "auc": 0.8116948186347116
    },
    "g06": {
      "accuracy": 0.67559814453125,
      "auc": 0.8265612665619778
    },
    "g07": {
      "accuracy": 0.7091064453125,
      "auc": 0.811696819115967
    },
    "mean_auc": 0.819137913688115,
    "std_auc": 0.007441243299741355,
    "mean_accuracy": 0.6926918029785156,
    "std_accuracy": 0.016400099616911874
  }
}