{
  "dataset": "organ3d",
  "model": "max_pool",
  "train_mode": "C",
  "seed": 789,
  "channels": [
    4,
    8
  ],
  "head_dim": 64,
  "n_params": 374423,
  "invariant_dim": 8,
  "raw_invariant_dim": 8,
  "projected_dim": 8,
  "train_size": null,
  "train_examples": 971,
  "best_val_auc": 0.9863780704134064,
  "test": {
    "loss": 0.6655887603759766,
    "accuracy": 0.72295081615448,
    "auc": 0.969483965830577
  },
  "test_c": {
    "loss": 0.6655887603759766,
    "accuracy": 0.72295081615448,
    "auc": 0.969483965830577
  },
  "test_r": {
    "loss": 0.0,
    "accuracy": 0.72295081615448,
    "auc": 0.9694758270080773
  },
  "rotation_robustness": {
    "g00": {
      "accuracy": 0.72295081615448,
      "auc": 0.9694638845112968
    },
    "g01": {
      "accuracy": 0.72295081615448,
      "auc": 0.9694788333483804
    },
    "g02": {
      "accuracy": 0.72295081615448,
      "auc": 0.9694866317105677
    },
    "g03": {
      "accuracy": 0.72295081615448,
      "auc": 0.9694917641927643
    },
    "g04": {
      "accuracy": 0.72295081615448,
      "auc": 0.9694662514746106
    },
    "g05": {
      "accuracy": 0.72295081615448,
      "auc": 0.9694612186313062
    },
    "g06": {
      "accuracy": 0.72295081615448,
      "auc": 0.9694766160778964
    },
    "g07": {
      "accuracy": 0.72295081615448,
      "auc": 0.9694866317105677
    },
    "g08": {
      "accuracy": 0.72295081615448,
      "auc": 0.9694788333483804
    },
    "g09": {
      "accuracy": 0.72295081615448,
      "auc": 0.969481499228371
    },
    "g10": {
      "accuracy": 0.72295081615448,
      "auc": 0.9694787337094882
    },
    "g11": {
      "accuracy": 0.72295081615448,
      "auc": 0.9694686680228792
    },
    "g12": {
      "accuracy": 0.72295081615448,
      "auc": 0.9694741494756901
    },
    "g13": {
      "accuracy": 0.72295081615448,
      "auc": 0.9694790826801024
    },
    "g14": {
      "accuracy": 0.72295081615448,
      "auc": 0.9694714835956995
    },
    "g15": {
      "accuracy": 0.72295081615448,
      "auc": 0.9694635355406824
    },
    "g16": {
      "accuracy": 0.72295081615448,
      "auc": 0.9694686680228792
    },
    "g17": {
      "accuracy": 0.72295081615448,
      "auc": 0.9694865320716755
    },
    "g18": {
      "accuracy": 0.72295081615448,
      "auc": 0.9694561857880017
    },
    "g19": {
      "accuracy": 0.72295081615448,
      "auc": 0.9694792819578868
    },
    "g20": {
      "accuracy": 0.72295081615448,
      "auc": 0.9694767157167885
    },
    "g21": {
      "accuracy": 0.72295081615448,
      "auc": 0.9694741494756901
    },
    "g22": {
      "accuracy": 0.72295081615448,
      "auc": 0.9694865320716755
    },
    "g23": {
      "accuracy": 0.72295081615448,
      "auc": 0.969483965830577
    },
    "mean_auc": 0.9694758270080773,
    "std_auc": 9.076374927540084e-06,
    "mean_accuracy": 0.72295081615448,
    "std_accuracy": 0.0
  },
  "wall_time_s": 191.37798357009888,
  "epochs_run": 75,
  "peak_train_alloc_bytes": 2697406976,
  "peak_train_reserved_bytes": 3621781504,
  "gpu_name": "NVIDIA A100-SXM4-80GB",
  "cuda_total_memory_bytes": 85095874560,
  "git_sha": "5fb3903a1c11765c007a1686e1c9acd77b6024db",
  "argv": [
    "--model",
    "max_pool",
    "--channels",
    "4",
    "8",
    "--head_dim",
    "64",
    "--train_mode",
    "C",
    "--seed",
    "789",
    "--batch_size",
    "32",
    "--output_dir",
    "/home/johmathe/bispectrum/paper/experiments/normalized_results/organ3d/n_full",
    "--data_dir",
    "./organ3d_data",
    "--subset_dir",
    "/home/johmathe/bispectrum/paper/experiments/normalized_results/subsets",
    "--patience",
    "15",
    "--epochs",
    "100"
  ]
}