{
  "dataset": "pcam",
  "model": "fourier_elu",
  "group": "c8",
  "seed": 123,
  "train_mode": "R",
  "geometry_group": "c8",
  "growth_rate": 4,
  "n_params": 109815,
  "invariant_dim": 34,
  "train_size": null,
  "train_examples": 262144,
  "best_val_auc": 0.965098653537024,
  "test": {
    "loss": 0.3183254934119759,
    "accuracy": 0.871551513671875,
    "auc": 0.9418047672079265
  },
  "test_c": {
    "loss": 0.3183254934119759,
    "accuracy": 0.871551513671875,
    "auc": 0.9418047672079265
  },
  "test_r": {
    "loss": 0.0,
    "accuracy": 0.8663063049316406,
    "auc": 0.9396095561454753
  },
  "rotation_robustness": {
    "g00": {
      "accuracy": 0.871551513671875,
      "auc": 0.9418047672079265
    },
    "g01": {
      "accuracy": 0.860870361328125,
      "auc": 0.9373304990276488
    },
    "g02": {
      "accuracy": 0.871826171875,
      "auc": 0.9419226316891944
    },
    "g03": {
      "accuracy": 0.860870361328125,
      "auc": 0.9373217036156486
    },
    "g04": {
      "accuracy": 0.87176513671875,
      "auc": 0.9419211937268768
    },
    "g05": {
      "accuracy": 0.860870361328125,
      "auc": 0.9373251159821848
    },
    "g06": {
      "accuracy": 0.871826171875,
      "auc": 0.9419266624540331
    },
    "g07": {
      "accuracy": 0.860870361328125,
      "auc": 0.9373238754602891
    },
    "mean_auc": 0.9396095561454753,
    "std_auc": 0.0022845484682810988,
    "mean_accuracy": 0.8663063049316406,
    "std_accuracy": 0.005436529830643116
  },
  "wall_time_s": 32123.20994949341,
  "epochs_run": 23,
  "peak_train_alloc_bytes": 21284823552,
  "peak_train_reserved_bytes": 27667726336,
  "gpu_name": "NVIDIA A100-SXM4-80GB",
  "cuda_total_memory_bytes": 85095874560,
  "git_sha": "4f6f1351fe12ab869087e096175e97d4ada5c7e0",
  "argv": [
    "--model",
    "fourier_elu",
    "--group",
    "c8",
    "--geometry_group",
    "c8",
    "--growth_rate",
    "4",
    "--train_mode",
    "R",
    "--seed",
    "123",
    "--batch_size",
    "64",
    "--output_dir",
    "/home/johmathe/bispectrum/paper/experiments/normalized_results/pcam/n_full",
    "--data_dir",
    "./pcam_data",
    "--subset_dir",
    "/home/johmathe/bispectrum/paper/experiments/normalized_results/subsets",
    "--patience",
    "10",
    "--epochs",
    "50"
  ]
}