{
  "dataset": "pcam",
  "model": "gate",
  "group": "c8",
  "seed": 789,
  "train_mode": "R",
  "geometry_group": "c8",
  "growth_rate": 3,
  "n_params": 135682,
  "invariant_dim": 27,
  "train_size": 12500,
  "train_examples": 12500,
  "best_val_auc": 0.9537207915901322,
  "test": {
    "loss": 0.31677146966103464,
    "accuracy": 0.860565185546875,
    "auc": 0.9426327988095847
  },
  "test_c": {
    "loss": 0.31677146966103464,
    "accuracy": 0.860565185546875,
    "auc": 0.9426327988095847
  },
  "test_r": {
    "loss": 0.0,
    "accuracy": 0.8412513732910156,
    "auc": 0.9379623153625185
  },
  "rotation_robustness": {
    "g00": {
      "accuracy": 0.860565185546875,
      "auc": 0.9426327988095847
    },
    "g01": {
      "accuracy": 0.821868896484375,
      "auc": 0.9333000210363456
    },
    "g02": {
      "accuracy": 0.86065673828125,
      "auc": 0.9426213733421538
    },
    "g03": {
      "accuracy": 0.821807861328125,
      "auc": 0.9332995516496824
    },
    "g04": {
      "accuracy": 0.8607177734375,
      "auc": 0.942623403625737
    },
    "g05": {
      "accuracy": 0.82183837890625,
      "auc": 0.9332990412848183
    },
    "g06": {
      "accuracy": 0.8607177734375,
      "auc": 0.9426230310966393
    },
    "g07": {
      "accuracy": 0.82183837890625,
      "auc": 0.9332993020551867
    },
    "mean_auc": 0.9379623153625185,
    "std_auc": 0.004662837439430341,
    "mean_accuracy": 0.8412513732910156,
    "std_accuracy": 0.0194130506044317
  },
  "wall_time_s": 2997.8583521842957,
  "epochs_run": 50,
  "peak_train_alloc_bytes": 19903905792,
  "peak_train_reserved_bytes": 24054333440,
  "gpu_name": "NVIDIA A100-SXM4-80GB",
  "cuda_total_memory_bytes": 85095874560,
  "git_sha": "4f6f1351fe12ab869087e096175e97d4ada5c7e0",
  "argv": [
    "--model",
    "gate",
    "--group",
    "c8",
    "--geometry_group",
    "c8",
    "--growth_rate",
    "3",
    "--train_mode",
    "R",
    "--seed",
    "789",
    "--batch_size",
    "128",
    "--output_dir",
    "/home/johmathe/bispectrum/paper/experiments/normalized_results/pcam/n_12500",
    "--data_dir",
    "./pcam_data",
    "--subset_dir",
    "/home/johmathe/bispectrum/paper/experiments/normalized_results/subsets",
    "--patience",
    "10",
    "--epochs",
    "50",
    "--train_size",
    "12500"
  ]
}