{
  "dataset": "pcam",
  "model": "fourier_elu",
  "group": "c8",
  "seed": 42,
  "train_mode": "C",
  "geometry_group": "c8",
  "growth_rate": 4,
  "n_params": 109815,
  "invariant_dim": 34,
  "train_size": null,
  "train_examples": 262144,
  "best_val_auc": 0.9678962408626608,
  "test": {
    "loss": 0.4017627186040045,
    "accuracy": 0.86456298828125,
    "auc": 0.9309986070503732
  },
  "test_c": {
    "loss": 0.4017627186040045,
    "accuracy": 0.86456298828125,
    "auc": 0.9309986070503732
  },
  "test_r": {
    "loss": 0.0,
    "accuracy": 0.8372268676757812,
    "auc": 0.9154044905856998
  },
  "rotation_robustness": {
    "g00": {
      "accuracy": 0.86456298828125,
      "auc": 0.9309986070503732
    },
    "g01": {
      "accuracy": 0.810821533203125,
      "auc": 0.9000253122346115
    },
    "g02": {
      "accuracy": 0.86334228515625,
      "auc": 0.9308421671810232
    },
    "g03": {
      "accuracy": 0.810791015625,
      "auc": 0.8997423465824685
    },
    "g04": {
      "accuracy": 0.86334228515625,
      "auc": 0.9308024667550656
    },
    "g05": {
      "accuracy": 0.810791015625,
      "auc": 0.9000405337735494
    },
    "g06": {
      "accuracy": 0.863311767578125,
      "auc": 0.9308037110022523
    },
    "g07": {
      "accuracy": 0.81085205078125,
      "auc": 0.8999807801062547
    },
    "mean_auc": 0.9154044905856998,
    "std_auc": 0.015457586656466715,
    "mean_accuracy": 0.8372268676757812,
    "std_accuracy": 0.02641566002195682
  }
}