{
  "dataset": "pcam",
  "model": "bispectrum",
  "group": "c8",
  "seed": 789,
  "train_mode": "R",
  "geometry_group": "c8",
  "growth_rate": 4,
  "n_params": 128345,
  "invariant_dim": 544,
  "train_size": 12500,
  "train_examples": 12500,
  "best_val_auc": 0.9583382182795521,
  "test": {
    "loss": 0.35774891352048144,
    "accuracy": 0.87042236328125,
    "auc": 0.9409588802866083
  },
  "test_c": {
    "loss": 0.35774891352048144,
    "accuracy": 0.87042236328125,
    "auc": 0.9409588802866083
  },
  "test_r": {
    "loss": 0.0,
    "accuracy": 0.8652305603027344,
    "auc": 0.9363049222303226
  },
  "rotation_robustness": {
    "g00": {
      "accuracy": 0.87042236328125,
      "auc": 0.9409588802866083
    },
    "g01": {
      "accuracy": 0.8602294921875,
      "auc": 0.9316108213697756
    },
    "g02": {
      "accuracy": 0.8701171875,
      "auc": 0.9410072047611812
    },
    "g03": {
      "accuracy": 0.86029052734375,
      "auc": 0.9316168898687794
    },
    "g04": {
      "accuracy": 0.870147705078125,
      "auc": 0.9410021942448151
    },
    "g05": {
      "accuracy": 0.860260009765625,
      "auc": 0.9316172325955495
    },
    "g06": {
      "accuracy": 0.870147705078125,
      "auc": 0.941013809702086
    },
    "g07": {
      "accuracy": 0.8602294921875,
      "auc": 0.9316123450137858
    },
    "mean_auc": 0.9363049222303226,
    "std_auc": 0.004690625192159007,
    "mean_accuracy": 0.8652305603027344,
    "std_accuracy": 0.004978983730156693
  },
  "wall_time_s": 2342.6698706150055,
  "epochs_run": 50,
  "peak_train_alloc_bytes": 15480596480,
  "peak_train_reserved_bytes": 18186502144,
  "gpu_name": "NVIDIA A100-SXM4-80GB",
  "cuda_total_memory_bytes": 85095874560,
  "git_sha": "4f6f1351fe12ab869087e096175e97d4ada5c7e0",
  "argv": [
    "--model",
    "bispectrum",
    "--group",
    "c8",
    "--geometry_group",
    "c8",
    "--growth_rate",
    "4",
    "--train_mode",
    "R",
    "--seed",
    "789",
    "--batch_size",
    "128",
    "--output_dir",
    "/home/johmathe/bispectrum/paper/experiments/normalized_results/pcam/n_12500",
    "--data_dir",
    "./pcam_data",
    "--subset_dir",
    "/home/johmathe/bispectrum/paper/experiments/normalized_results/subsets",
    "--patience",
    "10",
    "--epochs",
    "50",
    "--train_size",
    "12500"
  ]
}