{
  "dataset": "organ3d",
  "model": "bispectrum",
  "train_mode": "R",
  "seed": 456,
  "channels": [
    4,
    8
  ],
  "head_dim": 64,
  "n_params": 463167,
  "invariant_dim": 64,
  "raw_invariant_dim": 1376,
  "projected_dim": 64,
  "train_size": null,
  "train_examples": 971,
  "best_val_auc": 0.9887605726308213,
  "test": {
    "loss": 0.5890410907932969,
    "accuracy": 0.7295082211494446,
    "auc": 0.9734604976051998
  },
  "test_c": {
    "loss": 0.5890410907932969,
    "accuracy": 0.7295082211494446,
    "auc": 0.9734604976051998
  },
  "test_r": {
    "loss": 0.0,
    "accuracy": 0.7282103896141052,
    "auc": 0.9734683902713915
  },
  "rotation_robustness": {
    "g00": {
      "accuracy": 0.7278688549995422,
      "auc": 0.9734760601818399
    },
    "g01": {
      "accuracy": 0.7295082211494446,
      "auc": 0.9734687541390119
    },
    "g02": {
      "accuracy": 0.7278688549995422,
      "auc": 0.9734708934630821
    },
    "g03": {
      "accuracy": 0.7278688549995422,
      "auc": 0.9734709276996433
    },
    "g04": {
      "accuracy": 0.7278688549995422,
      "auc": 0.9734889910262239
    },
    "g05": {
      "accuracy": 0.7278688549995422,
      "auc": 0.9734711582320245
    },
    "g06": {
      "accuracy": 0.7278688549995422,
      "auc": 0.9734711582320245
    },
    "g07": {
      "accuracy": 0.7278688549995422,
      "auc": 0.973483628011646
    },
    "g08": {
      "accuracy": 0.7278688549995422,
      "auc": 0.9734736248342307
    },
    "g09": {
      "accuracy": 0.7278688549995422,
      "auc": 0.9734533254378251
    },
    "g10": {
      "accuracy": 0.7295082211494446,
      "auc": 0.973452932757358
    },
    "g11": {
      "accuracy": 0.7278688549995422,
      "auc": 0.9734654337915764
    },
    "g12": {
      "accuracy": 0.7278688549995422,
      "auc": 0.9734683302039482
    },
    "g13": {
      "accuracy": 0.7278688549995422,
      "auc": 0.97348116140944
    },
    "g14": {
      "accuracy": 0.7278688549995422,
      "auc": 0.9734607623741421
    },
    "g15": {
      "accuracy": 0.7278688549995422,
      "auc": 0.9734832978403726
    },
    "g16": {
      "accuracy": 0.7278688549995422,
      "auc": 0.9734711582320245
    },
    "g17": {
      "accuracy": 0.7278688549995422,
      "auc": 0.973452932757358
    },
    "g18": {
      "accuracy": 0.7278688549995422,
      "auc": 0.973468853777904
    },
    "g19": {
      "accuracy": 0.7278688549995422,
      "auc": 0.9734680625418682
    },
    "g20": {
      "accuracy": 0.7278688549995422,
      "auc": 0.9734631293374559
    },
    "g21": {
      "accuracy": 0.7295082211494446,
      "auc": 0.9734580652395547
    },
    "g22": {
      "accuracy": 0.7295082211494446,
      "auc": 0.9734582273876405
    },
    "g23": {
      "accuracy": 0.7295082211494446,
      "auc": 0.9734604976051998
    },
    "mean_auc": 0.9734683902713915,
    "std_auc": 9.652071318552167e-06,
    "mean_accuracy": 0.7282103896141052,
    "std_accuracy": 0.0006657735299558087
  },
  "wall_time_s": 285.7222294807434,
  "epochs_run": 78,
  "peak_train_alloc_bytes": 1690033152,
  "peak_train_reserved_bytes": 2233466880,
  "gpu_name": "NVIDIA A100-SXM4-80GB",
  "cuda_total_memory_bytes": 85095874560,
  "git_sha": "5fb3903a1c11765c007a1686e1c9acd77b6024db",
  "argv": [
    "--model",
    "bispectrum",
    "--channels",
    "4",
    "8",
    "--head_dim",
    "64",
    "--train_mode",
    "R",
    "--seed",
    "456",
    "--batch_size",
    "16",
    "--output_dir",
    "/home/johmathe/bispectrum/paper/experiments/normalized_results/organ3d/n_full",
    "--data_dir",
    "./organ3d_data",
    "--subset_dir",
    "/home/johmathe/bispectrum/paper/experiments/normalized_results/subsets",
    "--patience",
    "15",
    "--epochs",
    "100"
  ]
}