{
  "dataset": "organ3d",
  "model": "bispectrum",
  "train_mode": "C",
  "seed": 456,
  "channels": [
    4,
    8
  ],
  "head_dim": 64,
  "n_params": 463167,
  "invariant_dim": 64,
  "raw_invariant_dim": 1376,
  "projected_dim": 64,
  "train_size": 100,
  "train_examples": 100,
  "best_val_auc": 0.9324940242783408,
  "test": {
    "loss": 1.580722846359503,
    "accuracy": 0.4557377099990845,
    "auc": 0.8827640974889737
  },
  "test_c": {
    "loss": 1.580722846359503,
    "accuracy": 0.4557377099990845,
    "auc": 0.8827640974889737
  },
  "test_r": {
    "loss": 0.0,
    "accuracy": 0.4557377099990845,
    "auc": 0.8827539529149478
  },
  "rotation_robustness": {
    "g00": {
      "accuracy": 0.4557377099990845,
      "auc": 0.8827396128833219
    },
    "g01": {
      "accuracy": 0.4557377099990845,
      "auc": 0.8827640974889737
    },
    "g02": {
      "accuracy": 0.4557377099990845,
      "auc": 0.8827492576168313
    },
    "g03": {
      "accuracy": 0.4557377099990845,
      "auc": 0.8827596287114445
    },
    "g04": {
      "accuracy": 0.4557377099990845,
      "auc": 0.8827421791244202
    },
    "g05": {
      "accuracy": 0.4557377099990845,
      "auc": 0.8827473553164698
    },
    "g06": {
      "accuracy": 0.4557377099990845,
      "auc": 0.8827398122499329
    },
    "g07": {
      "accuracy": 0.4557377099990845,
      "auc": 0.8827370714054928
    },
    "g08": {
      "accuracy": 0.4557377099990845,
      "auc": 0.8827522789587636
    },
    "g09": {
      "accuracy": 0.4557377099990845,
      "auc": 0.8827566510793649
    },
    "g10": {
      "accuracy": 0.4557377099990845,
      "auc": 0.8827549760933511
    },
    "g11": {
      "accuracy": 0.4557377099990845,
      "auc": 0.8827591488473413
    },
    "g12": {
      "accuracy": 0.4557377099990845,
      "auc": 0.8827571963457994
    },
    "g13": {
      "accuracy": 0.4557377099990845,
      "auc": 0.8827471901864198
    },
    "g14": {
      "accuracy": 0.4557377099990845,
      "auc": 0.8827621854792511
    },
    "g15": {
      "accuracy": 0.4557377099990845,
      "auc": 0.8827496160607372
    },
    "g16": {
      "accuracy": 0.4557377099990845,
      "auc": 0.882749204669756
    },
    "g17": {
      "accuracy": 0.4557377099990845,
      "auc": 0.8827696226516374
    },
    "g18": {
      "accuracy": 0.4557377099990845,
      "auc": 0.8827527280723573
    },
    "g19": {
      "accuracy": 0.4557377099990845,
      "auc": 0.8827647082465659
    },
    "g20": {
      "accuracy": 0.4557377099990845,
      "auc": 0.8827395691734691
    },
    "g21": {
      "accuracy": 0.4557377099990845,
      "auc": 0.8827571309434681
    },
    "g22": {
      "accuracy": 0.4557377099990845,
      "auc": 0.8827795508646034
    },
    "g23": {
      "accuracy": 0.4557377099990845,
      "auc": 0.8827640974889737
    },
    "mean_auc": 0.8827539529149478,
    "std_auc": 1.0350707214608314e-05,
    "mean_accuracy": 0.4557377099990845,
    "std_accuracy": 0.0
  },
  "wall_time_s": 20.17203950881958,
  "epochs_run": 38,
  "peak_train_alloc_bytes": 1688434688,
  "peak_train_reserved_bytes": 2237661184,
  "gpu_name": "NVIDIA A100-SXM4-80GB",
  "cuda_total_memory_bytes": 85095874560,
  "git_sha": "5fb3903a1c11765c007a1686e1c9acd77b6024db",
  "argv": [
    "--model",
    "bispectrum",
    "--channels",
    "4",
    "8",
    "--head_dim",
    "64",
    "--train_mode",
    "C",
    "--seed",
    "456",
    "--batch_size",
    "16",
    "--output_dir",
    "/home/johmathe/bispectrum/paper/experiments/normalized_results/organ3d/n_100",
    "--data_dir",
    "./organ3d_data",
    "--subset_dir",
    "/home/johmathe/bispectrum/paper/experiments/normalized_results/subsets",
    "--patience",
    "15",
    "--epochs",
    "100",
    "--train_size",
    "100"
  ]
}