{
  "dataset": "pcam",
  "model": "fourier_elu",
  "group": "c8",
  "seed": 123,
  "train_mode": "C",
  "geometry_group": "c8",
  "growth_rate": 4,
  "n_params": 109815,
  "invariant_dim": 34,
  "train_size": 500,
  "train_examples": 500,
  "best_val_auc": 0.8772775843272227,
  "test": {
    "loss": 0.4771237169043161,
    "accuracy": 0.778350830078125,
    "auc": 0.8554071557333717
  },
  "test_c": {
    "loss": 0.4771237169043161,
    "accuracy": 0.778350830078125,
    "auc": 0.8554071557333717
  },
  "test_r": {
    "loss": 0.0,
    "accuracy": 0.7668991088867188,
    "auc": 0.848822913476537
  },
  "rotation_robustness": {
    "g00": {
      "accuracy": 0.778350830078125,
      "auc": 0.8554071557333717
    },
    "g01": {
      "accuracy": 0.755401611328125,
      "auc": 0.8421583073800692
    },
    "g02": {
      "accuracy": 0.778411865234375,
      "auc": 0.8555142541237117
    },
    "g03": {
      "accuracy": 0.755401611328125,
      "auc": 0.8421580801373196
    },
    "g04": {
      "accuracy": 0.778411865234375,
      "auc": 0.8555134531861515
    },
    "g05": {
      "accuracy": 0.755401611328125,
      "auc": 0.8421606245110579
    },
    "g06": {
      "accuracy": 0.778411865234375,
      "auc": 0.8555124436322963
    },
    "g07": {
      "accuracy": 0.755401611328125,
      "auc": 0.8421589891083183
    },
    "mean_auc": 0.848822913476537,
    "std_auc": 0.006663992620507833,
    "mean_accuracy": 0.7668991088867188,
    "std_accuracy": 0.011497512746495858
  }
}