{
  "dataset": "pcam",
  "model": "gate",
  "group": "c8",
  "seed": 123,
  "train_mode": "C",
  "geometry_group": "c8",
  "growth_rate": 3,
  "n_params": 135682,
  "invariant_dim": 27,
  "train_size": 12500,
  "train_examples": 12500,
  "best_val_auc": 0.9528532042800298,
  "test": {
    "loss": 0.3397742504021153,
    "accuracy": 0.86016845703125,
    "auc": 0.9352452338748294
  },
  "test_c": {
    "loss": 0.3397742504021153,
    "accuracy": 0.86016845703125,
    "auc": 0.9352452338748294
  },
  "test_r": {
    "loss": 0.0,
    "accuracy": 0.8424224853515625,
    "auc": 0.9292688259265292
  },
  "rotation_robustness": {
    "g00": {
      "accuracy": 0.86016845703125,
      "auc": 0.9352452338748294
    },
    "g01": {
      "accuracy": 0.824951171875,
      "auc": 0.9231453546662717
    },
    "g02": {
      "accuracy": 0.859771728515625,
      "auc": 0.9354047024057448
    },
    "g03": {
      "accuracy": 0.824981689453125,
      "auc": 0.9231815682198735
    },
    "g04": {
      "accuracy": 0.859771728515625,
      "auc": 0.9354017519752899
    },
    "g05": {
      "accuracy": 0.82501220703125,
      "auc": 0.9231829018740437
    },
    "g06": {
      "accuracy": 0.859771728515625,
      "auc": 0.9353992448544614
    },
    "g07": {
      "accuracy": 0.824951171875,
      "auc": 0.9231898495417186
    },
    "mean_auc": 0.9292688259265292,
    "std_auc": 0.006094108655151692,
    "mean_accuracy": 0.8424224853515625,
    "std_accuracy": 0.017448857297499117
  }
}