{
  "dataset": "pcam",
  "model": "fourier_elu",
  "group": "c8",
  "seed": 42,
  "train_mode": "C",
  "geometry_group": "c8",
  "growth_rate": 4,
  "n_params": 109815,
  "invariant_dim": 34,
  "train_size": 2500,
  "train_examples": 2500,
  "best_val_auc": 0.8911915291774797,
  "test": {
    "loss": 0.42730809410568327,
    "accuracy": 0.81158447265625,
    "auc": 0.8861356803053928
  },
  "test_c": {
    "loss": 0.42730809410568327,
    "accuracy": 0.81158447265625,
    "auc": 0.8861356803053928
  },
  "test_r": {
    "loss": 0.0,
    "accuracy": 0.798736572265625,
    "auc": 0.8724684515072186
  },
  "rotation_robustness": {
    "g00": {
      "accuracy": 0.81158447265625,
      "auc": 0.8861356803053928
    },
    "g01": {
      "accuracy": 0.7855224609375,
      "auc": 0.8590171899342622
    },
    "g02": {
      "accuracy": 0.812103271484375,
      "auc": 0.8858500324437454
    },
    "g03": {
      "accuracy": 0.785491943359375,
      "auc": 0.8590147684951263
    },
    "g04": {
      "accuracy": 0.812103271484375,
      "auc": 0.8858489670105255
    },
    "g05": {
      "accuracy": 0.785491943359375,
      "auc": 0.8590160015664402
    },
    "g06": {
      "accuracy": 0.812103271484375,
      "auc": 0.8858504645774989
    },
    "g07": {
      "accuracy": 0.785491943359375,
      "auc": 0.8590145077247577
    },
    "mean_auc": 0.8724684515072186,
    "std_auc": 0.013453119329427703,
    "mean_accuracy": 0.798736572265625,
    "std_accuracy": 0.013237955899826067
  }
}