{
  "dataset": "organ3d",
  "model": "bispectrum",
  "train_mode": "R",
  "seed": 101112,
  "channels": [
    4,
    8
  ],
  "head_dim": 64,
  "n_params": 463167,
  "invariant_dim": 64,
  "raw_invariant_dim": 1376,
  "projected_dim": 64,
  "train_size": null,
  "train_examples": 971,
  "best_val_auc": 0.9886350272662969,
  "test": {
    "loss": 0.7022242835310639,
    "accuracy": 0.6737704873085022,
    "auc": 0.9693094965651974
  },
  "test_c": {
    "loss": 0.7022242835310639,
    "accuracy": 0.6737704873085022,
    "auc": 0.9693094965651974
  },
  "test_r": {
    "loss": 0.0,
    "accuracy": 0.6737704873085022,
    "auc": 0.9693130857050853
  },
  "rotation_robustness": {
    "g00": {
      "accuracy": 0.6737704873085022,
      "auc": 0.969327460252886
    },
    "g01": {
      "accuracy": 0.6737704873085022,
      "auc": 0.9693117013804255
    },
    "g02": {
      "accuracy": 0.6737704873085022,
      "auc": 0.96931190065821
    },
    "g03": {
      "accuracy": 0.6737704873085022,
      "auc": 0.9693143985150129
    },
    "g04": {
      "accuracy": 0.6737704873085022,
      "auc": 0.969304594615382
    },
    "g05": {
      "accuracy": 0.6737704873085022,
      "auc": 0.9693142363669272
    },
    "g06": {
      "accuracy": 0.6737704873085022,
      "auc": 0.9693201080223279
    },
    "g07": {
      "accuracy": 0.6737704873085022,
      "auc": 0.9693044324672961
    },
    "g08": {
      "accuracy": 0.6737704873085022,
      "auc": 0.9693096274586864
    },
    "g09": {
      "accuracy": 0.6737704873085022,
      "auc": 0.9693195309972097
    },
    "g10": {
      "accuracy": 0.6737704873085022,
      "auc": 0.9693044637218929
    },
    "g11": {
      "accuracy": 0.6737704873085022,
      "auc": 0.9693194997426129
    },
    "g12": {
      "accuracy": 0.6737704873085022,
      "auc": 0.9693122933386771
    },
    "g13": {
      "accuracy": 0.6737704873085022,
      "auc": 0.9693019971196869
    },
    "g14": {
      "accuracy": 0.6737704873085022,
      "auc": 0.9693168338626222
    },
    "g15": {
      "accuracy": 0.6737704873085022,
      "auc": 0.9693019971196868
    },
    "g16": {
      "accuracy": 0.6737704873085022,
      "auc": 0.9693146603019909
    },
    "g17": {
      "accuracy": 0.6737704873085022,
      "auc": 0.9693146290473943
    },
    "g18": {
      "accuracy": 0.6737704873085022,
      "auc": 0.9693093344171116
    },
    "g19": {
      "accuracy": 0.6737704873085022,
      "auc": 0.9693220659837113
    },
    "g20": {
      "accuracy": 0.6737704873085022,
      "auc": 0.9693070299629913
    },
    "g21": {
      "accuracy": 0.6737704873085022,
      "auc": 0.9693246322248096
    },
    "g22": {
      "accuracy": 0.6737704873085022,
      "auc": 0.9693171327792989
    },
    "g23": {
      "accuracy": 0.6737704873085022,
      "auc": 0.9693094965651974
    },
    "mean_auc": 0.9693130857050853,
    "std_auc": 6.885035945848575e-06,
    "mean_accuracy": 0.6737704873085022,
    "std_accuracy": 0.0
  },
  "wall_time_s": 218.4909074306488,
  "epochs_run": 61,
  "peak_train_alloc_bytes": 1690033152,
  "peak_train_reserved_bytes": 2233466880,
  "gpu_name": "NVIDIA A100-SXM4-80GB",
  "cuda_total_memory_bytes": 85095874560,
  "git_sha": "5fb3903a1c11765c007a1686e1c9acd77b6024db",
  "argv": [
    "--model",
    "bispectrum",
    "--channels",
    "4",
    "8",
    "--head_dim",
    "64",
    "--train_mode",
    "R",
    "--seed",
    "101112",
    "--batch_size",
    "16",
    "--output_dir",
    "/home/johmathe/bispectrum/paper/experiments/normalized_results/organ3d/n_full",
    "--data_dir",
    "./organ3d_data",
    "--subset_dir",
    "/home/johmathe/bispectrum/paper/experiments/normalized_results/subsets",
    "--patience",
    "15",
    "--epochs",
    "100"
  ]
}