{
  "dataset": "pcam",
  "model": "standard",
  "group": "c8",
  "seed": 789,
  "train_mode": "C",
  "geometry_group": "c8",
  "growth_rate": 12,
  "n_params": 101959,
  "invariant_dim": 90,
  "train_size": 12500,
  "train_examples": 12500,
  "best_val_auc": 0.9331709294149991,
  "test": {
    "loss": 0.42416322231292725,
    "accuracy": 0.807464599609375,
    "auc": 0.9040533166327048
  },
  "test_c": {
    "loss": 0.42416322231292725,
    "accuracy": 0.807464599609375,
    "auc": 0.9040533166327048
  },
  "test_r": {
    "loss": 0.0,
    "accuracy": 0.7705497741699219,
    "auc": 0.8878048523420012
  },
  "rotation_robustness": {
    "g00": {
      "accuracy": 0.807464599609375,
      "auc": 0.9040533166327048
    },
    "g01": {
      "accuracy": 0.753143310546875,
      "auc": 0.8893898374591098
    },
    "g02": {
      "accuracy": 0.758087158203125,
      "auc": 0.8696724534554415
    },
    "g03": {
      "accuracy": 0.72967529296875,
      "auc": 0.8717723850788432
    },
    "g04": {
      "accuracy": 0.766845703125,
      "auc": 0.8748719054040438
    },
    "g05": {
      "accuracy": 0.763641357421875,
      "auc": 0.8937587283334795
    },
    "g06": {
      "accuracy": 0.80975341796875,
      "auc": 0.9002179395805263
    },
    "g07": {
      "accuracy": 0.775787353515625,
      "auc": 0.8987022527918607
    },
    "mean_auc": 0.8878048523420012,
    "std_auc": 0.01288359660930821,
    "mean_accuracy": 0.7705497741699219,
    "std_accuracy": 0.025292127263402086
  },
  "wall_time_s": 441.4793062210083,
  "epochs_run": 29,
  "peak_train_alloc_bytes": 25105594368,
  "peak_train_reserved_bytes": 31281119232,
  "gpu_name": "NVIDIA A100-SXM4-80GB",
  "cuda_total_memory_bytes": 85095874560,
  "git_sha": "4f6f1351fe12ab869087e096175e97d4ada5c7e0",
  "argv": [
    "--model",
    "standard",
    "--group",
    "c8",
    "--geometry_group",
    "c8",
    "--growth_rate",
    "12",
    "--train_mode",
    "C",
    "--seed",
    "789",
    "--batch_size",
    "1024",
    "--output_dir",
    "/home/johmathe/bispectrum/paper/experiments/normalized_results/pcam/n_12500",
    "--data_dir",
    "./pcam_data",
    "--subset_dir",
    "/home/johmathe/bispectrum/paper/experiments/normalized_results/subsets",
    "--patience",
    "10",
    "--epochs",
    "50",
    "--train_size",
    "12500"
  ]
}