{
  "dataset": "organ3d",
  "model": "bispectrum",
  "train_mode": "C",
  "seed": 42,
  "channels": [
    4,
    8
  ],
  "head_dim": 64,
  "n_params": 463167,
  "invariant_dim": 64,
  "raw_invariant_dim": 1376,
  "projected_dim": 64,
  "train_size": 500,
  "train_examples": 500,
  "best_val_auc": 0.976636185262177,
  "test": {
    "loss": 0.9905902800012807,
    "accuracy": 0.6049180030822754,
    "auc": 0.9418571235130831
  },
  "test_c": {
    "loss": 0.9905902800012807,
    "accuracy": 0.6049180030822754,
    "auc": 0.9418571235130831
  },
  "test_r": {
    "loss": 0.0,
    "accuracy": 0.6049180030822754,
    "auc": 0.9418578694013414
  },
  "rotation_robustness": {
    "g00": {
      "accuracy": 0.6049180030822754,
      "auc": 0.9418443235621882
    },
    "g01": {
      "accuracy": 0.6049180030822754,
      "auc": 0.941843930881721
    },
    "g02": {
      "accuracy": 0.6049180030822754,
      "auc": 0.9418720598949107
    },
    "g03": {
      "accuracy": 0.6049180030822754,
      "auc": 0.9418493251508958
    },
    "g04": {
      "accuracy": 0.6049180030822754,
      "auc": 0.941838860908718
    },
    "g05": {
      "accuracy": 0.6049180030822754,
      "auc": 0.9418670895607999
    },
    "g06": {
      "accuracy": 0.6049180030822754,
      "auc": 0.9418544576330926
    },
    "g07": {
      "accuracy": 0.6049180030822754,
      "auc": 0.9418848911004024
    },
    "g08": {
      "accuracy": 0.6049180030822754,
      "auc": 0.9418520222854831
    },
    "g09": {
      "accuracy": 0.6049180030822754,
      "auc": 0.9418647225974859
    },
    "g10": {
      "accuracy": 0.6049180030822754,
      "auc": 0.9418671891996921
    },
    "g11": {
      "accuracy": 0.6049180030822754,
      "auc": 0.9418620254628987
    },
    "g12": {
      "accuracy": 0.6049180030822754,
      "auc": 0.9418570238741908
    },
    "g13": {
      "accuracy": 0.6049180030822754,
      "auc": 0.941859359582908
    },
    "g14": {
      "accuracy": 0.6049180030822754,
      "auc": 0.9418569242352987
    },
    "g15": {
      "accuracy": 0.6049180030822754,
      "auc": 0.9418696245473015
    },
    "g16": {
      "accuracy": 0.6049180030822754,
      "auc": 0.9418646229585937
    },
    "g17": {
      "accuracy": 0.6049180030822754,
      "auc": 0.9418544888876894
    },
    "g18": {
      "accuracy": 0.6049180030822754,
      "auc": 0.9418541274618192
    },
    "g19": {
      "accuracy": 0.6049180030822754,
      "auc": 0.9418771923771074
    },
    "g20": {
      "accuracy": 0.6049180030822754,
      "auc": 0.9418363943065118
    },
    "g21": {
      "accuracy": 0.6049180030822754,
      "auc": 0.9418543579942004
    },
    "g22": {
      "accuracy": 0.6049180030822754,
      "auc": 0.9418467276552007
    },
    "g23": {
      "accuracy": 0.6049180030822754,
      "auc": 0.9418571235130831
    },
    "mean_auc": 0.9418578694013414,
    "std_auc": 1.1565419496660921e-05,
    "mean_accuracy": 0.6049180030822754,
    "std_accuracy": 0.0
  }
}