{
  "dataset": "pcam",
  "model": "fourier_elu",
  "group": "c8",
  "seed": 123,
  "train_mode": "C",
  "geometry_group": "c8",
  "growth_rate": 4,
  "n_params": 109815,
  "invariant_dim": 34,
  "train_size": 100,
  "train_examples": 100,
  "best_val_auc": 0.8541537232122858,
  "test": {
    "loss": 0.6270800046331715,
    "accuracy": 0.721923828125,
    "auc": 0.808350248668947
  },
  "test_c": {
    "loss": 0.6270800046331715,
    "accuracy": 0.721923828125,
    "auc": 0.808350248668947
  },
  "test_r": {
    "loss": 0.0,
    "accuracy": 0.7140464782714844,
    "auc": 0.8050682994475464
  },
  "rotation_robustness": {
    "g00": {
      "accuracy": 0.721923828125,
      "auc": 0.808350248668947
    },
    "g01": {
      "accuracy": 0.707305908203125,
      "auc": 0.801744123121582
    },
    "g02": {
      "accuracy": 0.720428466796875,
      "auc": 0.8084060237254768
    },
    "g03": {
      "accuracy": 0.707305908203125,
      "auc": 0.8017446744646469
    },
    "g04": {
      "accuracy": 0.72039794921875,
      "auc": 0.8084040083430574
    },
    "g05": {
      "accuracy": 0.707305908203125,
      "auc": 0.8017464477031526
    },
    "g06": {
      "accuracy": 0.72039794921875,
      "auc": 0.8084056921745796
    },
    "g07": {
      "accuracy": 0.707305908203125,
      "auc": 0.801745177378929
    },
    "mean_auc": 0.8050682994475464,
    "std_auc": 0.00332323653734394,
    "mean_accuracy": 0.7140464782714844,
    "std_accuracy": 0.006756533171925785
  }
}