{
  "dataset": "pcam",
  "model": "norm",
  "group": "c8",
  "seed": 456,
  "train_mode": "C",
  "geometry_group": "c8",
  "growth_rate": 4,
  "n_params": 110093,
  "invariant_dim": 34,
  "train_size": null,
  "train_examples": 262144,
  "best_val_auc": 0.9684360172528919,
  "test": {
    "loss": 0.26841762717231177,
    "accuracy": 0.88995361328125,
    "auc": 0.9597861022856795
  },
  "test_c": {
    "loss": 0.26841762717231177,
    "accuracy": 0.88995361328125,
    "auc": 0.9597861022856795
  },
  "test_r": {
    "loss": 0.0,
    "accuracy": 0.8802909851074219,
    "auc": 0.9534233695557159
  },
  "rotation_robustness": {
    "g00": {
      "accuracy": 0.88995361328125,
      "auc": 0.9597861022856795
    },
    "g01": {
      "accuracy": 0.870361328125,
      "auc": 0.9470990762407137
    },
    "g02": {
      "accuracy": 0.8902587890625,
      "auc": 0.9597281144063086
    },
    "g03": {
      "accuracy": 0.870391845703125,
      "auc": 0.947112867267916
    },
    "g04": {
      "accuracy": 0.89031982421875,
      "auc": 0.9597472549513559
    },
    "g05": {
      "accuracy": 0.870361328125,
      "auc": 0.9471046492760175
    },
    "g06": {
      "accuracy": 0.89031982421875,
      "auc": 0.9597054236589587
    },
    "g07": {
      "accuracy": 0.870361328125,
      "auc": 0.9471034683587772
    },
    "mean_auc": 0.9534233695557159,
    "std_auc": 0.006318389904160051,
    "mean_accuracy": 0.8802909851074219,
    "std_accuracy": 0.009922612754875345
  },
  "wall_time_s": 18716.799474716187,
  "epochs_run": 25,
  "peak_train_alloc_bytes": 22324224000,
  "peak_train_reserved_bytes": 26801602560,
  "gpu_name": "NVIDIA A100-SXM4-80GB",
  "cuda_total_memory_bytes": 85095874560,
  "git_sha": "5fb3903a1c11765c007a1686e1c9acd77b6024db",
  "argv": [
    "--model",
    "norm",
    "--group",
    "c8",
    "--geometry_group",
    "c8",
    "--growth_rate",
    "4",
    "--train_mode",
    "C",
    "--seed",
    "456",
    "--batch_size",
    "128",
    "--output_dir",
    "/home/johmathe/bispectrum/paper/experiments/normalized_results/pcam/n_full",
    "--data_dir",
    "./pcam_data",
    "--subset_dir",
    "/home/johmathe/bispectrum/paper/experiments/normalized_results/subsets",
    "--patience",
    "10",
    "--epochs",
    "50"
  ]
}