{
  "dataset": "spherical_mnist",
  "model": "power_spectrum_matched",
  "base_model": "power_spectrum",
  "train_mode": "R",
  "test_rotation_seed": 777,
  "seed": 42,
  "lmax": 15,
  "n_params": 231906,
  "invariant_dim": 16,
  "train_size": 2500,
  "train_examples": 2500,
  "best_val_accuracy": 0.7196,
  "test_c": {
    "loss": 0.8852886390686036,
    "accuracy": 0.6969
  },
  "test": {
    "loss": 0.8852886390686036,
    "accuracy": 0.6969
  },
  "test_nr": {
    "loss": 0.8852886390686036,
    "accuracy": 0.6969
  },
  "test_r": {
    "loss": 0.8840529220581055,
    "accuracy": 0.6968
  },
  "rotation_robustness": {
    "rot_00": 0.6972,
    "rot_01": 0.6971,
    "rot_02": 0.697,
    "rot_03": 0.6975,
    "rot_04": 0.6974,
    "rot_05": 0.697,
    "rot_06": 0.6974,
    "rot_07": 0.6967,
    "rot_08": 0.6971,
    "rot_09": 0.697,
    "mean_accuracy": 0.69714,
    "std_accuracy": 0.00022891046284520845
  }
}