{
  "dataset": "pcam",
  "model": "norm",
  "group": "c8",
  "seed": 123,
  "train_mode": "R",
  "geometry_group": "c8",
  "growth_rate": 4,
  "n_params": 110093,
  "invariant_dim": 34,
  "train_size": 2500,
  "train_examples": 2500,
  "best_val_auc": 0.8885609542064916,
  "test": {
    "loss": 0.4636567417765036,
    "accuracy": 0.784515380859375,
    "auc": 0.8648389331143637
  },
  "test_c": {
    "loss": 0.4636567417765036,
    "accuracy": 0.784515380859375,
    "auc": 0.8648389331143637
  },
  "test_r": {
    "loss": 0.0,
    "accuracy": 0.7845039367675781,
    "auc": 0.8659854789573269
  },
  "rotation_robustness": {
    "g00": {
      "accuracy": 0.784515380859375,
      "auc": 0.8648389331143637
    },
    "g01": {
      "accuracy": 0.784515380859375,
      "auc": 0.8670376594545145
    },
    "g02": {
      "accuracy": 0.78448486328125,
      "auc": 0.8649662970876267
    },
    "g03": {
      "accuracy": 0.784515380859375,
      "auc": 0.8670387025359885
    },
    "g04": {
      "accuracy": 0.78448486328125,
      "auc": 0.8649638719231998
    },
    "g05": {
      "accuracy": 0.784515380859375,
      "auc": 0.867037406134728
    },
    "g06": {
      "accuracy": 0.78448486328125,
      "auc": 0.8649646132561045
    },
    "g07": {
      "accuracy": 0.784515380859375,
      "auc": 0.8670363481520901
    },
    "mean_auc": 0.8659854789573269,
    "std_auc": 0.0010527575291834756,
    "mean_accuracy": 0.7845039367675781,
    "std_accuracy": 1.4774258980588596e-05
  }
}