{
  "dataset": "pcam",
  "model": "fourier_elu",
  "group": "c8",
  "seed": 123,
  "train_mode": "C",
  "geometry_group": "c8",
  "growth_rate": 4,
  "n_params": 109815,
  "invariant_dim": 34,
  "train_size": null,
  "train_examples": 262144,
  "best_val_auc": 0.9660782306179475,
  "test": {
    "loss": 0.2950749805022497,
    "accuracy": 0.88409423828125,
    "auc": 0.951867776518766
  },
  "test_c": {
    "loss": 0.2950749805022497,
    "accuracy": 0.88409423828125,
    "auc": 0.951867776518766
  },
  "test_r": {
    "loss": 0.0,
    "accuracy": 0.8633460998535156,
    "auc": 0.9354292939828165
  },
  "rotation_robustness": {
    "g00": {
      "accuracy": 0.88409423828125,
      "auc": 0.951867776518766
    },
    "g01": {
      "accuracy": 0.84234619140625,
      "auc": 0.9192108289947012
    },
    "g02": {
      "accuracy": 0.88446044921875,
      "auc": 0.9515773491087932
    },
    "g03": {
      "accuracy": 0.842315673828125,
      "auc": 0.9192192705040584
    },
    "g04": {
      "accuracy": 0.88446044921875,
      "auc": 0.9515648246805236
    },
    "g05": {
      "accuracy": 0.842315673828125,
      "auc": 0.9192177058818474
    },
    "g06": {
      "accuracy": 0.88446044921875,
      "auc": 0.9515695483494843
    },
    "g07": {
      "accuracy": 0.842315673828125,
      "auc": 0.919207047824358
    },
    "mean_auc": 0.9354292939828165,
    "std_auc": 0.016215836708629163,
    "mean_accuracy": 0.8633460998535156,
    "std_accuracy": 0.021023097734366385
  }
}