{
  "dataset": "organ3d",
  "model": "max_pool",
  "train_mode": "R",
  "seed": 456,
  "channels": [
    4,
    8
  ],
  "head_dim": 64,
  "n_params": 374423,
  "invariant_dim": 8,
  "raw_invariant_dim": 8,
  "projected_dim": 8,
  "train_size": null,
  "train_examples": 971,
  "best_val_auc": 0.9888018933767394,
  "test": {
    "loss": 0.6631009789763904,
    "accuracy": 0.699999988079071,
    "auc": 0.9683439195191744
  },
  "test_c": {
    "loss": 0.6631009789763904,
    "accuracy": 0.699999988079071,
    "auc": 0.9683439195191744
  },
  "test_r": {
    "loss": 0.0,
    "accuracy": 0.699999988079071,
    "auc": 0.9683410371029139
  },
  "rotation_robustness": {
    "g00": {
      "accuracy": 0.699999988079071,
      "auc": 0.9683437886256854
    },
    "g01": {
      "accuracy": 0.699999988079071,
      "auc": 0.9683461243344026
    },
    "g02": {
      "accuracy": 0.699999988079071,
      "auc": 0.9683386561434887
    },
    "g03": {
      "accuracy": 0.699999988079071,
      "auc": 0.9683437886256854
    },
    "g04": {
      "accuracy": 0.699999988079071,
      "auc": 0.9683437886256854
    },
    "g05": {
      "accuracy": 0.699999988079071,
      "auc": 0.9683386561434887
    },
    "g06": {
      "accuracy": 0.699999988079071,
      "auc": 0.9683386561434887
    },
    "g07": {
      "accuracy": 0.699999988079071,
      "auc": 0.968341222384587
    },
    "g08": {
      "accuracy": 0.699999988079071,
      "auc": 0.968341222384587
    },
    "g09": {
      "accuracy": 0.699999988079071,
      "auc": 0.9683387870369777
    },
    "g10": {
      "accuracy": 0.699999988079071,
      "auc": 0.9683463548667838
    },
    "g11": {
      "accuracy": 0.699999988079071,
      "auc": 0.9683387870369777
    },
    "g12": {
      "accuracy": 0.699999988079071,
      "auc": 0.9683439195191744
    },
    "g13": {
      "accuracy": 0.699999988079071,
      "auc": 0.968341222384587
    },
    "g14": {
      "accuracy": 0.699999988079071,
      "auc": 0.968341222384587
    },
    "g15": {
      "accuracy": 0.699999988079071,
      "auc": 0.9683337854482699
    },
    "g16": {
      "accuracy": 0.699999988079071,
      "auc": 0.9683386561434887
    },
    "g17": {
      "accuracy": 0.699999988079071,
      "auc": 0.9683386561434887
    },
    "g18": {
      "accuracy": 0.699999988079071,
      "auc": 0.968341222384587
    },
    "g19": {
      "accuracy": 0.699999988079071,
      "auc": 0.968341222384587
    },
    "g20": {
      "accuracy": 0.699999988079071,
      "auc": 0.968341222384587
    },
    "g21": {
      "accuracy": 0.699999988079071,
      "auc": 0.9683413532780759
    },
    "g22": {
      "accuracy": 0.699999988079071,
      "auc": 0.9683386561434887
    },
    "g23": {
      "accuracy": 0.699999988079071,
      "auc": 0.9683439195191744
    },
    "mean_auc": 0.9683410371029139,
    "std_auc": 2.8177560776731326e-06,
    "mean_accuracy": 0.699999988079071,
    "std_accuracy": 0.0
  },
  "wall_time_s": 242.87882113456726,
  "epochs_run": 82,
  "peak_train_alloc_bytes": 2699536896,
  "peak_train_reserved_bytes": 3642753024,
  "gpu_name": "NVIDIA A100-SXM4-80GB",
  "cuda_total_memory_bytes": 85095874560,
  "git_sha": "5fb3903a1c11765c007a1686e1c9acd77b6024db",
  "argv": [
    "--model",
    "max_pool",
    "--channels",
    "4",
    "8",
    "--head_dim",
    "64",
    "--train_mode",
    "R",
    "--seed",
    "456",
    "--batch_size",
    "32",
    "--output_dir",
    "/home/johmathe/bispectrum/paper/experiments/normalized_results/organ3d/n_full",
    "--data_dir",
    "./organ3d_data",
    "--subset_dir",
    "/home/johmathe/bispectrum/paper/experiments/normalized_results/subsets",
    "--patience",
    "15",
    "--epochs",
    "100"
  ]
}