{
  "dataset": "pcam",
  "model": "standard",
  "group": "c8",
  "seed": 123,
  "train_mode": "R",
  "geometry_group": "c8",
  "growth_rate": 12,
  "n_params": 101959,
  "invariant_dim": 90,
  "train_size": 12500,
  "train_examples": 12500,
  "best_val_auc": 0.9533376675135463,
  "test": {
    "loss": 0.35091020446270704,
    "accuracy": 0.854461669921875,
    "auc": 0.9338946184547108
  },
  "test_c": {
    "loss": 0.35091020446270704,
    "accuracy": 0.854461669921875,
    "auc": 0.9338946184547108
  },
  "test_r": {
    "loss": 0.0,
    "accuracy": 0.8559417724609375,
    "auc": 0.9323441327916924
  },
  "rotation_robustness": {
    "g00": {
      "accuracy": 0.854461669921875,
      "auc": 0.9338946184547108
    },
    "g01": {
      "accuracy": 0.851165771484375,
      "auc": 0.9251259912966697
    },
    "g02": {
      "accuracy": 0.86175537109375,
      "auc": 0.9351352446586899
    },
    "g03": {
      "accuracy": 0.857086181640625,
      "auc": 0.9329720911220926
    },
    "g04": {
      "accuracy": 0.864593505859375,
      "auc": 0.9390994981522687
    },
    "g05": {
      "accuracy": 0.85040283203125,
      "auc": 0.9271241144429208
    },
    "g06": {
      "accuracy": 0.85626220703125,
      "auc": 0.9353939251389441
    },
    "g07": {
      "accuracy": 0.851806640625,
      "auc": 0.9300075790672427
    },
    "mean_auc": 0.9323441327916924,
    "std_auc": 0.004334952118207138,
    "mean_accuracy": 0.8559417724609375,
    "std_accuracy": 0.004780727399987873
  }
}