{
  "dataset": "organ3d",
  "model": "max_pool",
  "train_mode": "C",
  "seed": 123,
  "channels": [
    4,
    8
  ],
  "head_dim": 64,
  "n_params": 374423,
  "invariant_dim": 8,
  "raw_invariant_dim": 8,
  "projected_dim": 8,
  "train_size": 500,
  "train_examples": 500,
  "best_val_auc": 0.9711654868338374,
  "test": {
    "loss": 1.0928484306960808,
    "accuracy": 0.6131147742271423,
    "auc": 0.9476861636827055
  },
  "test_c": {
    "loss": 1.0928484306960808,
    "accuracy": 0.6131147742271423,
    "auc": 0.9476861636827055
  },
  "test_r": {
    "loss": 0.0,
    "accuracy": 0.6131147742271423,
    "auc": 0.9476888313966209
  },
  "rotation_robustness": {
    "g00": {
      "accuracy": 0.6131147742271423,
      "auc": 0.9476861636827055
    },
    "g01": {
      "accuracy": 0.6131147742271423,
      "auc": 0.9476837283350961
    },
    "g02": {
      "accuracy": 0.6131147742271423,
      "auc": 0.9476861636827055
    },
    "g03": {
      "accuracy": 0.6131147742271423,
      "auc": 0.9476912961649021
    },
    "g04": {
      "accuracy": 0.6131147742271423,
      "auc": 0.9476837283350961
    },
    "g05": {
      "accuracy": 0.6131147742271423,
      "auc": 0.9476885990303147
    },
    "g06": {
      "accuracy": 0.6131147742271423,
      "auc": 0.9476885990303147
    },
    "g07": {
      "accuracy": 0.6131147742271423,
      "auc": 0.9476912961649021
    },
    "g08": {
      "accuracy": 0.6131147742271423,
      "auc": 0.9476986022077302
    },
    "g09": {
      "accuracy": 0.6131147742271423,
      "auc": 0.9476861636827055
    },
    "g10": {
      "accuracy": 0.6131147742271423,
      "auc": 0.9476912961649021
    },
    "g11": {
      "accuracy": 0.6131147742271423,
      "auc": 0.9476912961649021
    },
    "g12": {
      "accuracy": 0.6131147742271423,
      "auc": 0.9476937315125114
    },
    "g13": {
      "accuracy": 0.6131147742271423,
      "auc": 0.9476861636827055
    },
    "g14": {
      "accuracy": 0.6131147742271423,
      "auc": 0.9476937315125114
    },
    "g15": {
      "accuracy": 0.6131147742271423,
      "auc": 0.9476888608172928
    },
    "g16": {
      "accuracy": 0.6131147742271423,
      "auc": 0.9476912961649021
    },
    "g17": {
      "accuracy": 0.6131147742271423,
      "auc": 0.9476888608172928
    },
    "g18": {
      "accuracy": 0.6131147742271423,
      "auc": 0.9476861636827055
    },
    "g19": {
      "accuracy": 0.6131147742271423,
      "auc": 0.9476912961649021
    },
    "g20": {
      "accuracy": 0.6131147742271423,
      "auc": 0.9476837283350961
    },
    "g21": {
      "accuracy": 0.6131147742271423,
      "auc": 0.9476837283350961
    },
    "g22": {
      "accuracy": 0.6131147742271423,
      "auc": 0.9476912961649021
    },
    "g23": {
      "accuracy": 0.6131147742271423,
      "auc": 0.9476861636827055
    },
    "mean_auc": 0.9476888313966209,
    "std_auc": 3.7248682987681455e-06,
    "mean_accuracy": 0.6131147742271423,
    "std_accuracy": 0.0
  }
}