{
  "dataset": "pcam",
  "model": "norm",
  "group": "c8",
  "seed": 456,
  "train_mode": "C",
  "geometry_group": "c8",
  "growth_rate": 4,
  "n_params": 110093,
  "invariant_dim": 34,
  "train_size": 100,
  "train_examples": 100,
  "best_val_auc": 0.8383838073773557,
  "test": {
    "loss": 0.6277399114333093,
    "accuracy": 0.640380859375,
    "auc": 0.8114425344790674
  },
  "test_c": {
    "loss": 0.6277399114333093,
    "accuracy": 0.640380859375,
    "auc": 0.8114425344790674
  },
  "test_r": {
    "loss": 0.0,
    "accuracy": 0.6674652099609375,
    "auc": 0.7968232023318742
  },
  "rotation_robustness": {
    "g00": {
      "accuracy": 0.640380859375,
      "auc": 0.8114425344790674
    },
    "g01": {
      "accuracy": 0.6962890625,
      "auc": 0.7825256934156976
    },
    "g02": {
      "accuracy": 0.6380615234375,
      "auc": 0.8110114587082023
    },
    "g03": {
      "accuracy": 0.6962890625,
      "auc": 0.7825271388285973
    },
    "g04": {
      "accuracy": 0.6380615234375,
      "auc": 0.8110100878011223
    },
    "g05": {
      "accuracy": 0.6962890625,
      "auc": 0.7825305772721703
    },
    "g06": {
      "accuracy": 0.6380615234375,
      "auc": 0.811010825408736
    },
    "g07": {
      "accuracy": 0.6962890625,
      "auc": 0.7825273027414003
    },
    "mean_auc": 0.7968232023318742,
    "std_auc": 0.014296135528592614,
    "mean_accuracy": 0.6674652099609375,
    "std_accuracy": 0.02883259936890488
  },
  "wall_time_s": 862.0674686431885,
  "epochs_run": 26,
  "peak_train_alloc_bytes": 17450254336,
  "peak_train_reserved_bytes": 33212596224,
  "gpu_name": "NVIDIA A100-SXM4-80GB",
  "cuda_total_memory_bytes": 85095874560,
  "git_sha": "5fb3903a1c11765c007a1686e1c9acd77b6024db",
  "argv": [
    "--model",
    "norm",
    "--group",
    "c8",
    "--geometry_group",
    "c8",
    "--growth_rate",
    "4",
    "--train_mode",
    "C",
    "--seed",
    "456",
    "--batch_size",
    "128",
    "--output_dir",
    "/home/johmathe/bispectrum/paper/experiments/normalized_results/pcam/n_100",
    "--data_dir",
    "./pcam_data",
    "--subset_dir",
    "/home/johmathe/bispectrum/paper/experiments/normalized_results/subsets",
    "--patience",
    "10",
    "--epochs",
    "50",
    "--train_size",
    "100"
  ]
}