{
  "model": "norm",
  "group": "c8",
  "seed": 42,
  "growth_rate": 6,
  "n_params": 221689,
  "train_fraction": 0.1,
  "best_val_auc": 0.9523105109850503,
  "test": {
    "loss": 0.33832676766905934,
    "accuracy": 0.8720703125,
    "auc": 0.93530413445049
  },
  "rotation_robustness": {
    "mean_auc": 0.0,
    "std_auc": 0.0
  }
}