{
  "dataset": "pcam",
  "model": "norm",
  "group": "c8",
  "seed": 789,
  "train_mode": "R",
  "geometry_group": "c8",
  "growth_rate": 4,
  "n_params": 110093,
  "invariant_dim": 34,
  "train_size": 100,
  "train_examples": 100,
  "best_val_auc": 0.8100501718420113,
  "test": {
    "loss": 0.6931895751040429,
    "accuracy": 0.499786376953125,
    "auc": 0.7278689915894739
  },
  "test_c": {
    "loss": 0.6931895751040429,
    "accuracy": 0.499786376953125,
    "auc": 0.7278689915894739
  },
  "test_r": {
    "loss": 0.0,
    "accuracy": 0.499786376953125,
    "auc": 0.723516672672022
  },
  "rotation_robustness": {
    "g00": {
      "accuracy": 0.499786376953125,
      "auc": 0.7278689915894739
    },
    "g01": {
      "accuracy": 0.499786376953125,
      "auc": 0.719493539091883
    },
    "g02": {
      "accuracy": 0.499786376953125,
      "auc": 0.7276394466099623
    },
    "g03": {
      "accuracy": 0.499786376953125,
      "auc": 0.7189254396682476
    },
    "g04": {
      "accuracy": 0.499786376953125,
      "auc": 0.7274577082895775
    },
    "g05": {
      "accuracy": 0.499786376953125,
      "auc": 0.7193380938752242
    },
    "g06": {
      "accuracy": 0.499786376953125,
      "auc": 0.728332421512487
    },
    "g07": {
      "accuracy": 0.499786376953125,
      "auc": 0.7190777407393206
    },
    "mean_auc": 0.723516672672022,
    "std_auc": 0.004317012932842626,
    "mean_accuracy": 0.499786376953125,
    "std_accuracy": 0.0
  },
  "wall_time_s": 367.73701333999634,
  "epochs_run": 11,
  "peak_train_alloc_bytes": 17451175936,
  "peak_train_reserved_bytes": 33220984832,
  "gpu_name": "NVIDIA A100-SXM4-80GB",
  "cuda_total_memory_bytes": 85095874560,
  "git_sha": "4f6f1351fe12ab869087e096175e97d4ada5c7e0",
  "argv": [
    "--model",
    "norm",
    "--group",
    "c8",
    "--geometry_group",
    "c8",
    "--growth_rate",
    "4",
    "--train_mode",
    "R",
    "--seed",
    "789",
    "--batch_size",
    "128",
    "--output_dir",
    "/home/johmathe/bispectrum/paper/experiments/normalized_results/pcam/n_100",
    "--data_dir",
    "./pcam_data",
    "--subset_dir",
    "/home/johmathe/bispectrum/paper/experiments/normalized_results/subsets",
    "--patience",
    "10",
    "--epochs",
    "50",
    "--train_size",
    "100"
  ]
}