{
  "dataset": "pcam",
  "model": "gate",
  "group": "c8",
  "seed": 123,
  "train_mode": "C",
  "geometry_group": "c8",
  "growth_rate": 3,
  "n_params": 135682,
  "invariant_dim": 27,
  "train_size": 500,
  "train_examples": 500,
  "best_val_auc": 0.8621837235664495,
  "test": {
    "loss": 0.49242395884357393,
    "accuracy": 0.774932861328125,
    "auc": 0.8522413438552091
  },
  "test_c": {
    "loss": 0.49242395884357393,
    "accuracy": 0.774932861328125,
    "auc": 0.8522413438552091
  },
  "test_r": {
    "loss": 0.0,
    "accuracy": 0.7679443359375,
    "auc": 0.8463446101020496
  },
  "rotation_robustness": {
    "g00": {
      "accuracy": 0.774932861328125,
      "auc": 0.8522413438552091
    },
    "g01": {
      "accuracy": 0.7603759765625,
      "auc": 0.8403765491338481
    },
    "g02": {
      "accuracy": 0.775665283203125,
      "auc": 0.852337232844995
    },
    "g03": {
      "accuracy": 0.76043701171875,
      "auc": 0.8403770594987121
    },
    "g04": {
      "accuracy": 0.775665283203125,
      "auc": 0.8523370093275363
    },
    "g05": {
      "accuracy": 0.7603759765625,
      "auc": 0.8403754538983004
    },
    "g06": {
      "accuracy": 0.775665283203125,
      "auc": 0.8523362232911398
    },
    "g07": {
      "accuracy": 0.76043701171875,
      "auc": 0.8403760089666562
    },
    "mean_auc": 0.8463446101020496,
    "std_auc": 0.00596841384500471,
    "mean_accuracy": 0.7679443359375,
    "std_accuracy": 0.007541207863136533
  }
}