{
  "dataset": "spherical_mnist",
  "model": "power_spectrum_matched",
  "base_model": "power_spectrum",
  "train_mode": "C",
  "test_rotation_seed": 777,
  "seed": 42,
  "lmax": 15,
  "n_params": 231906,
  "invariant_dim": 16,
  "train_size": 500,
  "train_examples": 500,
  "best_val_accuracy": 0.1727,
  "test_c": {
    "loss": 2.2891583984375,
    "accuracy": 0.1745
  },
  "test": {
    "loss": 2.2891583984375,
    "accuracy": 0.1745
  },
  "test_nr": {
    "loss": 2.2891583984375,
    "accuracy": 0.1745
  },
  "test_r": {
    "loss": 2.289266796875,
    "accuracy": 0.174
  },
  "rotation_robustness": {
    "rot_00": 0.1742,
    "rot_01": 0.1741,
    "rot_02": 0.1741,
    "rot_03": 0.174,
    "rot_04": 0.1742,
    "rot_05": 0.1741,
    "rot_06": 0.1741,
    "rot_07": 0.1741,
    "rot_08": 0.1742,
    "rot_09": 0.1741,
    "mean_accuracy": 0.17412,
    "std_accuracy": 5.9999999999998944e-05
  }
}