{
  "dataset": "spherical_mnist",
  "model": "power_spectrum_matched",
  "base_model": "power_spectrum",
  "train_mode": "C",
  "test_rotation_seed": 777,
  "seed": 123,
  "lmax": 15,
  "n_params": 231906,
  "invariant_dim": 16,
  "train_size": 100,
  "train_examples": 100,
  "best_val_accuracy": 0.1856,
  "test_c": {
    "loss": 2.299588671875,
    "accuracy": 0.177
  },
  "test": {
    "loss": 2.299588671875,
    "accuracy": 0.177
  },
  "test_nr": {
    "loss": 2.299588671875,
    "accuracy": 0.177
  },
  "test_r": {
    "loss": 2.299690234375,
    "accuracy": 0.1772
  },
  "rotation_robustness": {
    "rot_00": 0.1774,
    "rot_01": 0.1773,
    "rot_02": 0.1773,
    "rot_03": 0.1775,
    "rot_04": 0.1777,
    "rot_05": 0.1774,
    "rot_06": 0.1775,
    "rot_07": 0.1774,
    "rot_08": 0.1772,
    "rot_09": 0.1774,
    "mean_accuracy": 0.17741,
    "std_accuracy": 0.00012999999999999636
  }
}