{
  "dataset": "pcam",
  "model": "norm",
  "group": "c8",
  "seed": 42,
  "train_mode": "C",
  "geometry_group": "c8",
  "growth_rate": 4,
  "n_params": 110093,
  "invariant_dim": 34,
  "train_size": 2500,
  "train_examples": 2500,
  "best_val_auc": 0.8858914648204281,
  "test": {
    "loss": 0.4476098322775215,
    "accuracy": 0.80267333984375,
    "auc": 0.8758241419322154
  },
  "test_c": {
    "loss": 0.4476098322775215,
    "accuracy": 0.80267333984375,
    "auc": 0.8758241419322154
  },
  "test_r": {
    "loss": 0.0,
    "accuracy": 0.7740554809570312,
    "auc": 0.8658223754737392
  },
  "rotation_robustness": {
    "g00": {
      "accuracy": 0.80267333984375,
      "auc": 0.8758241419322154
    },
    "g01": {
      "accuracy": 0.74566650390625,
      "auc": 0.8559119587379916
    },
    "g02": {
      "accuracy": 0.8023681640625,
      "auc": 0.8757008757790287
    },
    "g03": {
      "accuracy": 0.74566650390625,
      "auc": 0.855911738945824
    },
    "g04": {
      "accuracy": 0.8023681640625,
      "auc": 0.8756989535288837
    },
    "g05": {
      "accuracy": 0.74566650390625,
      "auc": 0.8559148607396639
    },
    "g06": {
      "accuracy": 0.8023681640625,
      "auc": 0.8756991584198875
    },
    "g07": {
      "accuracy": 0.74566650390625,
      "auc": 0.8559173157064187
    },
    "mean_auc": 0.8658223754737392,
    "std_auc": 0.009908480392326405,
    "mean_accuracy": 0.7740554809570312,
    "std_accuracy": 0.028389130827464963
  }
}