{
  "dataset": "pcam",
  "model": "standard",
  "group": "c8",
  "seed": 789,
  "train_mode": "R",
  "geometry_group": "c8",
  "growth_rate": 12,
  "n_params": 101959,
  "invariant_dim": 90,
  "train_size": 12500,
  "train_examples": 12500,
  "best_val_auc": 0.9393576955626961,
  "test": {
    "loss": 0.41707237903028727,
    "accuracy": 0.819549560546875,
    "auc": 0.894247195937159
  },
  "test_c": {
    "loss": 0.41707237903028727,
    "accuracy": 0.819549560546875,
    "auc": 0.894247195937159
  },
  "test_r": {
    "loss": 0.0,
    "accuracy": 0.813446044921875,
    "auc": 0.8872592229422254
  },
  "rotation_robustness": {
    "g00": {
      "accuracy": 0.819549560546875,
      "auc": 0.894247195937159
    },
    "g01": {
      "accuracy": 0.80706787109375,
      "auc": 0.8804884595570509
    },
    "g02": {
      "accuracy": 0.815673828125,
      "auc": 0.8944722817433692
    },
    "g03": {
      "accuracy": 0.80487060546875,
      "auc": 0.8801090237697294
    },
    "g04": {
      "accuracy": 0.82275390625,
      "auc": 0.8968016987416269
    },
    "g05": {
      "accuracy": 0.80926513671875,
      "auc": 0.8807454152275821
    },
    "g06": {
      "accuracy": 0.8201904296875,
      "auc": 0.8912065314841272
    },
    "g07": {
      "accuracy": 0.808197021484375,
      "auc": 0.880003177077158
    },
    "mean_auc": 0.8872592229422254,
    "std_auc": 0.0070670763979659755,
    "mean_accuracy": 0.813446044921875,
    "std_accuracy": 0.006457461120687432
  },
  "wall_time_s": 807.3595976829529,
  "epochs_run": 50,
  "peak_train_alloc_bytes": 25105594368,
  "peak_train_reserved_bytes": 31302090752,
  "gpu_name": "NVIDIA A100-SXM4-80GB",
  "cuda_total_memory_bytes": 85095874560,
  "git_sha": "4f6f1351fe12ab869087e096175e97d4ada5c7e0",
  "argv": [
    "--model",
    "standard",
    "--group",
    "c8",
    "--geometry_group",
    "c8",
    "--growth_rate",
    "12",
    "--train_mode",
    "R",
    "--seed",
    "789",
    "--batch_size",
    "1024",
    "--output_dir",
    "/home/johmathe/bispectrum/paper/experiments/normalized_results/pcam/n_12500",
    "--data_dir",
    "./pcam_data",
    "--subset_dir",
    "/home/johmathe/bispectrum/paper/experiments/normalized_results/subsets",
    "--patience",
    "10",
    "--epochs",
    "50",
    "--train_size",
    "12500"
  ]
}