{
  "dataset": "pcam",
  "model": "gate",
  "group": "c8",
  "seed": 123,
  "train_mode": "C",
  "geometry_group": "c8",
  "growth_rate": 3,
  "n_params": 135682,
  "invariant_dim": 27,
  "train_size": null,
  "train_examples": 262144,
  "best_val_auc": 0.9654094845694826,
  "test": {
    "loss": 0.29875462970812805,
    "accuracy": 0.879852294921875,
    "auc": 0.9540790496389323
  },
  "test_c": {
    "loss": 0.29875462970812805,
    "accuracy": 0.879852294921875,
    "auc": 0.9540790496389323
  },
  "test_r": {
    "loss": 0.0,
    "accuracy": 0.87017822265625,
    "auc": 0.9477820007738398
  },
  "rotation_robustness": {
    "g00": {
      "accuracy": 0.879852294921875,
      "auc": 0.9540790496389323
    },
    "g01": {
      "accuracy": 0.8603515625,
      "auc": 0.94148676146884
    },
    "g02": {
      "accuracy": 0.88018798828125,
      "auc": 0.9539991421474441
    },
    "g03": {
      "accuracy": 0.860321044921875,
      "auc": 0.9415470553033266
    },
    "g04": {
      "accuracy": 0.88006591796875,
      "auc": 0.9540183981765118
    },
    "g05": {
      "accuracy": 0.860321044921875,
      "auc": 0.9415671159952458
    },
    "g06": {
      "accuracy": 0.8800048828125,
      "auc": 0.9540022304136652
    },
    "g07": {
      "accuracy": 0.860321044921875,
      "auc": 0.9415562530467525
    },
    "mean_auc": 0.9477820007738398,
    "std_auc": 0.006242784746258878,
    "mean_accuracy": 0.87017822265625,
    "std_accuracy": 0.009849923597259766
  }
}