{
  "dataset": "pcam",
  "model": "gate",
  "group": "c8",
  "seed": 42,
  "train_mode": "C",
  "geometry_group": "c8",
  "growth_rate": 3,
  "n_params": 135682,
  "invariant_dim": 27,
  "train_size": 12500,
  "train_examples": 12500,
  "best_val_auc": 0.9460356379226541,
  "test": {
    "loss": 0.38489862662390806,
    "accuracy": 0.8277587890625,
    "auc": 0.9301569930378074
  },
  "test_c": {
    "loss": 0.38489862662390806,
    "accuracy": 0.8277587890625,
    "auc": 0.9301569930378074
  },
  "test_r": {
    "loss": 0.0,
    "accuracy": 0.8279342651367188,
    "auc": 0.9219674856454387
  },
  "rotation_robustness": {
    "g00": {
      "accuracy": 0.8277587890625,
      "auc": 0.9301569930378074
    },
    "g01": {
      "accuracy": 0.82781982421875,
      "auc": 0.9137742324729912
    },
    "g02": {
      "accuracy": 0.828155517578125,
      "auc": 0.9301529659982597
    },
    "g03": {
      "accuracy": 0.82781982421875,
      "auc": 0.913786555735548
    },
    "g04": {
      "accuracy": 0.828155517578125,
      "auc": 0.9301507345489636
    },
    "g05": {
      "accuracy": 0.82781982421875,
      "auc": 0.9137759423815502
    },
    "g06": {
      "accuracy": 0.828155517578125,
      "auc": 0.9301515131347781
    },
    "g07": {
      "accuracy": 0.827789306640625,
      "auc": 0.9137909478536116
    },
    "mean_auc": 0.9219674856454387,
    "std_auc": 0.008185567722698612,
    "mean_accuracy": 0.8279342651367188,
    "std_accuracy": 0.00017246482170802787
  }
}