{
  "dataset": "organ3d",
  "model": "max_pool",
  "train_mode": "R",
  "seed": 101112,
  "channels": [
    4,
    8
  ],
  "head_dim": 64,
  "n_params": 374423,
  "invariant_dim": 8,
  "raw_invariant_dim": 8,
  "projected_dim": 8,
  "train_size": null,
  "train_examples": 971,
  "best_val_auc": 0.986125020990734,
  "test": {
    "loss": 0.6845610352813221,
    "accuracy": 0.699999988079071,
    "auc": 0.969196698740663
  },
  "test_c": {
    "loss": 0.6845610352813221,
    "accuracy": 0.699999988079071,
    "auc": 0.969196698740663
  },
  "test_r": {
    "loss": 0.0,
    "accuracy": 0.699999988079071,
    "auc": 0.9691970153691799
  },
  "rotation_robustness": {
    "g00": {
      "accuracy": 0.699999988079071,
      "auc": 0.9691992649817615
    },
    "g01": {
      "accuracy": 0.699999988079071,
      "auc": 0.969196698740663
    },
    "g02": {
      "accuracy": 0.699999988079071,
      "auc": 0.969196698740663
    },
    "g03": {
      "accuracy": 0.699999988079071,
      "auc": 0.9691992649817615
    },
    "g04": {
      "accuracy": 0.699999988079071,
      "auc": 0.9691992649817615
    },
    "g05": {
      "accuracy": 0.699999988079071,
      "auc": 0.969196698740663
    },
    "g06": {
      "accuracy": 0.699999988079071,
      "auc": 0.969196698740663
    },
    "g07": {
      "accuracy": 0.699999988079071,
      "auc": 0.9691992649817615
    },
    "g08": {
      "accuracy": 0.699999988079071,
      "auc": 0.969196698740663
    },
    "g09": {
      "accuracy": 0.699999988079071,
      "auc": 0.969196698740663
    },
    "g10": {
      "accuracy": 0.699999988079071,
      "auc": 0.969196698740663
    },
    "g11": {
      "accuracy": 0.699999988079071,
      "auc": 0.9691915662584664
    },
    "g12": {
      "accuracy": 0.699999988079071,
      "auc": 0.969196698740663
    },
    "g13": {
      "accuracy": 0.699999988079071,
      "auc": 0.969196698740663
    },
    "g14": {
      "accuracy": 0.699999988079071,
      "auc": 0.969196698740663
    },
    "g15": {
      "accuracy": 0.699999988079071,
      "auc": 0.969196698740663
    },
    "g16": {
      "accuracy": 0.699999988079071,
      "auc": 0.969196698740663
    },
    "g17": {
      "accuracy": 0.699999988079071,
      "auc": 0.969196698740663
    },
    "g18": {
      "accuracy": 0.699999988079071,
      "auc": 0.969196698740663
    },
    "g19": {
      "accuracy": 0.699999988079071,
      "auc": 0.969196698740663
    },
    "g20": {
      "accuracy": 0.699999988079071,
      "auc": 0.969196698740663
    },
    "g21": {
      "accuracy": 0.699999988079071,
      "auc": 0.9691991653428693
    },
    "g22": {
      "accuracy": 0.699999988079071,
      "auc": 0.969196698740663
    },
    "g23": {
      "accuracy": 0.699999988079071,
      "auc": 0.969196698740663
    },
    "mean_auc": 0.9691970153691799,
    "std_auc": 1.5324651521345338e-06,
    "mean_accuracy": 0.699999988079071,
    "std_accuracy": 0.0
  },
  "wall_time_s": 224.67936182022095,
  "epochs_run": 75,
  "peak_train_alloc_bytes": 2699536896,
  "peak_train_reserved_bytes": 3642753024,
  "gpu_name": "NVIDIA A100-SXM4-80GB",
  "cuda_total_memory_bytes": 85095874560,
  "git_sha": "5fb3903a1c11765c007a1686e1c9acd77b6024db",
  "argv": [
    "--model",
    "max_pool",
    "--channels",
    "4",
    "8",
    "--head_dim",
    "64",
    "--train_mode",
    "R",
    "--seed",
    "101112",
    "--batch_size",
    "32",
    "--output_dir",
    "/home/johmathe/bispectrum/paper/experiments/normalized_results/organ3d/n_full",
    "--data_dir",
    "./organ3d_data",
    "--subset_dir",
    "/home/johmathe/bispectrum/paper/experiments/normalized_results/subsets",
    "--patience",
    "15",
    "--epochs",
    "100"
  ]
}