{
  "dataset": "organ3d",
  "model": "standard",
  "train_mode": "C",
  "seed": 123,
  "channels": [
    4,
    8
  ],
  "head_dim": 64,
  "n_params": 16071,
  "invariant_dim": 8,
  "raw_invariant_dim": 8,
  "projected_dim": 8,
  "train_size": 100,
  "train_examples": 100,
  "best_val_auc": 0.9495068720283936,
  "test": {
    "loss": 1.7919709752817623,
    "accuracy": 0.5573770403862,
    "auc": 0.9034364392998278
  },
  "test_c": {
    "loss": 1.7919709752817623,
    "accuracy": 0.5573770403862,
    "auc": 0.9034364392998278
  },
  "test_r": {
    "loss": 0.0,
    "accuracy": 0.30846994432310265,
    "auc": 0.7269890616262275
  },
  "rotation_robustness": {
    "g00": {
      "accuracy": 0.32786884903907776,
      "auc": 0.718307578386443
    },
    "g01": {
      "accuracy": 0.30000001192092896,
      "auc": 0.7887627362270778
    },
    "g02": {
      "accuracy": 0.25573769211769104,
      "auc": 0.6742484526537659
    },
    "g03": {
      "accuracy": 0.29672130942344666,
      "auc": 0.6966312224761034
    },
    "g04": {
      "accuracy": 0.28032785654067993,
      "auc": 0.7041821731941925
    },
    "g05": {
      "accuracy": 0.2786885201931,
      "auc": 0.6877039065340531
    },
    "g06": {
      "accuracy": 0.2672131061553955,
      "auc": 0.6838058007761544
    },
    "g07": {
      "accuracy": 0.3688524663448334,
      "auc": 0.7450945001278243
    },
    "g08": {
      "accuracy": 0.26557376980781555,
      "auc": 0.7166397462642776
    },
    "g09": {
      "accuracy": 0.3409835994243622,
      "auc": 0.789930884474699
    },
    "g10": {
      "accuracy": 0.2918032705783844,
      "auc": 0.6898853783272376
    },
    "g11": {
      "accuracy": 0.32459017634391785,
      "auc": 0.7504480821003774
    },
    "g12": {
      "accuracy": 0.2114754170179367,
      "auc": 0.6602199308733223
    },
    "g13": {
      "accuracy": 0.2426229566335678,
      "auc": 0.7157771865319129
    },
    "g14": {
      "accuracy": 0.22459016740322113,
      "auc": 0.6349935031760171
    },
    "g15": {
      "accuracy": 0.29672130942344666,
      "auc": 0.7558739469423172
    },
    "g16": {
      "accuracy": 0.37704917788505554,
      "auc": 0.7951338488060831
    },
    "g17": {
      "accuracy": 0.30000001192092896,
      "auc": 0.7062280540817294
    },
    "g18": {
      "accuracy": 0.30327868461608887,
      "auc": 0.7667298281345866
    },
    "g19": {
      "accuracy": 0.27704918384552,
      "auc": 0.6521109259598318
    },
    "g20": {
      "accuracy": 0.3262295126914978,
      "auc": 0.7125801236259238
    },
    "g21": {
      "accuracy": 0.3540983498096466,
      "auc": 0.7829926413616078
    },
    "g22": {
      "accuracy": 0.33442622423171997,
      "auc": 0.7160205886940936
    },
    "g23": {
      "accuracy": 0.5573770403862,
      "auc": 0.9034364392998278
    },
    "mean_auc": 0.7269890616262275,
    "std_auc": 0.057222713489117935,
    "mean_accuracy": 0.30846994432310265,
    "std_accuracy": 0.06632031615783222
  }
}