{
  "dataset": "pcam",
  "model": "gate",
  "group": "c8",
  "seed": 42,
  "train_mode": "R",
  "geometry_group": "c8",
  "growth_rate": 3,
  "n_params": 135682,
  "invariant_dim": 27,
  "train_size": null,
  "train_examples": 262144,
  "best_val_auc": 0.9647525737782162,
  "test": {
    "loss": 0.28768333536572754,
    "accuracy": 0.88555908203125,
    "auc": 0.953642143787686
  },
  "test_c": {
    "loss": 0.28768333536572754,
    "accuracy": 0.88555908203125,
    "auc": 0.953642143787686
  },
  "test_r": {
    "loss": 0.0,
    "accuracy": 0.8748359680175781,
    "auc": 0.9463544301553334
  },
  "rotation_robustness": {
    "g00": {
      "accuracy": 0.88555908203125,
      "auc": 0.953642143787686
    },
    "g01": {
      "accuracy": 0.864166259765625,
      "auc": 0.9391611479926715
    },
    "g02": {
      "accuracy": 0.885589599609375,
      "auc": 0.953511129029264
    },
    "g03": {
      "accuracy": 0.864013671875,
      "auc": 0.9391587302788265
    },
    "g04": {
      "accuracy": 0.885528564453125,
      "auc": 0.953535522234591
    },
    "g05": {
      "accuracy": 0.864166259765625,
      "auc": 0.939162790845993
    },
    "g06": {
      "accuracy": 0.885498046875,
      "auc": 0.9535097618474749
    },
    "g07": {
      "accuracy": 0.864166259765625,
      "auc": 0.9391542152261605
    },
    "mean_auc": 0.9463544301553334,
    "std_auc": 0.007195312187468021,
    "mean_accuracy": 0.8748359680175781,
    "std_accuracy": 0.010707984328298566
  }
}