{
  "dataset": "organ3d",
  "model": "bispectrum",
  "train_mode": "C",
  "seed": 123,
  "channels": [
    4,
    8
  ],
  "head_dim": 64,
  "n_params": 463167,
  "invariant_dim": 64,
  "raw_invariant_dim": 1376,
  "projected_dim": 64,
  "train_size": null,
  "train_examples": 971,
  "best_val_auc": 0.9911529669552671,
  "test": {
    "loss": 0.6808436909659964,
    "accuracy": 0.703278660774231,
    "auc": 0.969158953440708
  },
  "test_c": {
    "loss": 0.6808436909659964,
    "accuracy": 0.703278660774231,
    "auc": 0.969158953440708
  },
  "test_r": {
    "loss": 0.0,
    "accuracy": 0.7032103563348452,
    "auc": 0.9691644401726379
  },
  "rotation_robustness": {
    "g00": {
      "accuracy": 0.703278660774231,
      "auc": 0.9691639550294157
    },
    "g01": {
      "accuracy": 0.703278660774231,
      "auc": 0.9691588225472191
    },
    "g02": {
      "accuracy": 0.703278660774231,
      "auc": 0.9691687260857421
    },
    "g03": {
      "accuracy": 0.703278660774231,
      "auc": 0.9691562563061207
    },
    "g04": {
      "accuracy": 0.703278660774231,
      "auc": 0.9691562563061207
    },
    "g05": {
      "accuracy": 0.703278660774231,
      "auc": 0.9691661598446437
    },
    "g06": {
      "accuracy": 0.703278660774231,
      "auc": 0.9691664216316217
    },
    "g07": {
      "accuracy": 0.703278660774231,
      "auc": 0.9691612891494251
    },
    "g08": {
      "accuracy": 0.703278660774231,
      "auc": 0.9691661598446437
    },
    "g09": {
      "accuracy": 0.703278660774231,
      "auc": 0.9691686264468499
    },
    "g10": {
      "accuracy": 0.703278660774231,
      "auc": 0.9691638553905235
    },
    "g11": {
      "accuracy": 0.703278660774231,
      "auc": 0.9691613575337205
    },
    "g12": {
      "accuracy": 0.703278660774231,
      "auc": 0.9691637244970345
    },
    "g13": {
      "accuracy": 0.703278660774231,
      "auc": 0.9691765557025263
    },
    "g14": {
      "accuracy": 0.703278660774231,
      "auc": 0.9691714232203296
    },
    "g15": {
      "accuracy": 0.703278660774231,
      "auc": 0.9691562563061207
    },
    "g16": {
      "accuracy": 0.703278660774231,
      "auc": 0.9691761600400949
    },
    "g17": {
      "accuracy": 0.703278660774231,
      "auc": 0.9691739894614279
    },
    "g18": {
      "accuracy": 0.703278660774231,
      "auc": 0.9691560570283362
    },
    "g19": {
      "accuracy": 0.703278660774231,
      "auc": 0.9691639550294157
    },
    "g20": {
      "accuracy": 0.7016393542289734,
      "auc": 0.96915869165373
    },
    "g21": {
      "accuracy": 0.703278660774231,
      "auc": 0.9691666209094063
    },
    "g22": {
      "accuracy": 0.703278660774231,
      "auc": 0.9691662907381328
    },
    "g23": {
      "accuracy": 0.703278660774231,
      "auc": 0.969158953440708
    },
    "mean_auc": 0.9691644401726379,
    "std_auc": 6.002347230444798e-06,
    "mean_accuracy": 0.7032103563348452,
    "std_accuracy": 0.00032757658358829644
  }
}