{
  "dataset": "pcam",
  "model": "fourier_elu",
  "group": "c8",
  "seed": 42,
  "train_mode": "R",
  "geometry_group": "c8",
  "growth_rate": 4,
  "n_params": 109815,
  "invariant_dim": 34,
  "train_size": 12500,
  "train_examples": 12500,
  "best_val_auc": 0.9530627892878935,
  "test": {
    "loss": 0.3529490451910533,
    "accuracy": 0.847747802734375,
    "auc": 0.9278592484634488
  },
  "test_c": {
    "loss": 0.3529490451910533,
    "accuracy": 0.847747802734375,
    "auc": 0.9278592484634488
  },
  "test_r": {
    "loss": 0.0,
    "accuracy": 0.8397331237792969,
    "auc": 0.9234083010703577
  },
  "rotation_robustness": {
    "g00": {
      "accuracy": 0.847747802734375,
      "auc": 0.9278592484634488
    },
    "g01": {
      "accuracy": 0.831756591796875,
      "auc": 0.9188968800974903
    },
    "g02": {
      "accuracy": 0.84765625,
      "auc": 0.9279397259244567
    },
    "g03": {
      "accuracy": 0.831817626953125,
      "auc": 0.918896935976855
    },
    "g04": {
      "accuracy": 0.847625732421875,
      "auc": 0.9279405566643449
    },
    "g05": {
      "accuracy": 0.831817626953125,
      "auc": 0.9188960009288194
    },
    "g06": {
      "accuracy": 0.847625732421875,
      "auc": 0.9279399978706981
    },
    "g07": {
      "accuracy": 0.831817626953125,
      "auc": 0.9188970626367482
    },
    "mean_auc": 0.9234083010703577,
    "std_auc": 0.00451164908233897,
    "mean_accuracy": 0.8397331237792969,
    "std_accuracy": 0.007930856532509379
  }
}