{
  "dataset": "pcam",
  "model": "norm",
  "group": "c8",
  "seed": 789,
  "train_mode": "C",
  "geometry_group": "c8",
  "growth_rate": 4,
  "n_params": 110093,
  "invariant_dim": 34,
  "train_size": 500,
  "train_examples": 500,
  "best_val_auc": 0.8787928697779614,
  "test": {
    "loss": 0.4921272370265797,
    "accuracy": 0.773773193359375,
    "auc": 0.8488688640094337
  },
  "test_c": {
    "loss": 0.4921272370265797,
    "accuracy": 0.773773193359375,
    "auc": 0.8488688640094337
  },
  "test_r": {
    "loss": 0.0,
    "accuracy": 0.7553977966308594,
    "auc": 0.8424283490664851
  },
  "rotation_robustness": {
    "g00": {
      "accuracy": 0.773773193359375,
      "auc": 0.8488688640094337
    },
    "g01": {
      "accuracy": 0.736541748046875,
      "auc": 0.8361189625033333
    },
    "g02": {
      "accuracy": 0.7744140625,
      "auc": 0.8486944421605306
    },
    "g03": {
      "accuracy": 0.736541748046875,
      "auc": 0.8361194728681973
    },
    "g04": {
      "accuracy": 0.7744140625,
      "auc": 0.848693350650274
    },
    "g05": {
      "accuracy": 0.736541748046875,
      "auc": 0.8361187352605836
    },
    "g06": {
      "accuracy": 0.7744140625,
      "auc": 0.8486937716081545
    },
    "g07": {
      "accuracy": 0.736541748046875,
      "auc": 0.8361191934713739
    },
    "mean_auc": 0.8424283490664851,
    "std_auc": 0.006309485599631664,
    "mean_accuracy": 0.7553977966308594,
    "std_accuracy": 0.018857069564735488
  },
  "wall_time_s": 1468.9843204021454,
  "epochs_run": 43,
  "peak_train_alloc_bytes": 22324224000,
  "peak_train_reserved_bytes": 28171042816,
  "gpu_name": "NVIDIA A100-SXM4-80GB",
  "cuda_total_memory_bytes": 85095874560,
  "git_sha": "5fb3903a1c11765c007a1686e1c9acd77b6024db",
  "argv": [
    "--model",
    "norm",
    "--group",
    "c8",
    "--geometry_group",
    "c8",
    "--growth_rate",
    "4",
    "--train_mode",
    "C",
    "--seed",
    "789",
    "--batch_size",
    "128",
    "--output_dir",
    "/home/johmathe/bispectrum/paper/experiments/normalized_results/pcam/n_500",
    "--data_dir",
    "./pcam_data",
    "--subset_dir",
    "/home/johmathe/bispectrum/paper/experiments/normalized_results/subsets",
    "--patience",
    "10",
    "--epochs",
    "50",
    "--train_size",
    "500"
  ]
}