{
  "dataset": "organ3d",
  "model": "standard",
  "train_mode": "R",
  "seed": 101112,
  "channels": [
    4,
    8
  ],
  "head_dim": 64,
  "n_params": 16071,
  "invariant_dim": 8,
  "raw_invariant_dim": 8,
  "projected_dim": 8,
  "train_size": 100,
  "train_examples": 100,
  "best_val_auc": 0.8817026508810945,
  "test": {
    "loss": 2.062220639088115,
    "accuracy": 0.30655738711357117,
    "auc": 0.8020882511760711
  },
  "test_c": {
    "loss": 2.062220639088115,
    "accuracy": 0.30655738711357117,
    "auc": 0.8020882511760711
  },
  "test_r": {
    "loss": 0.0,
    "accuracy": 0.2849043731888135,
    "auc": 0.7968717280359506
  },
  "rotation_robustness": {
    "g00": {
      "accuracy": 0.2950819730758667,
      "auc": 0.8009606680922744
    },
    "g01": {
      "accuracy": 0.28360655903816223,
      "auc": 0.7992540446399371
    },
    "g02": {
      "accuracy": 0.2704918086528778,
      "auc": 0.789275998454367
    },
    "g03": {
      "accuracy": 0.2885245978832245,
      "auc": 0.8041097144712835
    },
    "g04": {
      "accuracy": 0.29344263672828674,
      "auc": 0.8066415018962533
    },
    "g05": {
      "accuracy": 0.25573769211769104,
      "auc": 0.7828886297611045
    },
    "g06": {
      "accuracy": 0.2737704813480377,
      "auc": 0.789038699823299
    },
    "g07": {
      "accuracy": 0.3098360598087311,
      "auc": 0.8048689888415833
    },
    "g08": {
      "accuracy": 0.2950819730758667,
      "auc": 0.8052607459478164
    },
    "g09": {
      "accuracy": 0.2852458953857422,
      "auc": 0.8014659234604232
    },
    "g10": {
      "accuracy": 0.2819672226905823,
      "auc": 0.795522268110473
    },
    "g11": {
      "accuracy": 0.29344263672828674,
      "auc": 0.7996185397454746
    },
    "g12": {
      "accuracy": 0.2737704813480377,
      "auc": 0.7926899288876836
    },
    "g13": {
      "accuracy": 0.27704918384552,
      "auc": 0.787320980735847
    },
    "g14": {
      "accuracy": 0.2786885201931,
      "auc": 0.7861373837665417
    },
    "g15": {
      "accuracy": 0.29016393423080444,
      "auc": 0.7964455870034897
    },
    "g16": {
      "accuracy": 0.28032785654067993,
      "auc": 0.7959124634469379
    },
    "g17": {
      "accuracy": 0.25573769211769104,
      "auc": 0.7890758296619367
    },
    "g18": {
      "accuracy": 0.27540984749794006,
      "auc": 0.7923166367597645
    },
    "g19": {
      "accuracy": 0.29672130942344666,
      "auc": 0.8033723964052855
    },
    "g20": {
      "accuracy": 0.31803280115127563,
      "auc": 0.8063008157434246
    },
    "g21": {
      "accuracy": 0.28360655903816223,
      "auc": 0.7957556794473913
    },
    "g22": {
      "accuracy": 0.27540984749794006,
      "auc": 0.7985997965841544
    },
    "g23": {
      "accuracy": 0.30655738711357117,
      "auc": 0.8020882511760711
    },
    "mean_auc": 0.7968717280359506,
    "std_auc": 0.006827585101080875,
    "mean_accuracy": 0.2849043731888135,
    "std_accuracy": 0.014708336484072736
  },
  "wall_time_s": 6.45321798324585,
  "epochs_run": 49,
  "peak_train_alloc_bytes": 198965248,
  "peak_train_reserved_bytes": 295698432,
  "gpu_name": "NVIDIA A100-SXM4-80GB",
  "cuda_total_memory_bytes": 85095874560,
  "git_sha": "5fb3903a1c11765c007a1686e1c9acd77b6024db",
  "argv": [
    "--model",
    "standard",
    "--channels",
    "4",
    "8",
    "--head_dim",
    "64",
    "--train_mode",
    "R",
    "--seed",
    "101112",
    "--batch_size",
    "64",
    "--output_dir",
    "/home/johmathe/bispectrum/paper/experiments/normalized_results/organ3d/n_100",
    "--data_dir",
    "./organ3d_data",
    "--subset_dir",
    "/home/johmathe/bispectrum/paper/experiments/normalized_results/subsets",
    "--patience",
    "15",
    "--epochs",
    "100",
    "--train_size",
    "100"
  ]
}