{
  "dataset": "pcam",
  "model": "norm",
  "group": "c8",
  "seed": 42,
  "train_mode": "R",
  "geometry_group": "c8",
  "growth_rate": 4,
  "n_params": 110093,
  "invariant_dim": 34,
  "train_size": 12500,
  "train_examples": 12500,
  "best_val_auc": 0.9012053116082963,
  "test": {
    "loss": 0.4344026713515632,
    "accuracy": 0.804840087890625,
    "auc": 0.8968772178403425
  },
  "test_c": {
    "loss": 0.4344026713515632,
    "accuracy": 0.804840087890625,
    "auc": 0.8968772178403425
  },
  "test_r": {
    "loss": 0.0,
    "accuracy": 0.8085746765136719,
    "auc": 0.8961584336562576
  },
  "rotation_robustness": {
    "g00": {
      "accuracy": 0.804840087890625,
      "auc": 0.8968772178403425
    },
    "g01": {
      "accuracy": 0.81146240234375,
      "auc": 0.8955605547222018
    },
    "g02": {
      "accuracy": 0.80596923828125,
      "auc": 0.8967143816463824
    },
    "g03": {
      "accuracy": 0.81146240234375,
      "auc": 0.8955631512500137
    },
    "g04": {
      "accuracy": 0.80596923828125,
      "auc": 0.8967134465983468
    },
    "g05": {
      "accuracy": 0.81146240234375,
      "auc": 0.8955626483357316
    },
    "g06": {
      "accuracy": 0.80596923828125,
      "auc": 0.8967140761725222
    },
    "g07": {
      "accuracy": 0.81146240234375,
      "auc": 0.8955619926845194
    },
    "mean_auc": 0.8961584336562576,
    "std_auc": 0.0005984385083986515,
    "mean_accuracy": 0.8085746765136719,
    "std_accuracy": 0.0029083483115655527
  }
}