{
  "dataset": "spherical_mnist",
  "model": "standard",
  "base_model": "standard",
  "train_mode": "R",
  "test_rotation_seed": 777,
  "seed": 42,
  "lmax": 15,
  "n_params": 184778,
  "invariant_dim": null,
  "train_size": 12500,
  "train_examples": 12500,
  "best_val_accuracy": 0.5886,
  "test_c": {
    "loss": 1.1546770004272462,
    "accuracy": 0.5839
  },
  "test": {
    "loss": 1.1546770004272462,
    "accuracy": 0.5839
  },
  "test_nr": {
    "loss": 1.1546770004272462,
    "accuracy": 0.5839
  },
  "test_r": {
    "loss": 1.1647745040893556,
    "accuracy": 0.5821
  },
  "rotation_robustness": {
    "rot_00": 0.5636,
    "rot_01": 0.5798,
    "rot_02": 0.5808,
    "rot_03": 0.5497,
    "rot_04": 0.5997,
    "rot_05": 0.6339,
    "rot_06": 0.5908,
    "rot_07": 0.5361,
    "rot_08": 0.5996,
    "rot_09": 0.5786,
    "mean_accuracy": 0.58126,
    "std_accuracy": 0.026258568125470977
  }
}