{
  "dataset": "pcam",
  "model": "gate",
  "group": "c8",
  "seed": 789,
  "train_mode": "C",
  "geometry_group": "c8",
  "growth_rate": 3,
  "n_params": 135682,
  "invariant_dim": 27,
  "train_size": null,
  "train_examples": 262144,
  "best_val_auc": 0.9655542494718213,
  "test": {
    "loss": 0.2634276903991122,
    "accuracy": 0.893585205078125,
    "auc": 0.9617155534180333
  },
  "test_c": {
    "loss": 0.2634276903991122,
    "accuracy": 0.893585205078125,
    "auc": 0.9617155534180333
  },
  "test_r": {
    "loss": 0.0,
    "accuracy": 0.8789749145507812,
    "auc": 0.9540788889857589
  },
  "rotation_robustness": {
    "g00": {
      "accuracy": 0.893585205078125,
      "auc": 0.9617155534180333
    },
    "g01": {
      "accuracy": 0.86419677734375,
      "auc": 0.9464647821216818
    },
    "g02": {
      "accuracy": 0.893829345703125,
      "auc": 0.9616719749641671
    },
    "g03": {
      "accuracy": 0.864166259765625,
      "auc": 0.9464736855671204
    },
    "g04": {
      "accuracy": 0.89385986328125,
      "auc": 0.9616784755969245
    },
    "g05": {
      "accuracy": 0.864166259765625,
      "auc": 0.9464671402308713
    },
    "g06": {
      "accuracy": 0.893829345703125,
      "auc": 0.9616798353281316
    },
    "g07": {
      "accuracy": 0.864166259765625,
      "auc": 0.9464796646591409
    },
    "mean_auc": 0.9540788889857589,
    "std_auc": 0.007607581515642412,
    "mean_accuracy": 0.8789749145507812,
    "std_accuracy": 0.014801235787380853
  },
  "wall_time_s": 15669.826943397522,
  "epochs_run": 23,
  "peak_train_alloc_bytes": 19904561152,
  "peak_train_reserved_bytes": 24033361920,
  "gpu_name": "NVIDIA A100-SXM4-80GB",
  "cuda_total_memory_bytes": 85095874560,
  "git_sha": "4f6f1351fe12ab869087e096175e97d4ada5c7e0",
  "argv": [
    "--model",
    "gate",
    "--group",
    "c8",
    "--geometry_group",
    "c8",
    "--growth_rate",
    "3",
    "--train_mode",
    "C",
    "--seed",
    "789",
    "--batch_size",
    "128",
    "--output_dir",
    "/home/johmathe/bispectrum/paper/experiments/normalized_results/pcam/n_full",
    "--data_dir",
    "./pcam_data",
    "--subset_dir",
    "/home/johmathe/bispectrum/paper/experiments/normalized_results/subsets",
    "--patience",
    "10",
    "--epochs",
    "50"
  ]
}