{
  "dataset": "pcam",
  "model": "bispectrum",
  "group": "c8",
  "seed": 456,
  "train_mode": "R",
  "geometry_group": "c8",
  "growth_rate": 4,
  "n_params": 128345,
  "invariant_dim": 544,
  "train_size": null,
  "train_examples": 262144,
  "best_val_auc": 0.9655602471942292,
  "test": {
    "loss": 0.3433750533586135,
    "accuracy": 0.878021240234375,
    "auc": 0.9528736684129006
  },
  "test_c": {
    "loss": 0.3433750533586135,
    "accuracy": 0.878021240234375,
    "auc": 0.9528736684129006
  },
  "test_r": {
    "loss": 0.0,
    "accuracy": 0.8759956359863281,
    "auc": 0.9482458567770086
  },
  "rotation_robustness": {
    "g00": {
      "accuracy": 0.878021240234375,
      "auc": 0.9528736684129006
    },
    "g01": {
      "accuracy": 0.873626708984375,
      "auc": 0.9435634957053188
    },
    "g02": {
      "accuracy": 0.87847900390625,
      "auc": 0.9529188077636866
    },
    "g03": {
      "accuracy": 0.873626708984375,
      "auc": 0.9435494290065841
    },
    "g04": {
      "accuracy": 0.87847900390625,
      "auc": 0.9529525551746607
    },
    "g05": {
      "accuracy": 0.873626708984375,
      "auc": 0.9436174081163593
    },
    "g06": {
      "accuracy": 0.87847900390625,
      "auc": 0.952945059889212
    },
    "g07": {
      "accuracy": 0.873626708984375,
      "auc": 0.9435464301473464
    },
    "mean_auc": 0.9482458567770086,
    "std_auc": 0.004676760601871363,
    "mean_accuracy": 0.8759956359863281,
    "std_accuracy": 0.0023730697895639136
  },
  "wall_time_s": 11828.10378909111,
  "epochs_run": 23,
  "peak_train_alloc_bytes": 15480596480,
  "peak_train_reserved_bytes": 18186502144,
  "gpu_name": "NVIDIA A100-SXM4-80GB",
  "cuda_total_memory_bytes": 85095874560,
  "git_sha": "4f6f1351fe12ab869087e096175e97d4ada5c7e0",
  "argv": [
    "--model",
    "bispectrum",
    "--group",
    "c8",
    "--geometry_group",
    "c8",
    "--growth_rate",
    "4",
    "--train_mode",
    "R",
    "--seed",
    "456",
    "--batch_size",
    "128",
    "--output_dir",
    "/home/johmathe/bispectrum/paper/experiments/normalized_results/pcam/n_full",
    "--data_dir",
    "./pcam_data",
    "--subset_dir",
    "/home/johmathe/bispectrum/paper/experiments/normalized_results/subsets",
    "--patience",
    "10",
    "--epochs",
    "50"
  ]
}