{
  "dataset": "pcam",
  "model": "standard",
  "group": "c8",
  "seed": 123,
  "train_mode": "C",
  "geometry_group": "c8",
  "growth_rate": 12,
  "n_params": 101959,
  "invariant_dim": 90,
  "train_size": 100,
  "train_examples": 100,
  "best_val_auc": 0.819911746234234,
  "test": {
    "loss": 0.6923779509961605,
    "accuracy": 0.500213623046875,
    "auc": 0.7699036215442324
  },
  "test_c": {
    "loss": 0.6923779509961605,
    "accuracy": 0.500213623046875,
    "auc": 0.7699036215442324
  },
  "test_r": {
    "loss": 0.0,
    "accuracy": 0.500213623046875,
    "auc": 0.7641627879588925
  },
  "rotation_robustness": {
    "g00": {
      "accuracy": 0.500213623046875,
      "auc": 0.7699036215442324
    },
    "g01": {
      "accuracy": 0.500213623046875,
      "auc": 0.7594415553384878
    },
    "g02": {
      "accuracy": 0.500213623046875,
      "auc": 0.7685851069564754
    },
    "g03": {
      "accuracy": 0.500213623046875,
      "auc": 0.7601857455413845
    },
    "g04": {
      "accuracy": 0.500213623046875,
      "auc": 0.7666498033919944
    },
    "g05": {
      "accuracy": 0.500213623046875,
      "auc": 0.7609740506400484
    },
    "g06": {
      "accuracy": 0.500213623046875,
      "auc": 0.7684902088940897
    },
    "g07": {
      "accuracy": 0.500213623046875,
      "auc": 0.759072211364427
    },
    "mean_auc": 0.7641627879588925,
    "std_auc": 0.0043533724410673765,
    "mean_accuracy": 0.500213623046875,
    "std_accuracy": 0.0
  }
}