{
  "dataset": "organ3d",
  "model": "max_pool",
  "train_mode": "R",
  "seed": 123,
  "channels": [
    4,
    8
  ],
  "head_dim": 64,
  "n_params": 374423,
  "invariant_dim": 8,
  "raw_invariant_dim": 8,
  "projected_dim": 8,
  "train_size": 100,
  "train_examples": 100,
  "best_val_auc": 0.8774572860189299,
  "test": {
    "loss": 2.275713210809426,
    "accuracy": 0.2393442690372467,
    "auc": 0.8056887369960877
  },
  "test_c": {
    "loss": 2.275713210809426,
    "accuracy": 0.2393442690372467,
    "auc": 0.8056887369960877
  },
  "test_r": {
    "loss": 0.0,
    "accuracy": 0.2393442690372467,
    "auc": 0.8056937016064047
  },
  "rotation_robustness": {
    "g00": {
      "accuracy": 0.2393442690372467,
      "auc": 0.8056908576096439
    },
    "g01": {
      "accuracy": 0.2393442690372467,
      "auc": 0.8056913344029563
    },
    "g02": {
      "accuracy": 0.2393442690372467,
      "auc": 0.8056858931506348
    },
    "g03": {
      "accuracy": 0.2393442690372467,
      "auc": 0.8056911723436971
    },
    "g04": {
      "accuracy": 0.2393442690372467,
      "auc": 0.8057010882486497
    },
    "g05": {
      "accuracy": 0.2393442690372467,
      "auc": 0.8056861737369535
    },
    "g06": {
      "accuracy": 0.2393442690372467,
      "auc": 0.805696217553431
    },
    "g07": {
      "accuracy": 0.2393442690372467,
      "auc": 0.8056762047072726
    },
    "g08": {
      "accuracy": 0.2393442690372467,
      "auc": 0.8056985562441124
    },
    "g09": {
      "accuracy": 0.2393442690372467,
      "auc": 0.8056986529010403
    },
    "g10": {
      "accuracy": 0.2393442690372467,
      "auc": 0.8056985220963778
    },
    "g11": {
      "accuracy": 0.2393442690372467,
      "auc": 0.8056985220963778
    },
    "g12": {
      "accuracy": 0.2393442690372467,
      "auc": 0.8056985220963778
    },
    "g13": {
      "accuracy": 0.2393442690372467,
      "auc": 0.8056911193966219
    },
    "g14": {
      "accuracy": 0.2393442690372467,
      "auc": 0.805696024239575
    },
    "g15": {
      "accuracy": 0.2393442690372467,
      "auc": 0.8056911723436971
    },
    "g16": {
      "accuracy": 0.2393442690372467,
      "auc": 0.805691184798953
    },
    "g17": {
      "accuracy": 0.2393442690372467,
      "auc": 0.8057033927915966
    },
    "g18": {
      "accuracy": 0.2393442690372467,
      "auc": 0.8056936855488938
    },
    "g19": {
      "accuracy": 0.2393442690372467,
      "auc": 0.8057035235962591
    },
    "g20": {
      "accuracy": 0.2393442690372467,
      "auc": 0.8057010882486497
    },
    "g21": {
      "accuracy": 0.2393442690372467,
      "auc": 0.8056786713094788
    },
    "g22": {
      "accuracy": 0.2393442690372467,
      "auc": 0.8056985220963778
    },
    "g23": {
      "accuracy": 0.2393442690372467,
      "auc": 0.8056887369960877
    },
    "mean_auc": 0.8056937016064047,
    "std_auc": 6.970472281261681e-06,
    "mean_accuracy": 0.2393442690372467,
    "std_accuracy": 0.0
  },
  "wall_time_s": 20.842417240142822,
  "epochs_run": 45,
  "peak_train_alloc_bytes": 2699536896,
  "peak_train_reserved_bytes": 3646947328,
  "gpu_name": "NVIDIA A100-SXM4-80GB",
  "cuda_total_memory_bytes": 85095874560,
  "git_sha": "5fb3903a1c11765c007a1686e1c9acd77b6024db",
  "argv": [
    "--model",
    "max_pool",
    "--channels",
    "4",
    "8",
    "--head_dim",
    "64",
    "--train_mode",
    "R",
    "--seed",
    "123",
    "--batch_size",
    "32",
    "--output_dir",
    "/home/johmathe/bispectrum/paper/experiments/normalized_results/organ3d/n_100",
    "--data_dir",
    "./organ3d_data",
    "--subset_dir",
    "/home/johmathe/bispectrum/paper/experiments/normalized_results/subsets",
    "--patience",
    "15",
    "--epochs",
    "100",
    "--train_size",
    "100"
  ]
}