{
  "dataset": "organ3d",
  "model": "bispectrum",
  "train_mode": "C",
  "seed": 456,
  "channels": [
    4,
    8
  ],
  "head_dim": 64,
  "n_params": 463167,
  "invariant_dim": 64,
  "raw_invariant_dim": 1376,
  "projected_dim": 64,
  "train_size": 500,
  "train_examples": 500,
  "best_val_auc": 0.9861424043973233,
  "test": {
    "loss": 0.7602135830238217,
    "accuracy": 0.6819671988487244,
    "auc": 0.9629836063447292
  },
  "test_c": {
    "loss": 0.7602135830238217,
    "accuracy": 0.6819671988487244,
    "auc": 0.9629836063447292
  },
  "test_r": {
    "loss": 0.0,
    "accuracy": 0.6819671988487244,
    "auc": 0.9629962927825778
  },
  "rotation_robustness": {
    "g00": {
      "accuracy": 0.6819671988487244,
      "auc": 0.9630006945947097
    },
    "g01": {
      "accuracy": 0.6819671988487244,
      "auc": 0.9629883586017148
    },
    "g02": {
      "accuracy": 0.6819671988487244,
      "auc": 0.9629859107988494
    },
    "g03": {
      "accuracy": 0.6819671988487244,
      "auc": 0.9629984460696288
    },
    "g04": {
      "accuracy": 0.6819671988487244,
      "auc": 0.9629909778787149
    },
    "g05": {
      "accuracy": 0.6819671988487244,
      "auc": 0.9629933789897632
    },
    "g06": {
      "accuracy": 0.6819671988487244,
      "auc": 0.963013077190695
    },
    "g07": {
      "accuracy": 0.6819671988487244,
      "auc": 0.9630063098341473
    },
    "g08": {
      "accuracy": 0.6819671988487244,
      "auc": 0.9629910745356429
    },
    "g09": {
      "accuracy": 0.6819671988487244,
      "auc": 0.9630111246003265
    },
    "g10": {
      "accuracy": 0.6819671988487244,
      "auc": 0.9629958455919695
    },
    "g11": {
      "accuracy": 0.6819671988487244,
      "auc": 0.9630111246003265
    },
    "g12": {
      "accuracy": 0.6819671988487244,
      "auc": 0.963000629103552
    },
    "g13": {
      "accuracy": 0.6819671988487244,
      "auc": 0.9629860759288995
    },
    "g14": {
      "accuracy": 0.6819671988487244,
      "auc": 0.9629886079334369
    },
    "g15": {
      "accuracy": 0.6819671988487244,
      "auc": 0.9629960761243507
    },
    "g16": {
      "accuracy": 0.6819671988487244,
      "auc": 0.9629935411378491
    },
    "g17": {
      "accuracy": 0.6819671988487244,
      "auc": 0.9629984743422614
    },
    "g18": {
      "accuracy": 0.6819671988487244,
      "auc": 0.9629934910839115
    },
    "g19": {
      "accuracy": 0.6819671988487244,
      "auc": 0.9629960573250099
    },
    "g20": {
      "accuracy": 0.6819671988487244,
      "auc": 0.962998262140238
    },
    "g21": {
      "accuracy": 0.6819671988487244,
      "auc": 0.9629836093266934
    },
    "g22": {
      "accuracy": 0.6819671988487244,
      "auc": 0.9630062727044486
    },
    "g23": {
      "accuracy": 0.6819671988487244,
      "auc": 0.9629836063447292
    },
    "mean_auc": 0.9629962927825778,
    "std_auc": 8.437914173288146e-06,
    "mean_accuracy": 0.6819671988487244,
    "std_accuracy": 0.0
  },
  "wall_time_s": 121.59647059440613,
  "epochs_run": 69,
  "peak_train_alloc_bytes": 1688434688,
  "peak_train_reserved_bytes": 2237661184,
  "gpu_name": "NVIDIA A100-SXM4-80GB",
  "cuda_total_memory_bytes": 85095874560,
  "git_sha": "5fb3903a1c11765c007a1686e1c9acd77b6024db",
  "argv": [
    "--model",
    "bispectrum",
    "--channels",
    "4",
    "8",
    "--head_dim",
    "64",
    "--train_mode",
    "C",
    "--seed",
    "456",
    "--batch_size",
    "16",
    "--output_dir",
    "/home/johmathe/bispectrum/paper/experiments/normalized_results/organ3d/n_500",
    "--data_dir",
    "./organ3d_data",
    "--subset_dir",
    "/home/johmathe/bispectrum/paper/experiments/normalized_results/subsets",
    "--patience",
    "15",
    "--epochs",
    "100",
    "--train_size",
    "500"
  ]
}