{
  "dataset": "pcam",
  "model": "standard",
  "group": "c8",
  "seed": 789,
  "train_mode": "C",
  "geometry_group": "c8",
  "growth_rate": 12,
  "n_params": 101959,
  "invariant_dim": 90,
  "train_size": 100,
  "train_examples": 100,
  "best_val_auc": 0.8621655702116091,
  "test": {
    "loss": 0.8263555355370045,
    "accuracy": 0.50079345703125,
    "auc": 0.8352976438760182
  },
  "test_c": {
    "loss": 0.8263555355370045,
    "accuracy": 0.50079345703125,
    "auc": 0.8352976438760182
  },
  "test_r": {
    "loss": 0.0,
    "accuracy": 0.5021553039550781,
    "auc": 0.8312244158424302
  },
  "rotation_robustness": {
    "g00": {
      "accuracy": 0.50079345703125,
      "auc": 0.8352976438760182
    },
    "g01": {
      "accuracy": 0.50341796875,
      "auc": 0.8288174257131438
    },
    "g02": {
      "accuracy": 0.500823974609375,
      "auc": 0.8341831448486973
    },
    "g03": {
      "accuracy": 0.503570556640625,
      "auc": 0.824876011978554
    },
    "g04": {
      "accuracy": 0.50079345703125,
      "auc": 0.8353394528166695
    },
    "g05": {
      "accuracy": 0.503448486328125,
      "auc": 0.8297422962537874
    },
    "g06": {
      "accuracy": 0.500823974609375,
      "auc": 0.8353218657179602
    },
    "g07": {
      "accuracy": 0.503570556640625,
      "auc": 0.8262174855346113
    },
    "mean_auc": 0.8312244158424302,
    "std_auc": 0.0040686261718749514,
    "mean_accuracy": 0.5021553039550781,
    "std_accuracy": 0.0013475279729717306
  },
  "wall_time_s": 233.9023654460907,
  "epochs_run": 34,
  "peak_train_alloc_bytes": 4888623104,
  "peak_train_reserved_bytes": 10758389760,
  "gpu_name": "NVIDIA A100-SXM4-80GB",
  "cuda_total_memory_bytes": 85095874560,
  "git_sha": "5fb3903a1c11765c007a1686e1c9acd77b6024db",
  "argv": [
    "--model",
    "standard",
    "--group",
    "c8",
    "--geometry_group",
    "c8",
    "--growth_rate",
    "12",
    "--train_mode",
    "C",
    "--seed",
    "789",
    "--batch_size",
    "1024",
    "--output_dir",
    "/home/johmathe/bispectrum/paper/experiments/normalized_results/pcam/n_100",
    "--data_dir",
    "./pcam_data",
    "--subset_dir",
    "/home/johmathe/bispectrum/paper/experiments/normalized_results/subsets",
    "--patience",
    "10",
    "--epochs",
    "50",
    "--train_size",
    "100"
  ]
}