{
  "dataset": "pcam",
  "model": "norm",
  "group": "c8",
  "seed": 456,
  "train_mode": "C",
  "geometry_group": "c8",
  "growth_rate": 4,
  "n_params": 110093,
  "invariant_dim": 34,
  "train_size": 12500,
  "train_examples": 12500,
  "best_val_auc": 0.9431918420574236,
  "test": {
    "loss": 0.4186041948851198,
    "accuracy": 0.81109619140625,
    "auc": 0.9011275252522853
  },
  "test_c": {
    "loss": 0.4186041948851198,
    "accuracy": 0.81109619140625,
    "auc": 0.9011275252522853
  },
  "test_r": {
    "loss": 0.0,
    "accuracy": 0.7888603210449219,
    "auc": 0.89400212767014
  },
  "rotation_robustness": {
    "g00": {
      "accuracy": 0.81109619140625,
      "auc": 0.9011275252522853
    },
    "g01": {
      "accuracy": 0.766265869140625,
      "auc": 0.8868011178570047
    },
    "g02": {
      "accuracy": 0.811553955078125,
      "auc": 0.9012900485218033
    },
    "g03": {
      "accuracy": 0.76629638671875,
      "auc": 0.8867540935089834
    },
    "g04": {
      "accuracy": 0.811553955078125,
      "auc": 0.901291996848985
    },
    "g05": {
      "accuracy": 0.76629638671875,
      "auc": 0.8867812620560893
    },
    "g06": {
      "accuracy": 0.811553955078125,
      "auc": 0.9012905439855033
    },
    "g07": {
      "accuracy": 0.766265869140625,
      "auc": 0.886680433330466
    },
    "mean_auc": 0.89400212767014,
    "std_auc": 0.007248145761369237,
    "mean_accuracy": 0.7888603210449219,
    "std_accuracy": 0.022579630715224897
  },
  "wall_time_s": 2955.655999183655,
  "epochs_run": 44,
  "peak_train_alloc_bytes": 22324224000,
  "peak_train_reserved_bytes": 26820476928,
  "gpu_name": "NVIDIA A100-SXM4-80GB",
  "cuda_total_memory_bytes": 85095874560,
  "git_sha": "5fb3903a1c11765c007a1686e1c9acd77b6024db",
  "argv": [
    "--model",
    "norm",
    "--group",
    "c8",
    "--geometry_group",
    "c8",
    "--growth_rate",
    "4",
    "--train_mode",
    "C",
    "--seed",
    "456",
    "--batch_size",
    "128",
    "--output_dir",
    "/home/johmathe/bispectrum/paper/experiments/normalized_results/pcam/n_12500",
    "--data_dir",
    "./pcam_data",
    "--subset_dir",
    "/home/johmathe/bispectrum/paper/experiments/normalized_results/subsets",
    "--patience",
    "10",
    "--epochs",
    "50",
    "--train_size",
    "12500"
  ]
}