{
  "dataset": "pcam",
  "model": "fourier_elu",
  "group": "c8",
  "seed": 42,
  "train_mode": "C",
  "geometry_group": "c8",
  "growth_rate": 4,
  "n_params": 109815,
  "invariant_dim": 34,
  "train_size": 12500,
  "train_examples": 12500,
  "best_val_auc": 0.9523132192733673,
  "test": {
    "loss": 0.36699690483510494,
    "accuracy": 0.856475830078125,
    "auc": 0.9213350420647005
  },
  "test_c": {
    "loss": 0.36699690483510494,
    "accuracy": 0.856475830078125,
    "auc": 0.9213350420647005
  },
  "test_r": {
    "loss": 0.0,
    "accuracy": 0.7791938781738281,
    "auc": 0.8860611437521728
  },
  "rotation_robustness": {
    "g00": {
      "accuracy": 0.856475830078125,
      "auc": 0.9213350420647005
    },
    "g01": {
      "accuracy": 0.702484130859375,
      "auc": 0.8510684620676735
    },
    "g02": {
      "accuracy": 0.855712890625,
      "auc": 0.9209306393772413
    },
    "g03": {
      "accuracy": 0.702484130859375,
      "auc": 0.851071829730718
    },
    "g04": {
      "accuracy": 0.855712890625,
      "auc": 0.9209230248824813
    },
    "g05": {
      "accuracy": 0.702484130859375,
      "auc": 0.8510486323437951
    },
    "g06": {
      "accuracy": 0.855743408203125,
      "auc": 0.9209230286077723
    },
    "g07": {
      "accuracy": 0.70245361328125,
      "auc": 0.851188490943
    },
    "mean_auc": 0.8860611437521728,
    "std_auc": 0.03496703650435222,
    "mean_accuracy": 0.7791938781738281,
    "std_accuracy": 0.07671772401617363
  }
}