{
  "dataset": "organ3d",
  "model": "bispectrum",
  "train_mode": "C",
  "seed": 123,
  "channels": [
    4,
    8
  ],
  "head_dim": 64,
  "n_params": 463167,
  "invariant_dim": 64,
  "raw_invariant_dim": 1376,
  "projected_dim": 64,
  "train_size": 100,
  "train_examples": 100,
  "best_val_auc": 0.9711936990483836,
  "test": {
    "loss": 1.1809893373583185,
    "accuracy": 0.5803278684616089,
    "auc": 0.9279924820621754
  },
  "test_c": {
    "loss": 1.1809893373583185,
    "accuracy": 0.5803278684616089,
    "auc": 0.9279924820621754
  },
  "test_r": {
    "loss": 0.0,
    "accuracy": 0.5803278684616089,
    "auc": 0.9279951615210851
  },
  "rotation_robustness": {
    "g00": {
      "accuracy": 0.5803278684616089,
      "auc": 0.9280000498919815
    },
    "g01": {
      "accuracy": 0.5803278684616089,
      "auc": 0.9279900496965303
    },
    "g02": {
      "accuracy": 0.5803278684616089,
      "auc": 0.9279900154599692
    },
    "g03": {
      "accuracy": 0.5803278684616089,
      "auc": 0.9279949516463457
    },
    "g04": {
      "accuracy": 0.5803278684616089,
      "auc": 0.9279998506141971
    },
    "g05": {
      "accuracy": 0.5803278684616089,
      "auc": 0.927990046714566
    },
    "g06": {
      "accuracy": 0.5803278684616089,
      "auc": 0.9280050172441281
    },
    "g07": {
      "accuracy": 0.5803278684616089,
      "auc": 0.9279901463534582
    },
    "g08": {
      "accuracy": 0.5803278684616089,
      "auc": 0.9279998193596003
    },
    "g09": {
      "accuracy": 0.5803278684616089,
      "auc": 0.9279973869939551
    },
    "g10": {
      "accuracy": 0.5803278684616089,
      "auc": 0.9279925817010676
    },
    "g11": {
      "accuracy": 0.5803278684616089,
      "auc": 0.9279972873550629
    },
    "g12": {
      "accuracy": 0.5803278684616089,
      "auc": 0.9280024168552953
    },
    "g13": {
      "accuracy": 0.5803278684616089,
      "auc": 0.9279924166598441
    },
    "g14": {
      "accuracy": 0.5803278684616089,
      "auc": 0.9279899470756738
    },
    "g15": {
      "accuracy": 0.5803278684616089,
      "auc": 0.9279799840099213
    },
    "g16": {
      "accuracy": 0.5803278684616089,
      "auc": 0.9279949203917489
    },
    "g17": {
      "accuracy": 0.5803278684616089,
      "auc": 0.927989819164149
    },
    "g18": {
      "accuracy": 0.5803278684616089,
      "auc": 0.9280000186373847
    },
    "g19": {
      "accuracy": 0.5803278684616089,
      "auc": 0.9279948520074535
    },
    "g20": {
      "accuracy": 0.5803278684616089,
      "auc": 0.9279998506141971
    },
    "g21": {
      "accuracy": 0.5803278684616089,
      "auc": 0.9279999844896502
    },
    "g22": {
      "accuracy": 0.5803278684616089,
      "auc": 0.927999981507686
    },
    "g23": {
      "accuracy": 0.5803278684616089,
      "auc": 0.9279924820621754
    },
    "mean_auc": 0.9279951615210851,
    "std_auc": 5.516943142646974e-06,
    "mean_accuracy": 0.5803278684616089,
    "std_accuracy": 0.0
  }
}