{
  "dataset": "pcam",
  "model": "norm",
  "group": "c8",
  "seed": 123,
  "train_mode": "C",
  "geometry_group": "c8",
  "growth_rate": 4,
  "n_params": 110093,
  "invariant_dim": 34,
  "train_size": 2500,
  "train_examples": 2500,
  "best_val_auc": 0.8744521280815036,
  "test": {
    "loss": 0.47896731784567237,
    "accuracy": 0.779815673828125,
    "auc": 0.853550351500389
  },
  "test_c": {
    "loss": 0.47896731784567237,
    "accuracy": 0.779815673828125,
    "auc": 0.853550351500389
  },
  "test_r": {
    "loss": 0.0,
    "accuracy": 0.7679519653320312,
    "auc": 0.843394389194716
  },
  "rotation_robustness": {
    "g00": {
      "accuracy": 0.779815673828125,
      "auc": 0.853550351500389
    },
    "g01": {
      "accuracy": 0.75628662109375,
      "auc": 0.833395249532041
    },
    "g02": {
      "accuracy": 0.779571533203125,
      "auc": 0.85334270750654
    },
    "g03": {
      "accuracy": 0.75628662109375,
      "auc": 0.8333948322994514
    },
    "g04": {
      "accuracy": 0.779510498046875,
      "auc": 0.8533427931882325
    },
    "g05": {
      "accuracy": 0.75628662109375,
      "auc": 0.8333936811845392
    },
    "g06": {
      "accuracy": 0.779571533203125,
      "auc": 0.8533428788699249
    },
    "g07": {
      "accuracy": 0.75628662109375,
      "auc": 0.8333926194766103
    },
    "mean_auc": 0.843394389194716,
    "std_auc": 0.010000495529708272,
    "mean_accuracy": 0.7679519653320312,
    "std_accuracy": 0.011665638632393399
  }
}