{
  "dataset": "pcam",
  "model": "norm",
  "group": "c8",
  "seed": 42,
  "train_mode": "C",
  "geometry_group": "c8",
  "growth_rate": 4,
  "n_params": 110093,
  "invariant_dim": 34,
  "train_size": 500,
  "train_examples": 500,
  "best_val_auc": 0.8649228908406587,
  "test": {
    "loss": 0.5118920679669827,
    "accuracy": 0.754547119140625,
    "auc": 0.8442867039518375
  },
  "test_c": {
    "loss": 0.5118920679669827,
    "accuracy": 0.754547119140625,
    "auc": 0.8442867039518375
  },
  "test_r": {
    "loss": 0.0,
    "accuracy": 0.727081298828125,
    "auc": 0.8296541889311941
  },
  "rotation_robustness": {
    "g00": {
      "accuracy": 0.754547119140625,
      "auc": 0.8442867039518375
    },
    "g01": {
      "accuracy": 0.69879150390625,
      "auc": 0.8153807779910346
    },
    "g02": {
      "accuracy": 0.755645751953125,
      "auc": 0.8438073335087275
    },
    "g03": {
      "accuracy": 0.69879150390625,
      "auc": 0.8153817800943077
    },
    "g04": {
      "accuracy": 0.755645751953125,
      "auc": 0.8438065847252408
    },
    "g05": {
      "accuracy": 0.69879150390625,
      "auc": 0.8153811505201324
    },
    "g06": {
      "accuracy": 0.755645751953125,
      "auc": 0.8438073037063997
    },
    "g07": {
      "accuracy": 0.69879150390625,
      "auc": 0.8153818769518731
    },
    "mean_auc": 0.8296541889311941,
    "std_auc": 0.014273548045274255,
    "mean_accuracy": 0.727081298828125,
    "std_accuracy": 0.028291794789559753
  }
}