{
  "dataset": "pcam",
  "model": "gate",
  "group": "c8",
  "seed": 456,
  "train_mode": "C",
  "geometry_group": "c8",
  "growth_rate": 3,
  "n_params": 135682,
  "invariant_dim": 27,
  "train_size": 500,
  "train_examples": 500,
  "best_val_auc": 0.8785372997481095,
  "test": {
    "loss": 0.4528005028842017,
    "accuracy": 0.799041748046875,
    "auc": 0.8739037805098491
  },
  "test_c": {
    "loss": 0.4528005028842017,
    "accuracy": 0.799041748046875,
    "auc": 0.8739037805098491
  },
  "test_r": {
    "loss": 0.0,
    "accuracy": 0.7776641845703125,
    "auc": 0.8651995803966352
  },
  "rotation_robustness": {
    "g00": {
      "accuracy": 0.799041748046875,
      "auc": 0.8739037805098491
    },
    "g01": {
      "accuracy": 0.75665283203125,
      "auc": 0.8566526359914957
    },
    "g02": {
      "accuracy": 0.798553466796875,
      "auc": 0.873693878989667
    },
    "g03": {
      "accuracy": 0.75665283203125,
      "auc": 0.8566541000308503
    },
    "g04": {
      "accuracy": 0.798553466796875,
      "auc": 0.8736932941189833
    },
    "g05": {
      "accuracy": 0.75665283203125,
      "auc": 0.8566530196964665
    },
    "g06": {
      "accuracy": 0.798553466796875,
      "auc": 0.8736929476669223
    },
    "g07": {
      "accuracy": 0.75665283203125,
      "auc": 0.8566529861688477
    },
    "mean_auc": 0.8651995803966352,
    "std_auc": 0.00854663774991608,
    "mean_accuracy": 0.7776641845703125,
    "std_accuracy": 0.02101188442911675
  },
  "wall_time_s": 1019.5263226032257,
  "epochs_run": 34,
  "peak_train_alloc_bytes": 19904561152,
  "peak_train_reserved_bytes": 24033361920,
  "gpu_name": "NVIDIA A100-SXM4-80GB",
  "cuda_total_memory_bytes": 85095874560,
  "git_sha": "5fb3903a1c11765c007a1686e1c9acd77b6024db",
  "argv": [
    "--model",
    "gate",
    "--group",
    "c8",
    "--geometry_group",
    "c8",
    "--growth_rate",
    "3",
    "--train_mode",
    "C",
    "--seed",
    "456",
    "--batch_size",
    "128",
    "--output_dir",
    "/home/johmathe/bispectrum/paper/experiments/normalized_results/pcam/n_500",
    "--data_dir",
    "./pcam_data",
    "--subset_dir",
    "/home/johmathe/bispectrum/paper/experiments/normalized_results/subsets",
    "--patience",
    "10",
    "--epochs",
    "50",
    "--train_size",
    "500"
  ]
}