{
  "dataset": "spherical_mnist",
  "model": "bispectrum",
  "base_model": "bispectrum",
  "train_mode": "C",
  "test_rotation_seed": 777,
  "seed": 123,
  "lmax": 15,
  "n_params": 231818,
  "invariant_dim": 768,
  "train_size": null,
  "train_examples": 50000,
  "best_val_accuracy": 0.9548,
  "test_c": {
    "loss": 0.16243623690605163,
    "accuracy": 0.9478
  },
  "test": {
    "loss": 0.16243623690605163,
    "accuracy": 0.9478
  },
  "test_nr": {
    "loss": 0.16243623690605163,
    "accuracy": 0.9478
  },
  "test_r": {
    "loss": 0.16216381311416625,
    "accuracy": 0.949
  },
  "rotation_robustness": {
    "rot_00": 0.9489,
    "rot_01": 0.949,
    "rot_02": 0.949,
    "rot_03": 0.949,
    "rot_04": 0.9488,
    "rot_05": 0.9491,
    "rot_06": 0.949,
    "rot_07": 0.949,
    "rot_08": 0.9491,
    "rot_09": 0.9489,
    "mean_accuracy": 0.9489799999999999,
    "std_accuracy": 8.717797887083443e-05
  }
}