{
  "dataset": "organ3d",
  "model": "max_pool",
  "train_mode": "C",
  "seed": 123,
  "channels": [
    4,
    8
  ],
  "head_dim": 64,
  "n_params": 374423,
  "invariant_dim": 8,
  "raw_invariant_dim": 8,
  "projected_dim": 8,
  "train_size": null,
  "train_examples": 971,
  "best_val_auc": 0.9914082953931651,
  "test": {
    "loss": 0.607924029866203,
    "accuracy": 0.7196721434593201,
    "auc": 0.971713435817959
  },
  "test_c": {
    "loss": 0.607924029866203,
    "accuracy": 0.7196721434593201,
    "auc": 0.971713435817959
  },
  "test_r": {
    "loss": 0.0,
    "accuracy": 0.7196721434593201,
    "auc": 0.9717087550056874
  },
  "rotation_robustness": {
    "g00": {
      "accuracy": 0.7196721434593201,
      "auc": 0.9717083033357622
    },
    "g01": {
      "accuracy": 0.7196721434593201,
      "auc": 0.9717084342292512
    },
    "g02": {
      "accuracy": 0.7196721434593201,
      "auc": 0.9717084342292512
    },
    "g03": {
      "accuracy": 0.7196721434593201,
      "auc": 0.9717110004703496
    },
    "g04": {
      "accuracy": 0.7196721434593201,
      "auc": 0.9717085651227403
    },
    "g05": {
      "accuracy": 0.7196721434593201,
      "auc": 0.9717085651227403
    },
    "g06": {
      "accuracy": 0.7196721434593201,
      "auc": 0.9717084342292512
    },
    "g07": {
      "accuracy": 0.7196721434593201,
      "auc": 0.9717084342292512
    },
    "g08": {
      "accuracy": 0.7196721434593201,
      "auc": 0.9717158369290074
    },
    "g09": {
      "accuracy": 0.7196721434593201,
      "auc": 0.9717008663994452
    },
    "g10": {
      "accuracy": 0.7196721434593201,
      "auc": 0.971705998881642
    },
    "g11": {
      "accuracy": 0.7196721434593201,
      "auc": 0.9717083033357622
    },
    "g12": {
      "accuracy": 0.7196721434593201,
      "auc": 0.9717084029746544
    },
    "g13": {
      "accuracy": 0.7196721434593201,
      "auc": 0.9717109662337886
    },
    "g14": {
      "accuracy": 0.7196721434593201,
      "auc": 0.9717110004703496
    },
    "g15": {
      "accuracy": 0.7196721434593201,
      "auc": 0.9717032704924577
    },
    "g16": {
      "accuracy": 0.7196721434593201,
      "auc": 0.971713435817959
    },
    "g17": {
      "accuracy": 0.7196721434593201,
      "auc": 0.9717085651227403
    },
    "g18": {
      "accuracy": 0.7196721434593201,
      "auc": 0.9717085651227403
    },
    "g19": {
      "accuracy": 0.7196721434593201,
      "auc": 0.971713435817959
    },
    "g20": {
      "accuracy": 0.7196721434593201,
      "auc": 0.9717008663994452
    },
    "g21": {
      "accuracy": 0.7196721434593201,
      "auc": 0.9717085651227403
    },
    "g22": {
      "accuracy": 0.7196721434593201,
      "auc": 0.9717084342292512
    },
    "g23": {
      "accuracy": 0.7196721434593201,
      "auc": 0.971713435817959
    },
    "mean_auc": 0.9717087550056874,
    "std_auc": 3.5013118129050207e-06,
    "mean_accuracy": 0.7196721434593201,
    "std_accuracy": 0.0
  }
}