{
  "dataset": "pcam",
  "model": "bispectrum",
  "group": "c8",
  "seed": 789,
  "train_mode": "C",
  "geometry_group": "c8",
  "growth_rate": 4,
  "n_params": 128345,
  "invariant_dim": 544,
  "train_size": null,
  "train_examples": 262144,
  "best_val_auc": 0.9639900546437588,
  "test": {
    "loss": 0.3829310059227282,
    "accuracy": 0.876922607421875,
    "auc": 0.9411516752706174
  },
  "test_c": {
    "loss": 0.3829310059227282,
    "accuracy": 0.876922607421875,
    "auc": 0.9411516752706174
  },
  "test_r": {
    "loss": 0.0,
    "accuracy": 0.8200798034667969,
    "auc": 0.9352849170713161
  },
  "rotation_robustness": {
    "g00": {
      "accuracy": 0.876922607421875,
      "auc": 0.9411516752706174
    },
    "g01": {
      "accuracy": 0.76287841796875,
      "auc": 0.929342484242401
    },
    "g02": {
      "accuracy": 0.877410888671875,
      "auc": 0.9412485663636765
    },
    "g03": {
      "accuracy": 0.76287841796875,
      "auc": 0.929341258621669
    },
    "g04": {
      "accuracy": 0.877410888671875,
      "auc": 0.9412518185427007
    },
    "g05": {
      "accuracy": 0.762847900390625,
      "auc": 0.9293467459752803
    },
    "g06": {
      "accuracy": 0.877410888671875,
      "auc": 0.9412528094701009
    },
    "g07": {
      "accuracy": 0.76287841796875,
      "auc": 0.9293439780840834
    },
    "mean_auc": 0.9352849170713161,
    "std_auc": 0.005941378556489117,
    "mean_accuracy": 0.8200798034667969,
    "std_accuracy": 0.05720921100690437
  },
  "wall_time_s": 8591.085585594177,
  "epochs_run": 17,
  "peak_train_alloc_bytes": 15480563712,
  "peak_train_reserved_bytes": 18165530624,
  "gpu_name": "NVIDIA A100-SXM4-80GB",
  "cuda_total_memory_bytes": 85095874560,
  "git_sha": "4f6f1351fe12ab869087e096175e97d4ada5c7e0",
  "argv": [
    "--model",
    "bispectrum",
    "--group",
    "c8",
    "--geometry_group",
    "c8",
    "--growth_rate",
    "4",
    "--train_mode",
    "C",
    "--seed",
    "789",
    "--batch_size",
    "128",
    "--output_dir",
    "/home/johmathe/bispectrum/paper/experiments/normalized_results/pcam/n_full",
    "--data_dir",
    "./pcam_data",
    "--subset_dir",
    "/home/johmathe/bispectrum/paper/experiments/normalized_results/subsets",
    "--patience",
    "10",
    "--epochs",
    "50"
  ]
}