{
  "dataset": "organ3d",
  "model": "max_pool",
  "train_mode": "C",
  "seed": 101112,
  "channels": [
    4,
    8
  ],
  "head_dim": 64,
  "n_params": 374423,
  "invariant_dim": 8,
  "raw_invariant_dim": 8,
  "projected_dim": 8,
  "train_size": null,
  "train_examples": 971,
  "best_val_auc": 0.9890582273205208,
  "test": {
    "loss": 0.7652403253023742,
    "accuracy": 0.6934426426887512,
    "auc": 0.9638079081198702
  },
  "test_c": {
    "loss": 0.7652403253023742,
    "accuracy": 0.6934426426887512,
    "auc": 0.9638079081198702
  },
  "test_r": {
    "loss": 0.0,
    "accuracy": 0.6934426426887512,
    "auc": 0.963812731747261
  },
  "rotation_robustness": {
    "g00": {
      "accuracy": 0.6934426426887512,
      "auc": 0.9638080390133592
    },
    "g01": {
      "accuracy": 0.6934426426887512,
      "auc": 0.9638103747220764
    },
    "g02": {
      "accuracy": 0.6934426426887512,
      "auc": 0.9638103092309186
    },
    "g03": {
      "accuracy": 0.6934426426887512,
      "auc": 0.9638103434674796
    },
    "g04": {
      "accuracy": 0.6934426426887512,
      "auc": 0.9638079081198702
    },
    "g05": {
      "accuracy": 0.6934426426887512,
      "auc": 0.9638153763107841
    },
    "g06": {
      "accuracy": 0.6934426426887512,
      "auc": 0.9638179425518825
    },
    "g07": {
      "accuracy": 0.6934426426887512,
      "auc": 0.9638079393744671
    },
    "g08": {
      "accuracy": 0.6934426426887512,
      "auc": 0.9638180421907747
    },
    "g09": {
      "accuracy": 0.6934426426887512,
      "auc": 0.9638129409631747
    },
    "g10": {
      "accuracy": 0.6934426426887512,
      "auc": 0.9638104743609687
    },
    "g11": {
      "accuracy": 0.6934426426887512,
      "auc": 0.9638104743609687
    },
    "g12": {
      "accuracy": 0.6934426426887512,
      "auc": 0.9638180392088104
    },
    "g13": {
      "accuracy": 0.6934426426887512,
      "auc": 0.9638153763107841
    },
    "g14": {
      "accuracy": 0.6934426426887512,
      "auc": 0.9638155072042731
    },
    "g15": {
      "accuracy": 0.6934426426887512,
      "auc": 0.9638105056155655
    },
    "g16": {
      "accuracy": 0.6934426426887512,
      "auc": 0.9638205087929808
    },
    "g17": {
      "accuracy": 0.6934426426887512,
      "auc": 0.963805341878772
    },
    "g18": {
      "accuracy": 0.6934426426887512,
      "auc": 0.9638153763107841
    },
    "g19": {
      "accuracy": 0.6934426426887512,
      "auc": 0.9638079081198702
    },
    "g20": {
      "accuracy": 0.6934426426887512,
      "auc": 0.9638229441405901
    },
    "g21": {
      "accuracy": 0.6934426426887512,
      "auc": 0.963812909708578
    },
    "g22": {
      "accuracy": 0.6934426426887512,
      "auc": 0.9638130718566637
    },
    "g23": {
      "accuracy": 0.6934426426887512,
      "auc": 0.9638079081198702
    },
    "mean_auc": 0.963812731747261,
    "std_auc": 4.46677296359385e-06,
    "mean_accuracy": 0.6934426426887512,
    "std_accuracy": 0.0
  },
  "wall_time_s": 259.67176389694214,
  "epochs_run": 100,
  "peak_train_alloc_bytes": 2697406976,
  "peak_train_reserved_bytes": 3621781504,
  "gpu_name": "NVIDIA A100-SXM4-80GB",
  "cuda_total_memory_bytes": 85095874560,
  "git_sha": "5fb3903a1c11765c007a1686e1c9acd77b6024db",
  "argv": [
    "--model",
    "max_pool",
    "--channels",
    "4",
    "8",
    "--head_dim",
    "64",
    "--train_mode",
    "C",
    "--seed",
    "101112",
    "--batch_size",
    "32",
    "--output_dir",
    "/home/johmathe/bispectrum/paper/experiments/normalized_results/organ3d/n_full",
    "--data_dir",
    "./organ3d_data",
    "--subset_dir",
    "/home/johmathe/bispectrum/paper/experiments/normalized_results/subsets",
    "--patience",
    "15",
    "--epochs",
    "100"
  ]
}