{
  "dataset": "pcam",
  "model": "bispectrum",
  "group": "c8",
  "seed": 456,
  "train_mode": "R",
  "geometry_group": "c8",
  "growth_rate": 4,
  "n_params": 128345,
  "invariant_dim": 544,
  "train_size": 12500,
  "train_examples": 12500,
  "best_val_auc": 0.955065205282238,
  "test": {
    "loss": 0.3637715564109385,
    "accuracy": 0.87945556640625,
    "auc": 0.9405712451338433
  },
  "test_c": {
    "loss": 0.3637715564109385,
    "accuracy": 0.87945556640625,
    "auc": 0.9405712451338433
  },
  "test_r": {
    "loss": 0.0,
    "accuracy": 0.8702583312988281,
    "auc": 0.9324654068455284
  },
  "rotation_robustness": {
    "g00": {
      "accuracy": 0.87945556640625,
      "auc": 0.9405712451338433
    },
    "g01": {
      "accuracy": 0.861328125,
      "auc": 0.9245559100182339
    },
    "g02": {
      "accuracy": 0.87908935546875,
      "auc": 0.9403086419221888
    },
    "g03": {
      "accuracy": 0.861328125,
      "auc": 0.9245612334590422
    },
    "g04": {
      "accuracy": 0.87908935546875,
      "auc": 0.94030807567796
    },
    "g05": {
      "accuracy": 0.861358642578125,
      "auc": 0.9245597172656139
    },
    "g06": {
      "accuracy": 0.87908935546875,
      "auc": 0.9402993249694516
    },
    "g07": {
      "accuracy": 0.861328125,
      "auc": 0.9245591063178934
    },
    "mean_auc": 0.9324654068455284,
    "std_auc": 0.007906834789941725,
    "mean_accuracy": 0.8702583312988281,
    "std_accuracy": 0.008923286321716942
  },
  "wall_time_s": 1503.6810739040375,
  "epochs_run": 32,
  "peak_train_alloc_bytes": 15480596480,
  "peak_train_reserved_bytes": 18186502144,
  "gpu_name": "NVIDIA A100-SXM4-80GB",
  "cuda_total_memory_bytes": 85095874560,
  "git_sha": "5fb3903a1c11765c007a1686e1c9acd77b6024db",
  "argv": [
    "--model",
    "bispectrum",
    "--group",
    "c8",
    "--geometry_group",
    "c8",
    "--growth_rate",
    "4",
    "--train_mode",
    "R",
    "--seed",
    "456",
    "--batch_size",
    "128",
    "--output_dir",
    "/home/johmathe/bispectrum/paper/experiments/normalized_results/pcam/n_12500",
    "--data_dir",
    "./pcam_data",
    "--subset_dir",
    "/home/johmathe/bispectrum/paper/experiments/normalized_results/subsets",
    "--patience",
    "10",
    "--epochs",
    "50",
    "--train_size",
    "12500"
  ]
}