{
  "dataset": "pcam",
  "model": "bispectrum",
  "group": "c8",
  "seed": 42,
  "train_mode": "C",
  "geometry_group": "c8",
  "growth_rate": 4,
  "n_params": 128345,
  "invariant_dim": 544,
  "train_size": 2500,
  "train_examples": 2500,
  "best_val_auc": 0.8913743256003531,
  "test": {
    "loss": 0.4671396901831031,
    "accuracy": 0.77813720703125,
    "auc": 0.8648361652231668
  },
  "test_c": {
    "loss": 0.4671396901831031,
    "accuracy": 0.77813720703125,
    "auc": 0.8648361652231668
  },
  "test_r": {
    "loss": 0.0,
    "accuracy": 0.7788200378417969,
    "auc": 0.8579098066783716
  },
  "rotation_robustness": {
    "g00": {
      "accuracy": 0.77813720703125,
      "auc": 0.8648361652231668
    },
    "g01": {
      "accuracy": 0.779022216796875,
      "auc": 0.8507915164857518
    },
    "g02": {
      "accuracy": 0.778778076171875,
      "auc": 0.8650924242642849
    },
    "g03": {
      "accuracy": 0.779022216796875,
      "auc": 0.8507912259130554
    },
    "g04": {
      "accuracy": 0.778778076171875,
      "auc": 0.865092409363121
    },
    "g05": {
      "accuracy": 0.779022216796875,
      "auc": 0.85079044360195
    },
    "g06": {
      "accuracy": 0.778778076171875,
      "auc": 0.8650939553588771
    },
    "g07": {
      "accuracy": 0.779022216796875,
      "auc": 0.8507903132167658
    },
    "mean_auc": 0.8579098066783716,
    "std_auc": 0.007119365990114098,
    "mean_accuracy": 0.7788200378417969,
    "std_accuracy": 0.00028174580311113984
  }
}