{
  "dataset": "pcam",
  "model": "bispectrum",
  "group": "c8",
  "seed": 456,
  "train_mode": "C",
  "geometry_group": "c8",
  "growth_rate": 4,
  "n_params": 128345,
  "invariant_dim": 544,
  "train_size": 2500,
  "train_examples": 2500,
  "best_val_auc": 0.9319979015720183,
  "test": {
    "loss": 0.39302323607262224,
    "accuracy": 0.82537841796875,
    "auc": 0.9176301209772971
  },
  "test_c": {
    "loss": 0.39302323607262224,
    "accuracy": 0.82537841796875,
    "auc": 0.9176301209772971
  },
  "test_r": {
    "loss": 0.0,
    "accuracy": 0.8250541687011719,
    "auc": 0.9092376490222096
  },
  "rotation_robustness": {
    "g00": {
      "accuracy": 0.82537841796875,
      "auc": 0.9176301209772971
    },
    "g01": {
      "accuracy": 0.824493408203125,
      "auc": 0.9008670678082344
    },
    "g02": {
      "accuracy": 0.825714111328125,
      "auc": 0.9175998008340234
    },
    "g03": {
      "accuracy": 0.824462890625,
      "auc": 0.9008656223953347
    },
    "g04": {
      "accuracy": 0.825714111328125,
      "auc": 0.9176008550913702
    },
    "g05": {
      "accuracy": 0.824462890625,
      "auc": 0.9008696606107555
    },
    "g06": {
      "accuracy": 0.825714111328125,
      "auc": 0.9176001659125392
    },
    "g07": {
      "accuracy": 0.824493408203125,
      "auc": 0.9008678985481225
    },
    "mean_auc": 0.9092376490222096,
    "std_auc": 0.008370091738525116,
    "mean_accuracy": 0.8250541687011719,
    "std_accuracy": 0.0005852173313390623
  },
  "wall_time_s": 1434.2785382270813,
  "epochs_run": 50,
  "peak_train_alloc_bytes": 15480563712,
  "peak_train_reserved_bytes": 18165530624,
  "gpu_name": "NVIDIA A100-SXM4-80GB",
  "cuda_total_memory_bytes": 85095874560,
  "git_sha": "5fb3903a1c11765c007a1686e1c9acd77b6024db",
  "argv": [
    "--model",
    "bispectrum",
    "--group",
    "c8",
    "--geometry_group",
    "c8",
    "--growth_rate",
    "4",
    "--train_mode",
    "C",
    "--seed",
    "456",
    "--batch_size",
    "128",
    "--output_dir",
    "/home/johmathe/bispectrum/paper/experiments/normalized_results/pcam/n_2500",
    "--data_dir",
    "./pcam_data",
    "--subset_dir",
    "/home/johmathe/bispectrum/paper/experiments/normalized_results/subsets",
    "--patience",
    "10",
    "--epochs",
    "50",
    "--train_size",
    "2500"
  ]
}