{
  "dataset": "organ3d",
  "model": "standard",
  "train_mode": "R",
  "seed": 101112,
  "channels": [
    4,
    8
  ],
  "head_dim": 64,
  "n_params": 16071,
  "invariant_dim": 8,
  "raw_invariant_dim": 8,
  "projected_dim": 8,
  "train_size": 500,
  "train_examples": 500,
  "best_val_auc": 0.9698441648732299,
  "test": {
    "loss": 1.3391256363665471,
    "accuracy": 0.5377049446105957,
    "auc": 0.9314550738236563
  },
  "test_c": {
    "loss": 1.3391256363665471,
    "accuracy": 0.5377049446105957,
    "auc": 0.9314550738236563
  },
  "test_r": {
    "loss": 0.0,
    "accuracy": 0.5293032775322596,
    "auc": 0.930869844874596
  },
  "rotation_robustness": {
    "g00": {
      "accuracy": 0.5262295007705688,
      "auc": 0.9272878829597125
    },
    "g01": {
      "accuracy": 0.5147541165351868,
      "auc": 0.928211595037807
    },
    "g02": {
      "accuracy": 0.5295081734657288,
      "auc": 0.9292310738564363
    },
    "g03": {
      "accuracy": 0.5311475396156311,
      "auc": 0.929365242654469
    },
    "g04": {
      "accuracy": 0.5459016561508179,
      "auc": 0.9339208062857693
    },
    "g05": {
      "accuracy": 0.5426229238510132,
      "auc": 0.9306388849152897
    },
    "g06": {
      "accuracy": 0.5114753842353821,
      "auc": 0.928789966943027
    },
    "g07": {
      "accuracy": 0.5459016561508179,
      "auc": 0.931493768505797
    },
    "g08": {
      "accuracy": 0.5442622900009155,
      "auc": 0.9340637036590942
    },
    "g09": {
      "accuracy": 0.5163934230804443,
      "auc": 0.929014471988637
    },
    "g10": {
      "accuracy": 0.5229508280754089,
      "auc": 0.932045239885989
    },
    "g11": {
      "accuracy": 0.5295081734657288,
      "auc": 0.9318200459240096
    },
    "g12": {
      "accuracy": 0.5409836173057556,
      "auc": 0.9349259600894633
    },
    "g13": {
      "accuracy": 0.5426229238510132,
      "auc": 0.9304550664647363
    },
    "g14": {
      "accuracy": 0.5131147503852844,
      "auc": 0.9271078023429787
    },
    "g15": {
      "accuracy": 0.5459016561508179,
      "auc": 0.9323210457193972
    },
    "g16": {
      "accuracy": 0.5098360776901245,
      "auc": 0.9307356816695268
    },
    "g17": {
      "accuracy": 0.5098360776901245,
      "auc": 0.9306710178683801
    },
    "g18": {
      "accuracy": 0.5131147503852844,
      "auc": 0.929426113310286
    },
    "g19": {
      "accuracy": 0.5213114619255066,
      "auc": 0.9343003073811402
    },
    "g20": {
      "accuracy": 0.5278688669204712,
      "auc": 0.9308690041040841
    },
    "g21": {
      "accuracy": 0.5475409626960754,
      "auc": 0.9287898653846814
    },
    "g22": {
      "accuracy": 0.5327869057655334,
      "auc": 0.9339366562159362
    },
    "g23": {
      "accuracy": 0.5377049446105957,
      "auc": 0.9314550738236563
    },
    "mean_auc": 0.930869844874596,
    "std_auc": 0.0021958081854793854,
    "mean_accuracy": 0.5293032775322596,
    "std_accuracy": 0.012997362080949712
  },
  "wall_time_s": 33.466145277023315,
  "epochs_run": 71,
  "peak_train_alloc_bytes": 198965248,
  "peak_train_reserved_bytes": 295698432,
  "gpu_name": "NVIDIA A100-SXM4-80GB",
  "cuda_total_memory_bytes": 85095874560,
  "git_sha": "5fb3903a1c11765c007a1686e1c9acd77b6024db",
  "argv": [
    "--model",
    "standard",
    "--channels",
    "4",
    "8",
    "--head_dim",
    "64",
    "--train_mode",
    "R",
    "--seed",
    "101112",
    "--batch_size",
    "64",
    "--output_dir",
    "/home/johmathe/bispectrum/paper/experiments/normalized_results/organ3d/n_500",
    "--data_dir",
    "./organ3d_data",
    "--subset_dir",
    "/home/johmathe/bispectrum/paper/experiments/normalized_results/subsets",
    "--patience",
    "15",
    "--epochs",
    "100",
    "--train_size",
    "500"
  ]
}