{
  "dataset": "spherical_mnist",
  "model": "power_spectrum",
  "base_model": "power_spectrum",
  "train_mode": "C",
  "test_rotation_seed": 777,
  "seed": 123,
  "lmax": 15,
  "n_params": 11466,
  "invariant_dim": 16,
  "train_size": 12500,
  "train_examples": 12500,
  "best_val_accuracy": 0.7508,
  "test_c": {
    "loss": 0.7695265037536622,
    "accuracy": 0.7397
  },
  "test": {
    "loss": 0.7695265037536622,
    "accuracy": 0.7397
  },
  "test_nr": {
    "loss": 0.7695265037536622,
    "accuracy": 0.7397
  },
  "test_r": {
    "loss": 0.7728374795913696,
    "accuracy": 0.7387
  },
  "rotation_robustness": {
    "rot_00": 0.7389,
    "rot_01": 0.7391,
    "rot_02": 0.7385,
    "rot_03": 0.7388,
    "rot_04": 0.739,
    "rot_05": 0.739,
    "rot_06": 0.7398,
    "rot_07": 0.7397,
    "rot_08": 0.7392,
    "rot_09": 0.7392,
    "mean_accuracy": 0.73912,
    "std_accuracy": 0.00037094473981982504
  }
}