{
  "model": "bispectrum",
  "group": "c8",
  "seed": 42,
  "growth_rate": 8,
  "n_params": 433353,
  "train_fraction": 0.1,
  "best_val_auc": 0.961594266290627,
  "test": {
    "loss": 0.37202620258176466,
    "accuracy": 0.856201171875,
    "auc": 0.9377570038664832
  },
  "rotation_robustness": {
    "mean_auc": 0.0,
    "std_auc": 0.0
  }
}