{
  "dataset": "pcam",
  "model": "fourier_elu",
  "group": "c8",
  "seed": 42,
  "train_mode": "C",
  "geometry_group": "c8",
  "growth_rate": 4,
  "n_params": 109815,
  "invariant_dim": 34,
  "train_size": 100,
  "train_examples": 100,
  "best_val_auc": 0.8402856665263883,
  "test": {
    "loss": 0.5498325471999124,
    "accuracy": 0.732696533203125,
    "auc": 0.8033664500897976
  },
  "test_c": {
    "loss": 0.5498325471999124,
    "accuracy": 0.732696533203125,
    "auc": 0.8033664500897976
  },
  "test_r": {
    "loss": 0.0,
    "accuracy": 0.7153739929199219,
    "auc": 0.7994591050725287
  },
  "rotation_robustness": {
    "g00": {
      "accuracy": 0.732696533203125,
      "auc": 0.8033664500897976
    },
    "g01": {
      "accuracy": 0.6971435546875,
      "auc": 0.7952218277971058
    },
    "g02": {
      "accuracy": 0.733917236328125,
      "auc": 0.803805427202828
    },
    "g03": {
      "accuracy": 0.6971435546875,
      "auc": 0.7952249831185645
    },
    "g04": {
      "accuracy": 0.73388671875,
      "auc": 0.803803516128556
    },
    "g05": {
      "accuracy": 0.6971435546875,
      "auc": 0.7952237612231235
    },
    "g06": {
      "accuracy": 0.733917236328125,
      "auc": 0.8038048311562714
    },
    "g07": {
      "accuracy": 0.6971435546875,
      "auc": 0.7952220438639825
    },
    "mean_auc": 0.7994591050725287,
    "std_auc": 0.0042380749816467,
    "mean_accuracy": 0.7153739929199219,
    "std_accuracy": 0.01823420783959085
  }
}