{
  "dataset": "organ3d",
  "model": "max_pool",
  "train_mode": "C",
  "seed": 789,
  "channels": [
    4,
    8
  ],
  "head_dim": 64,
  "n_params": 374423,
  "invariant_dim": 8,
  "raw_invariant_dim": 8,
  "projected_dim": 8,
  "train_size": 100,
  "train_examples": 100,
  "best_val_auc": 0.8376535019369267,
  "test": {
    "loss": 2.2058010413998463,
    "accuracy": 0.24590164422988892,
    "auc": 0.7816224598898933
  },
  "test_c": {
    "loss": 2.2058010413998463,
    "accuracy": 0.24590164422988892,
    "auc": 0.7816224598898933
  },
  "test_r": {
    "loss": 0.0,
    "accuracy": 0.24590164422988892,
    "auc": 0.7816302934779941
  },
  "rotation_robustness": {
    "g00": {
      "accuracy": 0.24590164422988892,
      "auc": 0.7816340473836351
    },
    "g01": {
      "accuracy": 0.24590164422988892,
      "auc": 0.7816403898451079
    },
    "g02": {
      "accuracy": 0.24590164422988892,
      "auc": 0.78164077005726
    },
    "g03": {
      "accuracy": 0.24590164422988892,
      "auc": 0.7816187520538144
    },
    "g04": {
      "accuracy": 0.24590164422988892,
      "auc": 0.781625007331651
    },
    "g05": {
      "accuracy": 0.24590164422988892,
      "auc": 0.7816323133744789
    },
    "g06": {
      "accuracy": 0.24590164422988892,
      "auc": 0.7816316804203212
    },
    "g07": {
      "accuracy": 0.24590164422988892,
      "auc": 0.7816268285244433
    },
    "g08": {
      "accuracy": 0.24590164422988892,
      "auc": 0.7816389989184053
    },
    "g09": {
      "accuracy": 0.24590164422988892,
      "auc": 0.7816267660152497
    },
    "g10": {
      "accuracy": 0.24590164422988892,
      "auc": 0.7816551018057255
    },
    "g11": {
      "accuracy": 0.24590164422988892,
      "auc": 0.7816267972698465
    },
    "g12": {
      "accuracy": 0.24590164422988892,
      "auc": 0.7816291329785635
    },
    "g13": {
      "accuracy": 0.24590164422988892,
      "auc": 0.7816389864631492
    },
    "g14": {
      "accuracy": 0.24590164422988892,
      "auc": 0.7816414655206113
    },
    "g15": {
      "accuracy": 0.24590164422988892,
      "auc": 0.7816249948763949
    },
    "g16": {
      "accuracy": 0.24590164422988892,
      "auc": 0.7816266663763575
    },
    "g17": {
      "accuracy": 0.24590164422988892,
      "auc": 0.7816138376487429
    },
    "g18": {
      "accuracy": 0.24590164422988892,
      "auc": 0.781637277833488
    },
    "g19": {
      "accuracy": 0.24590164422988892,
      "auc": 0.781621895320031
    },
    "g20": {
      "accuracy": 0.24590164422988892,
      "auc": 0.7816138813585956
    },
    "g21": {
      "accuracy": 0.24590164422988892,
      "auc": 0.7816316491657244
    },
    "g22": {
      "accuracy": 0.24590164422988892,
      "auc": 0.781627343040368
    },
    "g23": {
      "accuracy": 0.24590164422988892,
      "auc": 0.7816224598898933
    },
    "mean_auc": 0.7816302934779941,
    "std_auc": 9.34340097946013e-06,
    "mean_accuracy": 0.24590164422988892,
    "std_accuracy": 0.0
  },
  "wall_time_s": 19.201001167297363,
  "epochs_run": 47,
  "peak_train_alloc_bytes": 2697406976,
  "peak_train_reserved_bytes": 3625975808,
  "gpu_name": "NVIDIA A100-SXM4-80GB",
  "cuda_total_memory_bytes": 85095874560,
  "git_sha": "5fb3903a1c11765c007a1686e1c9acd77b6024db",
  "argv": [
    "--model",
    "max_pool",
    "--channels",
    "4",
    "8",
    "--head_dim",
    "64",
    "--train_mode",
    "C",
    "--seed",
    "789",
    "--batch_size",
    "32",
    "--output_dir",
    "/home/johmathe/bispectrum/paper/experiments/normalized_results/organ3d/n_100",
    "--data_dir",
    "./organ3d_data",
    "--subset_dir",
    "/home/johmathe/bispectrum/paper/experiments/normalized_results/subsets",
    "--patience",
    "15",
    "--epochs",
    "100",
    "--train_size",
    "100"
  ]
}