{
  "dataset": "spherical_mnist",
  "model": "bispectrum",
  "base_model": "bispectrum",
  "train_mode": "C",
  "test_rotation_seed": 777,
  "seed": 123,
  "lmax": 15,
  "n_params": 231818,
  "invariant_dim": 768,
  "train_size": 500,
  "train_examples": 500,
  "best_val_accuracy": 0.109,
  "test_c": {
    "loss": 2.3067853515625,
    "accuracy": 0.1031
  },
  "test": {
    "loss": 2.3067853515625,
    "accuracy": 0.1031
  },
  "test_nr": {
    "loss": 2.3067853515625,
    "accuracy": 0.1031
  },
  "test_r": {
    "loss": 2.3068228515625,
    "accuracy": 0.1031
  },
  "rotation_robustness": {
    "rot_00": 0.1031,
    "rot_01": 0.1031,
    "rot_02": 0.1031,
    "rot_03": 0.1031,
    "rot_04": 0.1031,
    "rot_05": 0.1031,
    "rot_06": 0.1031,
    "rot_07": 0.1031,
    "rot_08": 0.1031,
    "rot_09": 0.1031,
    "mean_accuracy": 0.1031,
    "std_accuracy": 0.0
  }
}