{
  "dataset": "organ3d",
  "model": "bispectrum",
  "train_mode": "R",
  "seed": 789,
  "channels": [
    4,
    8
  ],
  "head_dim": 64,
  "n_params": 463167,
  "invariant_dim": 64,
  "raw_invariant_dim": 1376,
  "projected_dim": 64,
  "train_size": 500,
  "train_examples": 500,
  "best_val_auc": 0.9866609759450032,
  "test": {
    "loss": 0.8440623689870366,
    "accuracy": 0.6245901584625244,
    "auc": 0.9588282766571866
  },
  "test_c": {
    "loss": 0.8440623689870366,
    "accuracy": 0.6245901584625244,
    "auc": 0.9588282766571866
  },
  "test_r": {
    "loss": 0.0,
    "accuracy": 0.6247267723083496,
    "auc": 0.9588103391776127
  },
  "rotation_robustness": {
    "g00": {
      "accuracy": 0.6245901584625244,
      "auc": 0.958807964805525
    },
    "g01": {
      "accuracy": 0.6245901584625244,
      "auc": 0.9588102504603047
    },
    "g02": {
      "accuracy": 0.6245901584625244,
      "auc": 0.9588004653600145
    },
    "g03": {
      "accuracy": 0.6245901584625244,
      "auc": 0.9588086414695357
    },
    "g04": {
      "accuracy": 0.6245901584625244,
      "auc": 0.958818526208718
    },
    "g05": {
      "accuracy": 0.6245901584625244,
      "auc": 0.9588102817149015
    },
    "g06": {
      "accuracy": 0.6245901584625244,
      "auc": 0.9588102817149015
    },
    "g07": {
      "accuracy": 0.6245901584625244,
      "auc": 0.9588127170625107
    },
    "g08": {
      "accuracy": 0.6245901584625244,
      "auc": 0.9588080644444172
    },
    "g09": {
      "accuracy": 0.6245901584625244,
      "auc": 0.9588205466792948
    },
    "g10": {
      "accuracy": 0.6245901584625244,
      "auc": 0.9588053797650861
    },
    "g11": {
      "accuracy": 0.6245901584625244,
      "auc": 0.9588078151126953
    },
    "g12": {
      "accuracy": 0.6245901584625244,
      "auc": 0.9588002472828893
    },
    "g13": {
      "accuracy": 0.6245901584625244,
      "auc": 0.9588178807993043
    },
    "g14": {
      "accuracy": 0.6245901584625244,
      "auc": 0.9588026826304986
    },
    "g15": {
      "accuracy": 0.6262295246124268,
      "auc": 0.9588102817149015
    },
    "g16": {
      "accuracy": 0.6245901584625244,
      "auc": 0.9588079147515874
    },
    "g17": {
      "accuracy": 0.6245901584625244,
      "auc": 0.9587978991189161
    },
    "g18": {
      "accuracy": 0.6262295246124268,
      "auc": 0.9588127170625107
    },
    "g19": {
      "accuracy": 0.6245901584625244,
      "auc": 0.9588052801261937
    },
    "g20": {
      "accuracy": 0.6245901584625244,
      "auc": 0.9588078463672921
    },
    "g21": {
      "accuracy": 0.6245901584625244,
      "auc": 0.9588154141970981
    },
    "g22": {
      "accuracy": 0.6245901584625244,
      "auc": 0.9588207647564201
    },
    "g23": {
      "accuracy": 0.6245901584625244,
      "auc": 0.9588282766571866
    },
    "mean_auc": 0.9588103391776127,
    "std_auc": 7.043578761309126e-06,
    "mean_accuracy": 0.6247267723083496,
    "std_accuracy": 0.00045309686776963333
  },
  "wall_time_s": 77.35083746910095,
  "epochs_run": 39,
  "peak_train_alloc_bytes": 1690033152,
  "peak_train_reserved_bytes": 2239758336,
  "gpu_name": "NVIDIA A100-SXM4-80GB",
  "cuda_total_memory_bytes": 85095874560,
  "git_sha": "5fb3903a1c11765c007a1686e1c9acd77b6024db",
  "argv": [
    "--model",
    "bispectrum",
    "--channels",
    "4",
    "8",
    "--head_dim",
    "64",
    "--train_mode",
    "R",
    "--seed",
    "789",
    "--batch_size",
    "16",
    "--output_dir",
    "/home/johmathe/bispectrum/paper/experiments/normalized_results/organ3d/n_500",
    "--data_dir",
    "./organ3d_data",
    "--subset_dir",
    "/home/johmathe/bispectrum/paper/experiments/normalized_results/subsets",
    "--patience",
    "15",
    "--epochs",
    "100",
    "--train_size",
    "500"
  ]
}