{
  "dataset": "organ3d",
  "model": "standard",
  "train_mode": "C",
  "seed": 42,
  "channels": [
    4,
    8
  ],
  "head_dim": 64,
  "n_params": 16071,
  "invariant_dim": 8,
  "raw_invariant_dim": 8,
  "projected_dim": 8,
  "train_size": 500,
  "train_examples": 500,
  "best_val_auc": 0.9936653275429268,
  "test": {
    "loss": 1.074515320824795,
    "accuracy": 0.757377028465271,
    "auc": 0.9667939917463122
  },
  "test_c": {
    "loss": 1.074515320824795,
    "accuracy": 0.757377028465271,
    "auc": 0.9667939917463122
  },
  "test_r": {
    "loss": 0.0,
    "accuracy": 0.37527322334547836,
    "auc": 0.790980598606252
  },
  "rotation_robustness": {
    "g00": {
      "accuracy": 0.37377050518989563,
      "auc": 0.8071145807321471
    },
    "g01": {
      "accuracy": 0.38032788038253784,
      "auc": 0.8134163026758788
    },
    "g02": {
      "accuracy": 0.31147539615631104,
      "auc": 0.744961367084074
    },
    "g03": {
      "accuracy": 0.4196721315383911,
      "auc": 0.8397748957108685
    },
    "g04": {
      "accuracy": 0.38032788038253784,
      "auc": 0.7978036596139506
    },
    "g05": {
      "accuracy": 0.2885245978832245,
      "auc": 0.6736528640454128
    },
    "g06": {
      "accuracy": 0.3049180209636688,
      "auc": 0.7489871149254091
    },
    "g07": {
      "accuracy": 0.44426229596138,
      "auc": 0.8299286160812801
    },
    "g08": {
      "accuracy": 0.2885245978832245,
      "auc": 0.7847432509770265
    },
    "g09": {
      "accuracy": 0.40163934230804443,
      "auc": 0.8309093328703728
    },
    "g10": {
      "accuracy": 0.2606557309627533,
      "auc": 0.6779852582780396
    },
    "g11": {
      "accuracy": 0.30655738711357117,
      "auc": 0.7658382859880408
    },
    "g12": {
      "accuracy": 0.2786885201931,
      "auc": 0.7350624869598331
    },
    "g13": {
      "accuracy": 0.32786884903907776,
      "auc": 0.7252875114568055
    },
    "g14": {
      "accuracy": 0.24426229298114777,
      "auc": 0.7170157792847401
    },
    "g15": {
      "accuracy": 0.32131147384643555,
      "auc": 0.7241212643230759
    },
    "g16": {
      "accuracy": 0.44426229596138,
      "auc": 0.8536793715808948
    },
    "g17": {
      "accuracy": 0.3819672167301178,
      "auc": 0.8029533232653437
    },
    "g18": {
      "accuracy": 0.3360655605792999,
      "auc": 0.7572072210076921
    },
    "g19": {
      "accuracy": 0.35901638865470886,
      "auc": 0.7909501546366292
    },
    "g20": {
      "accuracy": 0.4377049207687378,
      "auc": 0.8482048740030392
    },
    "g21": {
      "accuracy": 0.46721312403678894,
      "auc": 0.8611427162076986
    },
    "g22": {
      "accuracy": 0.4901639223098755,
      "auc": 0.8860001430954833
    },
    "g23": {
      "accuracy": 0.757377028465271,
      "auc": 0.9667939917463122
    },
    "mean_auc": 0.790980598606252,
    "std_auc": 0.06712031247974778,
    "mean_accuracy": 0.37527322334547836,
    "std_accuracy": 0.10392709374243767
  }
}