{
  "dataset": "pcam",
  "model": "norm",
  "group": "c8",
  "seed": 456,
  "train_mode": "R",
  "geometry_group": "c8",
  "growth_rate": 4,
  "n_params": 110093,
  "invariant_dim": 34,
  "train_size": 2500,
  "train_examples": 2500,
  "best_val_auc": 0.8799809254546025,
  "test": {
    "loss": 0.4339090179419145,
    "accuracy": 0.80816650390625,
    "auc": 0.8815811172033651
  },
  "test_c": {
    "loss": 0.4339090179419145,
    "accuracy": 0.80816650390625,
    "auc": 0.8815811172033651
  },
  "test_r": {
    "loss": 0.0,
    "accuracy": 0.8054275512695312,
    "auc": 0.8782687337516545
  },
  "rotation_robustness": {
    "g00": {
      "accuracy": 0.80816650390625,
      "auc": 0.8815811172033651
    },
    "g01": {
      "accuracy": 0.802642822265625,
      "auc": 0.8750364775835998
    },
    "g02": {
      "accuracy": 0.8082275390625,
      "auc": 0.8814748495529131
    },
    "g03": {
      "accuracy": 0.802642822265625,
      "auc": 0.8750366712987308
    },
    "g04": {
      "accuracy": 0.8082275390625,
      "auc": 0.8814740188130249
    },
    "g05": {
      "accuracy": 0.802642822265625,
      "auc": 0.875035937416408
    },
    "g06": {
      "accuracy": 0.8082275390625,
      "auc": 0.8814750693450808
    },
    "g07": {
      "accuracy": 0.802642822265625,
      "auc": 0.8750357288001132
    },
    "mean_auc": 0.8782687337516545,
    "std_auc": 0.0032326943816645463,
    "mean_accuracy": 0.8054275512695312,
    "std_accuracy": 0.002784791710552546
  },
  "wall_time_s": 1269.4463341236115,
  "epochs_run": 32,
  "peak_train_alloc_bytes": 22325141504,
  "peak_train_reserved_bytes": 26835156992,
  "gpu_name": "NVIDIA A100-SXM4-80GB",
  "cuda_total_memory_bytes": 85095874560,
  "git_sha": "5fb3903a1c11765c007a1686e1c9acd77b6024db",
  "argv": [
    "--model",
    "norm",
    "--group",
    "c8",
    "--geometry_group",
    "c8",
    "--growth_rate",
    "4",
    "--train_mode",
    "R",
    "--seed",
    "456",
    "--batch_size",
    "128",
    "--output_dir",
    "/home/johmathe/bispectrum/paper/experiments/normalized_results/pcam/n_2500",
    "--data_dir",
    "./pcam_data",
    "--subset_dir",
    "/home/johmathe/bispectrum/paper/experiments/normalized_results/subsets",
    "--patience",
    "10",
    "--epochs",
    "50",
    "--train_size",
    "2500"
  ]
}