{
  "dataset": "spherical_mnist",
  "model": "power_spectrum",
  "base_model": "power_spectrum",
  "train_mode": "C",
  "test_rotation_seed": 777,
  "seed": 42,
  "lmax": 15,
  "n_params": 11466,
  "invariant_dim": 16,
  "train_size": 2500,
  "train_examples": 2500,
  "best_val_accuracy": 0.7,
  "test_c": {
    "loss": 0.9301731391906738,
    "accuracy": 0.688
  },
  "test": {
    "loss": 0.9301731391906738,
    "accuracy": 0.688
  },
  "test_nr": {
    "loss": 0.9301731391906738,
    "accuracy": 0.688
  },
  "test_r": {
    "loss": 0.9384258567810059,
    "accuracy": 0.6852
  },
  "rotation_robustness": {
    "rot_00": 0.6853,
    "rot_01": 0.6857,
    "rot_02": 0.6855,
    "rot_03": 0.6857,
    "rot_04": 0.6853,
    "rot_05": 0.686,
    "rot_06": 0.6856,
    "rot_07": 0.6852,
    "rot_08": 0.6863,
    "rot_09": 0.6853,
    "mean_accuracy": 0.68559,
    "std_accuracy": 0.0003330165161069349
  }
}