{
  "dataset": "organ3d",
  "model": "bispectrum",
  "train_mode": "R",
  "seed": 456,
  "channels": [
    4,
    8
  ],
  "head_dim": 64,
  "n_params": 463167,
  "invariant_dim": 64,
  "raw_invariant_dim": 1376,
  "projected_dim": 64,
  "train_size": 500,
  "train_examples": 500,
  "best_val_auc": 0.9863966432825909,
  "test": {
    "loss": 0.7923897164766905,
    "accuracy": 0.6524590253829956,
    "auc": 0.9624304429428553
  },
  "test_c": {
    "loss": 0.7923897164766905,
    "accuracy": 0.6524590253829956,
    "auc": 0.9624304429428553
  },
  "test_r": {
    "loss": 0.0,
    "accuracy": 0.6524590253829956,
    "auc": 0.9624314428666514
  },
  "rotation_robustness": {
    "g00": {
      "accuracy": 0.6524590253829956,
      "auc": 0.962430408795121
    },
    "g01": {
      "accuracy": 0.6524590253829956,
      "auc": 0.962425307567521
    },
    "g02": {
      "accuracy": 0.6524590253829956,
      "auc": 0.9624257219404665
    },
    "g03": {
      "accuracy": 0.6524590253829956,
      "auc": 0.9624432057640516
    },
    "g04": {
      "accuracy": 0.6524590253829956,
      "auc": 0.9624182879861137
    },
    "g05": {
      "accuracy": 0.6524590253829956,
      "auc": 0.9624330716931474
    },
    "g06": {
      "accuracy": 0.6524590253829956,
      "auc": 0.9624355070407566
    },
    "g07": {
      "accuracy": 0.6524590253829956,
      "auc": 0.9624330062908161
    },
    "g08": {
      "accuracy": 0.6524590253829956,
      "auc": 0.9624179731632339
    },
    "g09": {
      "accuracy": 0.6524590253829956,
      "auc": 0.9624257219404665
    },
    "g10": {
      "accuracy": 0.6524590253829956,
      "auc": 0.962430505452049
    },
    "g11": {
      "accuracy": 0.6524590253829956,
      "auc": 0.9624327911068286
    },
    "g12": {
      "accuracy": 0.6524590253829956,
      "auc": 0.9624404898301235
    },
    "g13": {
      "accuracy": 0.6524590253829956,
      "auc": 0.9624404214458281
    },
    "g14": {
      "accuracy": 0.6524590253829956,
      "auc": 0.962423024805879
    },
    "g15": {
      "accuracy": 0.6524590253829956,
      "auc": 0.9624356379342456
    },
    "g16": {
      "accuracy": 0.6524590253829956,
      "auc": 0.9624380887190752
    },
    "g17": {
      "accuracy": 0.6524590253829956,
      "auc": 0.962426301947549
    },
    "g18": {
      "accuracy": 0.6524590253829956,
      "auc": 0.9624358714485911
    },
    "g19": {
      "accuracy": 0.6524590253829956,
      "auc": 0.9624510696173968
    },
    "g20": {
      "accuracy": 0.6524590253829956,
      "auc": 0.9624255940289417
    },
    "g21": {
      "accuracy": 0.6524590253829956,
      "auc": 0.9624328223614252
    },
    "g22": {
      "accuracy": 0.6524590253829956,
      "auc": 0.9624233549771527
    },
    "g23": {
      "accuracy": 0.6524590253829956,
      "auc": 0.9624304429428553
    },
    "mean_auc": 0.9624314428666514,
    "std_auc": 7.773348403549207e-06,
    "mean_accuracy": 0.6524590253829956,
    "std_accuracy": 0.0
  },
  "wall_time_s": 135.09546756744385,
  "epochs_run": 68,
  "peak_train_alloc_bytes": 1690033152,
  "peak_train_reserved_bytes": 2239758336,
  "gpu_name": "NVIDIA A100-SXM4-80GB",
  "cuda_total_memory_bytes": 85095874560,
  "git_sha": "5fb3903a1c11765c007a1686e1c9acd77b6024db",
  "argv": [
    "--model",
    "bispectrum",
    "--channels",
    "4",
    "8",
    "--head_dim",
    "64",
    "--train_mode",
    "R",
    "--seed",
    "456",
    "--batch_size",
    "16",
    "--output_dir",
    "/home/johmathe/bispectrum/paper/experiments/normalized_results/organ3d/n_500",
    "--data_dir",
    "./organ3d_data",
    "--subset_dir",
    "/home/johmathe/bispectrum/paper/experiments/normalized_results/subsets",
    "--patience",
    "15",
    "--epochs",
    "100",
    "--train_size",
    "500"
  ]
}