{
  "dataset": "pcam",
  "model": "gate",
  "group": "c8",
  "seed": 789,
  "train_mode": "C",
  "geometry_group": "c8",
  "growth_rate": 3,
  "n_params": 135682,
  "invariant_dim": 27,
  "train_size": 2500,
  "train_examples": 2500,
  "best_val_auc": 0.8889258168947279,
  "test": {
    "loss": 0.4453397266333923,
    "accuracy": 0.801422119140625,
    "auc": 0.8787273282469775
  },
  "test_c": {
    "loss": 0.4453397266333923,
    "accuracy": 0.801422119140625,
    "auc": 0.8787273282469775
  },
  "test_r": {
    "loss": 0.0,
    "accuracy": 0.7666397094726562,
    "auc": 0.8692037848419899
  },
  "rotation_robustness": {
    "g00": {
      "accuracy": 0.801422119140625,
      "auc": 0.8787273282469775
    },
    "g01": {
      "accuracy": 0.7318115234375,
      "auc": 0.859872475764719
    },
    "g02": {
      "accuracy": 0.801483154296875,
      "auc": 0.8784676419381591
    },
    "g03": {
      "accuracy": 0.7318115234375,
      "auc": 0.8598793712783203
    },
    "g04": {
      "accuracy": 0.801483154296875,
      "auc": 0.8784685769861946
    },
    "g05": {
      "accuracy": 0.7318115234375,
      "auc": 0.8598735710002667
    },
    "g06": {
      "accuracy": 0.801483154296875,
      "auc": 0.878468867558891
    },
    "g07": {
      "accuracy": 0.7318115234375,
      "auc": 0.8598724459623912
    },
    "mean_auc": 0.8692037848419899,
    "std_auc": 0.009329656019458598,
    "mean_accuracy": 0.7666397094726562,
    "std_accuracy": 0.034828191048996766
  },
  "wall_time_s": 1151.767991065979,
  "epochs_run": 33,
  "peak_train_alloc_bytes": 19904561152,
  "peak_train_reserved_bytes": 24033361920,
  "gpu_name": "NVIDIA A100-SXM4-80GB",
  "cuda_total_memory_bytes": 85095874560,
  "git_sha": "4f6f1351fe12ab869087e096175e97d4ada5c7e0",
  "argv": [
    "--model",
    "gate",
    "--group",
    "c8",
    "--geometry_group",
    "c8",
    "--growth_rate",
    "3",
    "--train_mode",
    "C",
    "--seed",
    "789",
    "--batch_size",
    "128",
    "--output_dir",
    "/home/johmathe/bispectrum/paper/experiments/normalized_results/pcam/n_2500",
    "--data_dir",
    "./pcam_data",
    "--subset_dir",
    "/home/johmathe/bispectrum/paper/experiments/normalized_results/subsets",
    "--patience",
    "10",
    "--epochs",
    "50",
    "--train_size",
    "2500"
  ]
}