{
  "dataset": "pcam",
  "model": "fourier_elu",
  "group": "c8",
  "seed": 123,
  "train_mode": "R",
  "geometry_group": "c8",
  "growth_rate": 4,
  "n_params": 109815,
  "invariant_dim": 34,
  "train_size": 500,
  "train_examples": 500,
  "best_val_auc": 0.8792398863620103,
  "test": {
    "loss": 0.46304980106651783,
    "accuracy": 0.7880859375,
    "auc": 0.8688421606021594
  },
  "test_c": {
    "loss": 0.46304980106651783,
    "accuracy": 0.7880859375,
    "auc": 0.8688421606021594
  },
  "test_r": {
    "loss": 0.0,
    "accuracy": 0.7865676879882812,
    "auc": 0.8658533866584895
  },
  "rotation_robustness": {
    "g00": {
      "accuracy": 0.7880859375,
      "auc": 0.8688421606021594
    },
    "g01": {
      "accuracy": 0.78472900390625,
      "auc": 0.8628157573862825
    },
    "g02": {
      "accuracy": 0.78851318359375,
      "auc": 0.8689096069953246
    },
    "g03": {
      "accuracy": 0.78472900390625,
      "auc": 0.8628138463120105
    },
    "g04": {
      "accuracy": 0.78851318359375,
      "auc": 0.8689088507612559
    },
    "g05": {
      "accuracy": 0.78472900390625,
      "auc": 0.8628126653947704
    },
    "g06": {
      "accuracy": 0.78851318359375,
      "auc": 0.8689092195650628
    },
    "g07": {
      "accuracy": 0.78472900390625,
      "auc": 0.8628149862510499
    },
    "mean_auc": 0.8658533866584895,
    "std_auc": 0.0030391423136848965,
    "mean_accuracy": 0.7865676879882812,
    "std_accuracy": 0.001843331821952754
  }
}