{
  "dataset": "spherical_mnist",
  "model": "standard",
  "base_model": "standard",
  "train_mode": "C",
  "test_rotation_seed": 777,
  "seed": 42,
  "lmax": 15,
  "n_params": 184778,
  "invariant_dim": null,
  "train_size": 100,
  "train_examples": 100,
  "best_val_accuracy": 0.8302,
  "test_c": {
    "loss": 0.6231205123901368,
    "accuracy": 0.8297
  },
  "test": {
    "loss": 0.6231205123901368,
    "accuracy": 0.8297
  },
  "test_nr": {
    "loss": 0.6231205123901368,
    "accuracy": 0.8297
  },
  "test_r": {
    "loss": 3.184895349121094,
    "accuracy": 0.1157
  },
  "rotation_robustness": {
    "rot_00": 0.1761,
    "rot_01": 0.1022,
    "rot_02": 0.0875,
    "rot_03": 0.0941,
    "rot_04": 0.1189,
    "rot_05": 0.1353,
    "rot_06": 0.1555,
    "rot_07": 0.1028,
    "rot_08": 0.1074,
    "rot_09": 0.1028,
    "mean_accuracy": 0.11826,
    "std_accuracy": 0.027215480888641307
  }
}