{
  "dataset": "pcam",
  "model": "bispectrum",
  "group": "c8",
  "seed": 42,
  "train_mode": "R",
  "geometry_group": "c8",
  "growth_rate": 4,
  "n_params": 128345,
  "invariant_dim": 544,
  "train_size": 2500,
  "train_examples": 2500,
  "best_val_auc": 0.9220000820235106,
  "test": {
    "loss": 0.4620624194503762,
    "accuracy": 0.78839111328125,
    "auc": 0.891851725804562
  },
  "test_c": {
    "loss": 0.4620624194503762,
    "accuracy": 0.78839111328125,
    "auc": 0.891851725804562
  },
  "test_r": {
    "loss": 0.0,
    "accuracy": 0.7839317321777344,
    "auc": 0.8880081070117549
  },
  "rotation_robustness": {
    "g00": {
      "accuracy": 0.78839111328125,
      "auc": 0.891851725804562
    },
    "g01": {
      "accuracy": 0.778289794921875,
      "auc": 0.8841253084024046
    },
    "g02": {
      "accuracy": 0.78997802734375,
      "auc": 0.8919052880382505
    },
    "g03": {
      "accuracy": 0.77825927734375,
      "auc": 0.8841251444896016
    },
    "g04": {
      "accuracy": 0.78997802734375,
      "auc": 0.8919031683476837
    },
    "g05": {
      "accuracy": 0.778289794921875,
      "auc": 0.8841247384328849
    },
    "g06": {
      "accuracy": 0.78997802734375,
      "auc": 0.8919052582359227
    },
    "g07": {
      "accuracy": 0.778289794921875,
      "auc": 0.8841242243427299
    },
    "mean_auc": 0.8880081070117549,
    "std_auc": 0.0038832868640448406,
    "mean_accuracy": 0.7839317321777344,
    "std_accuracy": 0.00567043040001042
  }
}