{
  "dataset": "pcam",
  "model": "standard",
  "group": "c8",
  "seed": 456,
  "train_mode": "C",
  "geometry_group": "c8",
  "growth_rate": 12,
  "n_params": 101959,
  "invariant_dim": 90,
  "train_size": 500,
  "train_examples": 500,
  "best_val_auc": 0.881080881667131,
  "test": {
    "loss": 0.5711186351254582,
    "accuracy": 0.70208740234375,
    "auc": 0.8685953675254174
  },
  "test_c": {
    "loss": 0.5711186351254582,
    "accuracy": 0.70208740234375,
    "auc": 0.8685953675254174
  },
  "test_r": {
    "loss": 0.0,
    "accuracy": 0.6939201354980469,
    "auc": 0.858872327803612
  },
  "rotation_robustness": {
    "g00": {
      "accuracy": 0.70208740234375,
      "auc": 0.8685953675254174
    },
    "g01": {
      "accuracy": 0.686492919921875,
      "auc": 0.8496927083840322
    },
    "g02": {
      "accuracy": 0.70330810546875,
      "auc": 0.8652808159543574
    },
    "g03": {
      "accuracy": 0.6868896484375,
      "auc": 0.8516108234559385
    },
    "g04": {
      "accuracy": 0.701690673828125,
      "auc": 0.8673395235077912
    },
    "g05": {
      "accuracy": 0.68499755859375,
      "auc": 0.8493459881020837
    },
    "g06": {
      "accuracy": 0.700164794921875,
      "auc": 0.8671154286289812
    },
    "g07": {
      "accuracy": 0.68572998046875,
      "auc": 0.8519979668702944
    },
    "mean_auc": 0.858872327803612,
    "std_auc": 0.008293455104404367,
    "mean_accuracy": 0.6939201354980469,
    "std_accuracy": 0.007949037384323808
  },
  "wall_time_s": 274.8901689052582,
  "epochs_run": 40,
  "peak_train_alloc_bytes": 12277595136,
  "peak_train_reserved_bytes": 21200109568,
  "gpu_name": "NVIDIA A100-SXM4-80GB",
  "cuda_total_memory_bytes": 85095874560,
  "git_sha": "5fb3903a1c11765c007a1686e1c9acd77b6024db",
  "argv": [
    "--model",
    "standard",
    "--group",
    "c8",
    "--geometry_group",
    "c8",
    "--growth_rate",
    "12",
    "--train_mode",
    "C",
    "--seed",
    "456",
    "--batch_size",
    "1024",
    "--output_dir",
    "/home/johmathe/bispectrum/paper/experiments/normalized_results/pcam/n_500",
    "--data_dir",
    "./pcam_data",
    "--subset_dir",
    "/home/johmathe/bispectrum/paper/experiments/normalized_results/subsets",
    "--patience",
    "10",
    "--epochs",
    "50",
    "--train_size",
    "500"
  ]
}