{
  "dataset": "organ3d",
  "model": "bispectrum",
  "train_mode": "C",
  "seed": 101112,
  "channels": [
    4,
    8
  ],
  "head_dim": 64,
  "n_params": 463167,
  "invariant_dim": 64,
  "raw_invariant_dim": 1376,
  "projected_dim": 64,
  "train_size": 500,
  "train_examples": 500,
  "best_val_auc": 0.9857681765282288,
  "test": {
    "loss": 0.6802091270196633,
    "accuracy": 0.7016393542289734,
    "auc": 0.96695293511431
  },
  "test_c": {
    "loss": 0.6802091270196633,
    "accuracy": 0.7016393542289734,
    "auc": 0.96695293511431
  },
  "test_r": {
    "loss": 0.0,
    "accuracy": 0.7016393542289734,
    "auc": 0.9669665776491643
  },
  "rotation_robustness": {
    "g00": {
      "accuracy": 0.7016393542289734,
      "auc": 0.9669682016674112
    },
    "g01": {
      "accuracy": 0.7016393542289734,
      "auc": 0.9669683325609
    },
    "g02": {
      "accuracy": 0.7016393542289734,
      "auc": 0.9669787284187824
    },
    "g03": {
      "accuracy": 0.7016393542289734,
      "auc": 0.9669658659586939
    },
    "g04": {
      "accuracy": 0.7016393542289734,
      "auc": 0.9669579516361508
    },
    "g05": {
      "accuracy": 0.7016393542289734,
      "auc": 0.9669787284187824
    },
    "g06": {
      "accuracy": 0.7016393542289734,
      "auc": 0.9669608956245831
    },
    "g07": {
      "accuracy": 0.7016393542289734,
      "auc": 0.9669756698583248
    },
    "g08": {
      "accuracy": 0.7016393542289734,
      "auc": 0.9669705835638581
    },
    "g09": {
      "accuracy": 0.7016393542289734,
      "auc": 0.9669683355428642
    },
    "g10": {
      "accuracy": 0.7016393542289734,
      "auc": 0.9669504685121038
    },
    "g11": {
      "accuracy": 0.7016393542289734,
      "auc": 0.966975684791458
    },
    "g12": {
      "accuracy": 0.7016393542289734,
      "auc": 0.9669708675474016
    },
    "g13": {
      "accuracy": 0.7016393542289734,
      "auc": 0.9669788280576747
    },
    "g14": {
      "accuracy": 0.7016393542289734,
      "auc": 0.9669634989953799
    },
    "g15": {
      "accuracy": 0.7016393542289734,
      "auc": 0.966973826468967
    },
    "g16": {
      "accuracy": 0.7016393542289734,
      "auc": 0.9669555697397038
    },
    "g17": {
      "accuracy": 0.7016393542289734,
      "auc": 0.9669786971641856
    },
    "g18": {
      "accuracy": 0.7016393542289734,
      "auc": 0.966956096295624
    },
    "g19": {
      "accuracy": 0.7016393542289734,
      "auc": 0.9669658659586939
    },
    "g20": {
      "accuracy": 0.7016393542289734,
      "auc": 0.9669609952634753
    },
    "g21": {
      "accuracy": 0.7016393542289734,
      "auc": 0.9669683013063033
    },
    "g22": {
      "accuracy": 0.7016393542289734,
      "auc": 0.96695293511431
    },
    "g23": {
      "accuracy": 0.7016393542289734,
      "auc": 0.96695293511431
    },
    "mean_auc": 0.9669665776491643,
    "std_auc": 8.821712022301456e-06,
    "mean_accuracy": 0.7016393542289734,
    "std_accuracy": 0.0
  },
  "wall_time_s": 148.92421913146973,
  "epochs_run": 84,
  "peak_train_alloc_bytes": 1688434688,
  "peak_train_reserved_bytes": 2237661184,
  "gpu_name": "NVIDIA A100-SXM4-80GB",
  "cuda_total_memory_bytes": 85095874560,
  "git_sha": "5fb3903a1c11765c007a1686e1c9acd77b6024db",
  "argv": [
    "--model",
    "bispectrum",
    "--channels",
    "4",
    "8",
    "--head_dim",
    "64",
    "--train_mode",
    "C",
    "--seed",
    "101112",
    "--batch_size",
    "16",
    "--output_dir",
    "/home/johmathe/bispectrum/paper/experiments/normalized_results/organ3d/n_500",
    "--data_dir",
    "./organ3d_data",
    "--subset_dir",
    "/home/johmathe/bispectrum/paper/experiments/normalized_results/subsets",
    "--patience",
    "15",
    "--epochs",
    "100",
    "--train_size",
    "500"
  ]
}