{
  "dataset": "organ3d",
  "model": "max_pool",
  "train_mode": "R",
  "seed": 789,
  "channels": [
    4,
    8
  ],
  "head_dim": 64,
  "n_params": 374423,
  "invariant_dim": 8,
  "raw_invariant_dim": 8,
  "projected_dim": 8,
  "train_size": 500,
  "train_examples": 500,
  "best_val_auc": 0.9807139999998107,
  "test": {
    "loss": 0.8708384529488986,
    "accuracy": 0.6426229476928711,
    "auc": 0.9566116868154814
  },
  "test_c": {
    "loss": 0.8708384529488986,
    "accuracy": 0.6426229476928711,
    "auc": 0.9566116868154814
  },
  "test_r": {
    "loss": 0.0,
    "accuracy": 0.6426229476928711,
    "auc": 0.9566132558778376
  },
  "rotation_robustness": {
    "g00": {
      "accuracy": 0.6426229476928711,
      "auc": 0.9566192546452874
    },
    "g01": {
      "accuracy": 0.6426229476928711,
      "auc": 0.9566116555608845
    },
    "g02": {
      "accuracy": 0.6426229476928711,
      "auc": 0.9566141221630907
    },
    "g03": {
      "accuracy": 0.6426229476928711,
      "auc": 0.9566167880430811
    },
    "g04": {
      "accuracy": 0.6426229476928711,
      "auc": 0.9566116868154814
    },
    "g05": {
      "accuracy": 0.6426229476928711,
      "auc": 0.956616688404189
    },
    "g06": {
      "accuracy": 0.6426229476928711,
      "auc": 0.9566092514678719
    },
    "g07": {
      "accuracy": 0.6426229476928711,
      "auc": 0.9566141221630907
    },
    "g08": {
      "accuracy": 0.6426229476928711,
      "auc": 0.9566142530565798
    },
    "g09": {
      "accuracy": 0.6426229476928711,
      "auc": 0.9566092202132753
    },
    "g10": {
      "accuracy": 0.6426229476928711,
      "auc": 0.9566065230786879
    },
    "g11": {
      "accuracy": 0.6426229476928711,
      "auc": 0.9566141221630907
    },
    "g12": {
      "accuracy": 0.6426229476928711,
      "auc": 0.9566116868154814
    },
    "g13": {
      "accuracy": 0.6426229476928711,
      "auc": 0.9566091889586784
    },
    "g14": {
      "accuracy": 0.6426229476928711,
      "auc": 0.9566192546452874
    },
    "g15": {
      "accuracy": 0.6426229476928711,
      "auc": 0.9566039568375895
    },
    "g16": {
      "accuracy": 0.6426229476928711,
      "auc": 0.9566116868154814
    },
    "g17": {
      "accuracy": 0.6426229476928711,
      "auc": 0.9566116868154814
    },
    "g18": {
      "accuracy": 0.6426229476928711,
      "auc": 0.956614221801983
    },
    "g19": {
      "accuracy": 0.6426229476928711,
      "auc": 0.9566168876819735
    },
    "g20": {
      "accuracy": 0.6426229476928711,
      "auc": 0.9566192546452874
    },
    "g21": {
      "accuracy": 0.6426229476928711,
      "auc": 0.9566142530565798
    },
    "g22": {
      "accuracy": 0.6426229476928711,
      "auc": 0.956616688404189
    },
    "g23": {
      "accuracy": 0.6426229476928711,
      "auc": 0.9566116868154814
    },
    "mean_auc": 0.9566132558778376,
    "std_auc": 3.86164171237305e-06,
    "mean_accuracy": 0.6426229476928711,
    "std_accuracy": 0.0
  },
  "wall_time_s": 128.81647038459778,
  "epochs_run": 80,
  "peak_train_alloc_bytes": 2699536896,
  "peak_train_reserved_bytes": 3642753024,
  "gpu_name": "NVIDIA A100-SXM4-80GB",
  "cuda_total_memory_bytes": 85095874560,
  "git_sha": "5fb3903a1c11765c007a1686e1c9acd77b6024db",
  "argv": [
    "--model",
    "max_pool",
    "--channels",
    "4",
    "8",
    "--head_dim",
    "64",
    "--train_mode",
    "R",
    "--seed",
    "789",
    "--batch_size",
    "32",
    "--output_dir",
    "/home/johmathe/bispectrum/paper/experiments/normalized_results/organ3d/n_500",
    "--data_dir",
    "./organ3d_data",
    "--subset_dir",
    "/home/johmathe/bispectrum/paper/experiments/normalized_results/subsets",
    "--patience",
    "15",
    "--epochs",
    "100",
    "--train_size",
    "500"
  ]
}