{
  "dataset": "organ3d",
  "model": "bispectrum",
  "train_mode": "R",
  "seed": 42,
  "channels": [
    4,
    8
  ],
  "head_dim": 64,
  "n_params": 463167,
  "invariant_dim": 64,
  "raw_invariant_dim": 1376,
  "projected_dim": 64,
  "train_size": null,
  "train_examples": 971,
  "best_val_auc": 0.9779762202418204,
  "test": {
    "loss": 0.8883226285215284,
    "accuracy": 0.6098360419273376,
    "auc": 0.9558596771043792
  },
  "test_c": {
    "loss": 0.8883226285215284,
    "accuracy": 0.6098360419273376,
    "auc": 0.9558596771043792
  },
  "test_r": {
    "loss": 0.0,
    "accuracy": 0.6098360419273376,
    "auc": 0.9558547217513843
  },
  "rotation_robustness": {
    "g00": {
      "accuracy": 0.6098360419273376,
      "auc": 0.9558571733724744
    },
    "g01": {
      "accuracy": 0.6098360419273376,
      "auc": 0.9558496739269638
    },
    "g02": {
      "accuracy": 0.6098360419273376,
      "auc": 0.955852271422659
    },
    "g03": {
      "accuracy": 0.6098360419273376,
      "auc": 0.9558545758767792
    },
    "g04": {
      "accuracy": 0.6098360419273376,
      "auc": 0.9558621749611821
    },
    "g05": {
      "accuracy": 0.6098360419273376,
      "auc": 0.9558547751545639
    },
    "g06": {
      "accuracy": 0.6098360419273376,
      "auc": 0.9558620128130962
    },
    "g07": {
      "accuracy": 0.6098360419273376,
      "auc": 0.9558449028706374
    },
    "g08": {
      "accuracy": 0.6098360419273376,
      "auc": 0.955859708358976
    },
    "g09": {
      "accuracy": 0.6098360419273376,
      "auc": 0.9558572105021731
    },
    "g10": {
      "accuracy": 0.6098360419273376,
      "auc": 0.9558547751545639
    },
    "g11": {
      "accuracy": 0.6098360419273376,
      "auc": 0.955849904459345
    },
    "g12": {
      "accuracy": 0.6098360419273376,
      "auc": 0.9558521092745732
    },
    "g13": {
      "accuracy": 0.6098360419273376,
      "auc": 0.9558448716160406
    },
    "g14": {
      "accuracy": 0.6098360419273376,
      "auc": 0.9558596771043792
    },
    "g15": {
      "accuracy": 0.6098360419273376,
      "auc": 0.9558621749611821
    },
    "g16": {
      "accuracy": 0.6098360419273376,
      "auc": 0.9558572417567699
    },
    "g17": {
      "accuracy": 0.6098360419273376,
      "auc": 0.9558498048204528
    },
    "g18": {
      "accuracy": 0.6098360419273376,
      "auc": 0.955849773565856
    },
    "g19": {
      "accuracy": 0.6098360419273376,
      "auc": 0.9558520780199764
    },
    "g20": {
      "accuracy": 0.6098360419273376,
      "auc": 0.9558571421178776
    },
    "g21": {
      "accuracy": 0.6098360419273376,
      "auc": 0.9558521092745732
    },
    "g22": {
      "accuracy": 0.6098360419273376,
      "auc": 0.9558575035437479
    },
    "g23": {
      "accuracy": 0.6098360419273376,
      "auc": 0.9558596771043792
    },
    "mean_auc": 0.9558547217513843,
    "std_auc": 4.94908451489616e-06,
    "mean_accuracy": 0.6098360419273376,
    "std_accuracy": 0.0
  }
}