{
  "dataset": "organ3d",
  "model": "standard",
  "train_mode": "R",
  "seed": 42,
  "channels": [
    4,
    8
  ],
  "head_dim": 64,
  "n_params": 16071,
  "invariant_dim": 8,
  "raw_invariant_dim": 8,
  "projected_dim": 8,
  "train_size": 100,
  "train_examples": 100,
  "best_val_auc": 0.8895691782747975,
  "test": {
    "loss": 2.119155583616163,
    "accuracy": 0.3475409746170044,
    "auc": 0.7896219616677097
  },
  "test_c": {
    "loss": 2.119155583616163,
    "accuracy": 0.3475409746170044,
    "auc": 0.7896219616677097
  },
  "test_r": {
    "loss": 0.0,
    "accuracy": 0.35239071150620777,
    "auc": 0.7874524479130182
  },
  "rotation_robustness": {
    "g00": {
      "accuracy": 0.35573771595954895,
      "auc": 0.8003041146917028
    },
    "g01": {
      "accuracy": 0.3655737638473511,
      "auc": 0.8018681640215621
    },
    "g02": {
      "accuracy": 0.3508196771144867,
      "auc": 0.7914528916179637
    },
    "g03": {
      "accuracy": 0.3508196771144867,
      "auc": 0.800288274019622
    },
    "g04": {
      "accuracy": 0.37377050518989563,
      "auc": 0.7951090388079773
    },
    "g05": {
      "accuracy": 0.34590163826942444,
      "auc": 0.7924337732648774
    },
    "g06": {
      "accuracy": 0.35573771595954895,
      "auc": 0.7847882143222481
    },
    "g07": {
      "accuracy": 0.35573771595954895,
      "auc": 0.7816012440100512
    },
    "g08": {
      "accuracy": 0.3508196771144867,
      "auc": 0.7796800263127015
    },
    "g09": {
      "accuracy": 0.36229509115219116,
      "auc": 0.7799816401039922
    },
    "g10": {
      "accuracy": 0.3573770523071289,
      "auc": 0.7829355084491989
    },
    "g11": {
      "accuracy": 0.3540983498096466,
      "auc": 0.7863306955071138
    },
    "g12": {
      "accuracy": 0.35245901346206665,
      "auc": 0.7813426618648212
    },
    "g13": {
      "accuracy": 0.3475409746170044,
      "auc": 0.7851807866864596
    },
    "g14": {
      "accuracy": 0.34590163826942444,
      "auc": 0.7873487965292933
    },
    "g15": {
      "accuracy": 0.3409835994243622,
      "auc": 0.7806873635468281
    },
    "g16": {
      "accuracy": 0.34918034076690674,
      "auc": 0.7924194131693596
    },
    "g17": {
      "accuracy": 0.3442623019218445,
      "auc": 0.7816522803039372
    },
    "g18": {
      "accuracy": 0.35245901346206665,
      "auc": 0.7787735219811993
    },
    "g19": {
      "accuracy": 0.3409835994243622,
      "auc": 0.7757440174110745
    },
    "g20": {
      "accuracy": 0.3606557250022888,
      "auc": 0.7928630102350883
    },
    "g21": {
      "accuracy": 0.34590163826942444,
      "auc": 0.7892764499938374
    },
    "g22": {
      "accuracy": 0.3508196771144867,
      "auc": 0.7871749013938145
    },
    "g23": {
      "accuracy": 0.3475409746170044,
      "auc": 0.7896219616677097
    },
    "mean_auc": 0.7874524479130182,
    "std_auc": 0.007108598965520561,
    "mean_accuracy": 0.35239071150620777,
    "std_accuracy": 0.007578892130861602
  }
}