{
  "model": "norm",
  "group": "c8",
  "seed": 42,
  "growth_rate": 8,
  "n_params": 372325,
  "train_fraction": 0.1,
  "best_val_auc": 0.8960828059115683,
  "test": {
    "loss": 0.4421278720255941,
    "accuracy": 0.803009033203125,
    "auc": 0.8782025763091678
  },
  "rotation_robustness": {
    "mean_auc": 0.0,
    "std_auc": 0.0
  }
}