{
  "dataset": "pcam",
  "model": "fourier_elu",
  "group": "c8",
  "seed": 456,
  "train_mode": "R",
  "geometry_group": "c8",
  "growth_rate": 4,
  "n_params": 109815,
  "invariant_dim": 34,
  "train_size": 12500,
  "train_examples": 12500,
  "best_val_auc": 0.9524837632061791,
  "test": {
    "loss": 0.3287460031424416,
    "accuracy": 0.85833740234375,
    "auc": 0.9424278146734942
  },
  "test_c": {
    "loss": 0.3287460031424416,
    "accuracy": 0.85833740234375,
    "auc": 0.9424278146734942
  },
  "test_r": {
    "loss": 0.0,
    "accuracy": 0.8557090759277344,
    "auc": 0.9379231294923773
  },
  "rotation_robustness": {
    "g00": {
      "accuracy": 0.85833740234375,
      "auc": 0.9424278146734942
    },
    "g01": {
      "accuracy": 0.85321044921875,
      "auc": 0.933393227816627
    },
    "g02": {
      "accuracy": 0.858184814453125,
      "auc": 0.9424533031143689
    },
    "g03": {
      "accuracy": 0.85321044921875,
      "auc": 0.9333990690728813
    },
    "g04": {
      "accuracy": 0.858123779296875,
      "auc": 0.9424571587905317
    },
    "g05": {
      "accuracy": 0.85321044921875,
      "auc": 0.9333968338982942
    },
    "g06": {
      "accuracy": 0.858184814453125,
      "auc": 0.9424589804578202
    },
    "g07": {
      "accuracy": 0.85321044921875,
      "auc": 0.9333986481150007
    },
    "mean_auc": 0.9379231294923773,
    "std_auc": 0.004526193802385923,
    "mean_accuracy": 0.8557090759277344,
    "std_accuracy": 0.0024992497955804577
  },
  "wall_time_s": 4746.262231588364,
  "epochs_run": 37,
  "peak_train_alloc_bytes": 21284823552,
  "peak_train_reserved_bytes": 27669823488,
  "gpu_name": "NVIDIA A100-SXM4-80GB",
  "cuda_total_memory_bytes": 85095874560,
  "git_sha": "5fb3903a1c11765c007a1686e1c9acd77b6024db",
  "argv": [
    "--model",
    "fourier_elu",
    "--group",
    "c8",
    "--geometry_group",
    "c8",
    "--growth_rate",
    "4",
    "--train_mode",
    "R",
    "--seed",
    "456",
    "--batch_size",
    "64",
    "--output_dir",
    "/home/johmathe/bispectrum/paper/experiments/normalized_results/pcam/n_12500",
    "--data_dir",
    "./pcam_data",
    "--subset_dir",
    "/home/johmathe/bispectrum/paper/experiments/normalized_results/subsets",
    "--patience",
    "10",
    "--epochs",
    "50",
    "--train_size",
    "12500"
  ]
}