{
  "dataset": "organ3d",
  "model": "standard",
  "train_mode": "R",
  "seed": 456,
  "channels": [
    4,
    8
  ],
  "head_dim": 64,
  "n_params": 16071,
  "invariant_dim": 8,
  "raw_invariant_dim": 8,
  "projected_dim": 8,
  "train_size": null,
  "train_examples": 971,
  "best_val_auc": 0.9748903298477686,
  "test": {
    "loss": 0.9104729449162717,
    "accuracy": 0.6032786965370178,
    "auc": 0.9536914717476139
  },
  "test_c": {
    "loss": 0.9104729449162717,
    "accuracy": 0.6032786965370178,
    "auc": 0.9536914717476139
  },
  "test_r": {
    "loss": 0.0,
    "accuracy": 0.6084699506560961,
    "auc": 0.9513595380125052
  },
  "rotation_robustness": {
    "g00": {
      "accuracy": 0.6196721196174622,
      "auc": 0.9520758274881053
    },
    "g01": {
      "accuracy": 0.5950819849967957,
      "auc": 0.9523205280035136
    },
    "g02": {
      "accuracy": 0.6213114857673645,
      "auc": 0.9507764409051066
    },
    "g03": {
      "accuracy": 0.6163934469223022,
      "auc": 0.9538293408845994
    },
    "g04": {
      "accuracy": 0.61147540807724,
      "auc": 0.9510735974122451
    },
    "g05": {
      "accuracy": 0.6000000238418579,
      "auc": 0.9500674757716456
    },
    "g06": {
      "accuracy": 0.6131147742271423,
      "auc": 0.9508323082692329
    },
    "g07": {
      "accuracy": 0.5967212915420532,
      "auc": 0.9516972170857577
    },
    "g08": {
      "accuracy": 0.6262295246124268,
      "auc": 0.9518807079041838
    },
    "g09": {
      "accuracy": 0.6032786965370178,
      "auc": 0.951233089781707
    },
    "g10": {
      "accuracy": 0.6081967353820801,
      "auc": 0.9517513827087687
    },
    "g11": {
      "accuracy": 0.6213114857673645,
      "auc": 0.9519668867852943
    },
    "g12": {
      "accuracy": 0.6000000238418579,
      "auc": 0.9488682451062448
    },
    "g13": {
      "accuracy": 0.591803252696991,
      "auc": 0.9486336765959251
    },
    "g14": {
      "accuracy": 0.6098360419273376,
      "auc": 0.9489582437532227
    },
    "g15": {
      "accuracy": 0.5950819849967957,
      "auc": 0.9498331757446679
    },
    "g16": {
      "accuracy": 0.6049180030822754,
      "auc": 0.9514902173757906
    },
    "g17": {
      "accuracy": 0.6000000238418579,
      "auc": 0.950219923641922
    },
    "g18": {
      "accuracy": 0.6213114857673645,
      "auc": 0.9520267989927369
    },
    "g19": {
      "accuracy": 0.6081967353820801,
      "auc": 0.9537455509536912
    },
    "g20": {
      "accuracy": 0.6180328130722046,
      "auc": 0.9528774669100906
    },
    "g21": {
      "accuracy": 0.6032786965370178,
      "auc": 0.9502416644860169
    },
    "g22": {
      "accuracy": 0.6147540807723999,
      "auc": 0.9525376739920399
    },
    "g23": {
      "accuracy": 0.6032786965370178,
      "auc": 0.9536914717476139
    },
    "mean_auc": 0.9513595380125052,
    "std_auc": 0.0014490848611996635,
    "mean_accuracy": 0.6084699506560961,
    "std_accuracy": 0.00967151517887744
  },
  "wall_time_s": 87.71110653877258,
  "epochs_run": 100,
  "peak_train_alloc_bytes": 198965248,
  "peak_train_reserved_bytes": 299892736,
  "gpu_name": "NVIDIA A100-SXM4-80GB",
  "cuda_total_memory_bytes": 85095874560,
  "git_sha": "5fb3903a1c11765c007a1686e1c9acd77b6024db",
  "argv": [
    "--model",
    "standard",
    "--channels",
    "4",
    "8",
    "--head_dim",
    "64",
    "--train_mode",
    "R",
    "--seed",
    "456",
    "--batch_size",
    "64",
    "--output_dir",
    "/home/johmathe/bispectrum/paper/experiments/normalized_results/organ3d/n_full",
    "--data_dir",
    "./organ3d_data",
    "--subset_dir",
    "/home/johmathe/bispectrum/paper/experiments/normalized_results/subsets",
    "--patience",
    "15",
    "--epochs",
    "100"
  ]
}