{
  "dataset": "pcam",
  "model": "norm",
  "group": "c8",
  "seed": 456,
  "train_mode": "R",
  "geometry_group": "c8",
  "growth_rate": 4,
  "n_params": 110093,
  "invariant_dim": 34,
  "train_size": 12500,
  "train_examples": 12500,
  "best_val_auc": 0.9443957786599182,
  "test": {
    "loss": 0.4451847215532325,
    "accuracy": 0.79766845703125,
    "auc": 0.9061209872362329
  },
  "test_c": {
    "loss": 0.4451847215532325,
    "accuracy": 0.79766845703125,
    "auc": 0.9061209872362329
  },
  "test_r": {
    "loss": 0.0,
    "accuracy": 0.7921066284179688,
    "auc": 0.8991172539321536
  },
  "rotation_robustness": {
    "g00": {
      "accuracy": 0.79766845703125,
      "auc": 0.9061209872362329
    },
    "g01": {
      "accuracy": 0.785888671875,
      "auc": 0.8921483707251778
    },
    "g02": {
      "accuracy": 0.798553466796875,
      "auc": 0.9060774460352765
    },
    "g03": {
      "accuracy": 0.785888671875,
      "auc": 0.8921468806087864
    },
    "g04": {
      "accuracy": 0.79852294921875,
      "auc": 0.9060753263447098
    },
    "g05": {
      "accuracy": 0.785888671875,
      "auc": 0.8921453048107025
    },
    "g06": {
      "accuracy": 0.798553466796875,
      "auc": 0.906078075609452
    },
    "g07": {
      "accuracy": 0.785888671875,
      "auc": 0.8921456400868907
    },
    "mean_auc": 0.8991172539321536,
    "std_auc": 0.006970718004693884,
    "mean_accuracy": 0.7921066284179688,
    "std_accuracy": 0.00622372973576256
  },
  "wall_time_s": 3366.1824259757996,
  "epochs_run": 50,
  "peak_train_alloc_bytes": 22325141504,
  "peak_train_reserved_bytes": 26841448448,
  "gpu_name": "NVIDIA A100-SXM4-80GB",
  "cuda_total_memory_bytes": 85095874560,
  "git_sha": "5fb3903a1c11765c007a1686e1c9acd77b6024db",
  "argv": [
    "--model",
    "norm",
    "--group",
    "c8",
    "--geometry_group",
    "c8",
    "--growth_rate",
    "4",
    "--train_mode",
    "R",
    "--seed",
    "456",
    "--batch_size",
    "128",
    "--output_dir",
    "/home/johmathe/bispectrum/paper/experiments/normalized_results/pcam/n_12500",
    "--data_dir",
    "./pcam_data",
    "--subset_dir",
    "/home/johmathe/bispectrum/paper/experiments/normalized_results/subsets",
    "--patience",
    "10",
    "--epochs",
    "50",
    "--train_size",
    "12500"
  ]
}