{
  "dataset": "pcam",
  "model": "norm",
  "group": "c8",
  "seed": 789,
  "train_mode": "R",
  "geometry_group": "c8",
  "growth_rate": 4,
  "n_params": 110093,
  "invariant_dim": 34,
  "train_size": 500,
  "train_examples": 500,
  "best_val_auc": 0.8436620526908407,
  "test": {
    "loss": 0.5530865018954501,
    "accuracy": 0.74517822265625,
    "auc": 0.8180004361347161
  },
  "test_c": {
    "loss": 0.5530865018954501,
    "accuracy": 0.74517822265625,
    "auc": 0.8180004361347161
  },
  "test_r": {
    "loss": 0.0,
    "accuracy": 0.7330322265625,
    "auc": 0.8120835927951934
  },
  "rotation_robustness": {
    "g00": {
      "accuracy": 0.74517822265625,
      "auc": 0.8180004361347161
    },
    "g01": {
      "accuracy": 0.721160888671875,
      "auc": 0.8063165936973433
    },
    "g02": {
      "accuracy": 0.74481201171875,
      "auc": 0.8178018930267272
    },
    "g03": {
      "accuracy": 0.721160888671875,
      "auc": 0.8063167129066546
    },
    "g04": {
      "accuracy": 0.74481201171875,
      "auc": 0.8178004960426104
    },
    "g05": {
      "accuracy": 0.721160888671875,
      "auc": 0.8063154202306851
    },
    "g06": {
      "accuracy": 0.74481201171875,
      "auc": 0.8178008164176345
    },
    "g07": {
      "accuracy": 0.721160888671875,
      "auc": 0.8063163739051756
    },
    "mean_auc": 0.8120835927951934,
    "std_auc": 0.005767640679195643,
    "mean_accuracy": 0.7330322265625,
    "std_accuracy": 0.011871867425478863
  },
  "wall_time_s": 760.2486548423767,
  "epochs_run": 22,
  "peak_train_alloc_bytes": 22325141504,
  "peak_train_reserved_bytes": 28192014336,
  "gpu_name": "NVIDIA A100-SXM4-80GB",
  "cuda_total_memory_bytes": 85095874560,
  "git_sha": "4f6f1351fe12ab869087e096175e97d4ada5c7e0",
  "argv": [
    "--model",
    "norm",
    "--group",
    "c8",
    "--geometry_group",
    "c8",
    "--growth_rate",
    "4",
    "--train_mode",
    "R",
    "--seed",
    "789",
    "--batch_size",
    "128",
    "--output_dir",
    "/home/johmathe/bispectrum/paper/experiments/normalized_results/pcam/n_500",
    "--data_dir",
    "./pcam_data",
    "--subset_dir",
    "/home/johmathe/bispectrum/paper/experiments/normalized_results/subsets",
    "--patience",
    "10",
    "--epochs",
    "50",
    "--train_size",
    "500"
  ]
}