{
  "dataset": "pcam",
  "model": "bispectrum",
  "group": "c8",
  "seed": 789,
  "train_mode": "C",
  "geometry_group": "c8",
  "growth_rate": 4,
  "n_params": 128345,
  "invariant_dim": 544,
  "train_size": 100,
  "train_examples": 100,
  "best_val_auc": 0.8707360808388076,
  "test": {
    "loss": 0.6123961140983738,
    "accuracy": 0.700408935546875,
    "auc": 0.8214866640152281
  },
  "test_c": {
    "loss": 0.6123961140983738,
    "accuracy": 0.700408935546875,
    "auc": 0.8214866640152281
  },
  "test_r": {
    "loss": 0.0,
    "accuracy": 0.7144088745117188,
    "auc": 0.8208560313915668
  },
  "rotation_robustness": {
    "g00": {
      "accuracy": 0.700408935546875,
      "auc": 0.8214866640152281
    },
    "g01": {
      "accuracy": 0.728179931640625,
      "auc": 0.8201427503935798
    },
    "g02": {
      "accuracy": 0.700714111328125,
      "auc": 0.821601075151759
    },
    "g03": {
      "accuracy": 0.728179931640625,
      "auc": 0.8201387643322329
    },
    "g04": {
      "accuracy": 0.700714111328125,
      "auc": 0.8216007100732431
    },
    "g05": {
      "accuracy": 0.728179931640625,
      "auc": 0.8201401687669317
    },
    "g06": {
      "accuracy": 0.700714111328125,
      "auc": 0.8215993540673269
    },
    "g07": {
      "accuracy": 0.728179931640625,
      "auc": 0.8201387643322329
    },
    "mean_auc": 0.8208560313915668,
    "std_auc": 0.0007167666808417575,
    "mean_accuracy": 0.7144088745117188,
    "std_accuracy": 0.013771374136110626
  },
  "wall_time_s": 944.3962497711182,
  "epochs_run": 39,
  "peak_train_alloc_bytes": 12107641856,
  "peak_train_reserved_bytes": 15206449152,
  "gpu_name": "NVIDIA A100-SXM4-80GB",
  "cuda_total_memory_bytes": 85095874560,
  "git_sha": "5fb3903a1c11765c007a1686e1c9acd77b6024db",
  "argv": [
    "--model",
    "bispectrum",
    "--group",
    "c8",
    "--geometry_group",
    "c8",
    "--growth_rate",
    "4",
    "--train_mode",
    "C",
    "--seed",
    "789",
    "--batch_size",
    "128",
    "--output_dir",
    "/home/johmathe/bispectrum/paper/experiments/normalized_results/pcam/n_100",
    "--data_dir",
    "./pcam_data",
    "--subset_dir",
    "/home/johmathe/bispectrum/paper/experiments/normalized_results/subsets",
    "--patience",
    "10",
    "--epochs",
    "50",
    "--train_size",
    "100"
  ]
}