{
  "dataset": "organ3d",
  "model": "standard",
  "train_mode": "R",
  "seed": 789,
  "channels": [
    4,
    8
  ],
  "head_dim": 64,
  "n_params": 16071,
  "invariant_dim": 8,
  "raw_invariant_dim": 8,
  "projected_dim": 8,
  "train_size": 500,
  "train_examples": 500,
  "best_val_auc": 0.946364258336461,
  "test": {
    "loss": 1.5318570496606045,
    "accuracy": 0.47377049922943115,
    "auc": 0.8760416376591015
  },
  "test_c": {
    "loss": 1.5318570496606045,
    "accuracy": 0.47377049922943115,
    "auc": 0.8760416376591015
  },
  "test_r": {
    "loss": 0.0,
    "accuracy": 0.4720628410577774,
    "auc": 0.8775136239667497
  },
  "rotation_robustness": {
    "g00": {
      "accuracy": 0.47704917192459106,
      "auc": 0.8813656247430938
    },
    "g01": {
      "accuracy": 0.4721311330795288,
      "auc": 0.8860014561100605
    },
    "g02": {
      "accuracy": 0.4590163826942444,
      "auc": 0.8774152517397575
    },
    "g03": {
      "accuracy": 0.4786885380744934,
      "auc": 0.8816243150338472
    },
    "g04": {
      "accuracy": 0.4786885380744934,
      "auc": 0.8790425519077388
    },
    "g05": {
      "accuracy": 0.4868852496147156,
      "auc": 0.8808391174585222
    },
    "g06": {
      "accuracy": 0.46065574884414673,
      "auc": 0.8722750083156399
    },
    "g07": {
      "accuracy": 0.4655737578868866,
      "auc": 0.8789516034253348
    },
    "g08": {
      "accuracy": 0.48852458596229553,
      "auc": 0.8824312673321262
    },
    "g09": {
      "accuracy": 0.4721311330795288,
      "auc": 0.8750972586764234
    },
    "g10": {
      "accuracy": 0.4786885380744934,
      "auc": 0.8740222077727698
    },
    "g11": {
      "accuracy": 0.47377049922943115,
      "auc": 0.8814807205263371
    },
    "g12": {
      "accuracy": 0.4721311330795288,
      "auc": 0.8796528514465762
    },
    "g13": {
      "accuracy": 0.4819672107696533,
      "auc": 0.8747271067979322
    },
    "g14": {
      "accuracy": 0.4508196711540222,
      "auc": 0.865248319485106
    },
    "g15": {
      "accuracy": 0.4508196711540222,
      "auc": 0.8740522529719815
    },
    "g16": {
      "accuracy": 0.4934426248073578,
      "auc": 0.8818920803082235
    },
    "g17": {
      "accuracy": 0.47704917192459106,
      "auc": 0.8751952411988053
    },
    "g18": {
      "accuracy": 0.47377049922943115,
      "auc": 0.8758919194903361
    },
    "g19": {
      "accuracy": 0.4655737578868866,
      "auc": 0.8817098749110549
    },
    "g20": {
      "accuracy": 0.47049179673194885,
      "auc": 0.8763252708719986
    },
    "g21": {
      "accuracy": 0.47377049922943115,
      "auc": 0.8786727061149225
    },
    "g22": {
      "accuracy": 0.4540983736515045,
      "auc": 0.8703713309043022
    },
    "g23": {
      "accuracy": 0.47377049922943115,
      "auc": 0.8760416376591015
    },
    "mean_auc": 0.8775136239667497,
    "std_auc": 0.004472716728671789,
    "mean_accuracy": 0.4720628410577774,
    "std_accuracy": 0.010899679885028548
  },
  "wall_time_s": 28.74946665763855,
  "epochs_run": 63,
  "peak_train_alloc_bytes": 198965248,
  "peak_train_reserved_bytes": 295698432,
  "gpu_name": "NVIDIA A100-SXM4-80GB",
  "cuda_total_memory_bytes": 85095874560,
  "git_sha": "5fb3903a1c11765c007a1686e1c9acd77b6024db",
  "argv": [
    "--model",
    "standard",
    "--channels",
    "4",
    "8",
    "--head_dim",
    "64",
    "--train_mode",
    "R",
    "--seed",
    "789",
    "--batch_size",
    "64",
    "--output_dir",
    "/home/johmathe/bispectrum/paper/experiments/normalized_results/organ3d/n_500",
    "--data_dir",
    "./organ3d_data",
    "--subset_dir",
    "/home/johmathe/bispectrum/paper/experiments/normalized_results/subsets",
    "--patience",
    "15",
    "--epochs",
    "100",
    "--train_size",
    "500"
  ]
}