{
  "dataset": "spherical_mnist",
  "model": "power_spectrum",
  "base_model": "power_spectrum",
  "train_mode": "C",
  "test_rotation_seed": 777,
  "seed": 42,
  "lmax": 15,
  "n_params": 11466,
  "invariant_dim": 16,
  "train_size": 100,
  "train_examples": 100,
  "best_val_accuracy": 0.1448,
  "test_c": {
    "loss": 2.30432626953125,
    "accuracy": 0.1356
  },
  "test": {
    "loss": 2.30432626953125,
    "accuracy": 0.1356
  },
  "test_nr": {
    "loss": 2.30432626953125,
    "accuracy": 0.1356
  },
  "test_r": {
    "loss": 2.3044876953125,
    "accuracy": 0.1356
  },
  "rotation_robustness": {
    "rot_00": 0.1355,
    "rot_01": 0.1356,
    "rot_02": 0.1356,
    "rot_03": 0.1356,
    "rot_04": 0.1356,
    "rot_05": 0.1356,
    "rot_06": 0.1356,
    "rot_07": 0.1355,
    "rot_08": 0.1356,
    "rot_09": 0.1355,
    "mean_accuracy": 0.13557000000000002,
    "std_accuracy": 4.5825756949553354e-05
  }
}