{
  "dataset": "pcam",
  "model": "gate",
  "group": "c8",
  "seed": 42,
  "train_mode": "R",
  "geometry_group": "c8",
  "growth_rate": 3,
  "n_params": 135682,
  "invariant_dim": 27,
  "train_size": 2500,
  "train_examples": 2500,
  "best_val_auc": 0.8840022604931467,
  "test": {
    "loss": 0.44404789444524795,
    "accuracy": 0.800628662109375,
    "auc": 0.8790467272448899
  },
  "test_c": {
    "loss": 0.44404789444524795,
    "accuracy": 0.800628662109375,
    "auc": 0.8790467272448899
  },
  "test_r": {
    "loss": 0.0,
    "accuracy": 0.7962226867675781,
    "auc": 0.874863309295111
  },
  "rotation_robustness": {
    "g00": {
      "accuracy": 0.800628662109375,
      "auc": 0.8790467272448899
    },
    "g01": {
      "accuracy": 0.79119873046875,
      "auc": 0.8706779057652406
    },
    "g02": {
      "accuracy": 0.80145263671875,
      "auc": 0.879049118881698
    },
    "g03": {
      "accuracy": 0.79119873046875,
      "auc": 0.8706772761910652
    },
    "g04": {
      "accuracy": 0.80145263671875,
      "auc": 0.8790490406505875
    },
    "g05": {
      "accuracy": 0.79119873046875,
      "auc": 0.8706781032056624
    },
    "g06": {
      "accuracy": 0.80145263671875,
      "auc": 0.8790492231898455
    },
    "g07": {
      "accuracy": 0.79119873046875,
      "auc": 0.8706790792318988
    },
    "mean_auc": 0.874863309295111,
    "std_auc": 0.004185218286438466,
    "mean_accuracy": 0.7962226867675781,
    "std_accuracy": 0.005030286966937738
  }
}