{
  "dataset": "pcam",
  "model": "fourier_elu",
  "group": "c8",
  "seed": 789,
  "train_mode": "R",
  "geometry_group": "c8",
  "growth_rate": 4,
  "n_params": 109815,
  "invariant_dim": 34,
  "train_size": 100,
  "train_examples": 100,
  "best_val_auc": 0.8307346437696176,
  "test": {
    "loss": 0.628766592592001,
    "accuracy": 0.728607177734375,
    "auc": 0.8118898450680166
  },
  "test_c": {
    "loss": 0.628766592592001,
    "accuracy": 0.728607177734375,
    "auc": 0.8118898450680166
  },
  "test_r": {
    "loss": 0.0,
    "accuracy": 0.7331581115722656,
    "auc": 0.8070575903945488
  },
  "rotation_robustness": {
    "g00": {
      "accuracy": 0.728607177734375,
      "auc": 0.8118898450680166
    },
    "g01": {
      "accuracy": 0.738250732421875,
      "auc": 0.802397434851059
    },
    "g02": {
      "accuracy": 0.7279052734375,
      "auc": 0.811646292994426
    },
    "g03": {
      "accuracy": 0.73822021484375,
      "auc": 0.8023942311008175
    },
    "g04": {
      "accuracy": 0.7279052734375,
      "auc": 0.8116580798150819
    },
    "g05": {
      "accuracy": 0.738250732421875,
      "auc": 0.8024083015248432
    },
    "g06": {
      "accuracy": 0.7279052734375,
      "auc": 0.81165632147774
    },
    "g07": {
      "accuracy": 0.73822021484375,
      "auc": 0.8024102163244061
    },
    "mean_auc": 0.8070575903945488,
    "std_auc": 0.004655610185532469,
    "mean_accuracy": 0.7331581115722656,
    "std_accuracy": 0.005081919882105332
  },
  "wall_time_s": 986.9259343147278,
  "epochs_run": 15,
  "peak_train_alloc_bytes": 21284823552,
  "peak_train_reserved_bytes": 27667726336,
  "gpu_name": "NVIDIA A100-SXM4-80GB",
  "cuda_total_memory_bytes": 85095874560,
  "git_sha": "4f6f1351fe12ab869087e096175e97d4ada5c7e0",
  "argv": [
    "--model",
    "fourier_elu",
    "--group",
    "c8",
    "--geometry_group",
    "c8",
    "--growth_rate",
    "4",
    "--train_mode",
    "R",
    "--seed",
    "789",
    "--batch_size",
    "64",
    "--output_dir",
    "/home/johmathe/bispectrum/paper/experiments/normalized_results/pcam/n_100",
    "--data_dir",
    "./pcam_data",
    "--subset_dir",
    "/home/johmathe/bispectrum/paper/experiments/normalized_results/subsets",
    "--patience",
    "10",
    "--epochs",
    "50",
    "--train_size",
    "100"
  ]
}