{
  "dataset": "pcam",
  "model": "fourier_elu",
  "group": "c8",
  "seed": 456,
  "train_mode": "C",
  "geometry_group": "c8",
  "growth_rate": 4,
  "n_params": 109815,
  "invariant_dim": 34,
  "train_size": 2500,
  "train_examples": 2500,
  "best_val_auc": 0.8863575437309121,
  "test": {
    "loss": 0.46529233403271064,
    "accuracy": 0.785980224609375,
    "auc": 0.8657522366265192
  },
  "test_c": {
    "loss": 0.46529233403271064,
    "accuracy": 0.785980224609375,
    "auc": 0.8657522366265192
  },
  "test_r": {
    "loss": 0.0,
    "accuracy": 0.7786216735839844,
    "auc": 0.8592496522822713
  },
  "rotation_robustness": {
    "g00": {
      "accuracy": 0.785980224609375,
      "auc": 0.8657522366265192
    },
    "g01": {
      "accuracy": 0.771575927734375,
      "auc": 0.8528431944151094
    },
    "g02": {
      "accuracy": 0.785552978515625,
      "auc": 0.8656254500733579
    },
    "g03": {
      "accuracy": 0.771575927734375,
      "auc": 0.852842557390352
    },
    "g04": {
      "accuracy": 0.785552978515625,
      "auc": 0.8656242877825726
    },
    "g05": {
      "accuracy": 0.7716064453125,
      "auc": 0.8528413950995667
    },
    "g06": {
      "accuracy": 0.785552978515625,
      "auc": 0.8656237252636348
    },
    "g07": {
      "accuracy": 0.771575927734375,
      "auc": 0.8528443716070585
    },
    "mean_auc": 0.8592496522822713,
    "std_auc": 0.006406892116756504,
    "mean_accuracy": 0.7786216735839844,
    "std_accuracy": 0.007039338292697788
  },
  "wall_time_s": 1157.4774131774902,
  "epochs_run": 15,
  "peak_train_alloc_bytes": 21284495872,
  "peak_train_reserved_bytes": 27661434880,
  "gpu_name": "NVIDIA A100-SXM4-80GB",
  "cuda_total_memory_bytes": 85095874560,
  "git_sha": "5fb3903a1c11765c007a1686e1c9acd77b6024db",
  "argv": [
    "--model",
    "fourier_elu",
    "--group",
    "c8",
    "--geometry_group",
    "c8",
    "--growth_rate",
    "4",
    "--train_mode",
    "C",
    "--seed",
    "456",
    "--batch_size",
    "64",
    "--output_dir",
    "/home/johmathe/bispectrum/paper/experiments/normalized_results/pcam/n_2500",
    "--data_dir",
    "./pcam_data",
    "--subset_dir",
    "/home/johmathe/bispectrum/paper/experiments/normalized_results/subsets",
    "--patience",
    "10",
    "--epochs",
    "50",
    "--train_size",
    "2500"
  ]
}