{
  "dataset": "organ3d",
  "model": "standard",
  "train_mode": "C",
  "seed": 123,
  "channels": [
    4,
    8
  ],
  "head_dim": 64,
  "n_params": 16071,
  "invariant_dim": 8,
  "raw_invariant_dim": 8,
  "projected_dim": 8,
  "train_size": 500,
  "train_examples": 500,
  "best_val_auc": 0.9964998666182233,
  "test": {
    "loss": 0.9697686867635759,
    "accuracy": 0.7688524723052979,
    "auc": 0.9811740630579983
  },
  "test_c": {
    "loss": 0.9697686867635759,
    "accuracy": 0.7688524723052979,
    "auc": 0.9811740630579983
  },
  "test_r": {
    "loss": 0.0,
    "accuracy": 0.36509562904636067,
    "auc": 0.7962544686554561
  },
  "rotation_robustness": {
    "g00": {
      "accuracy": 0.3983606696128845,
      "auc": 0.8359924633762461
    },
    "g01": {
      "accuracy": 0.3442623019218445,
      "auc": 0.7919429849707146
    },
    "g02": {
      "accuracy": 0.30327868461608887,
      "auc": 0.7880185974867885
    },
    "g03": {
      "accuracy": 0.38688525557518005,
      "auc": 0.807780539771204
    },
    "g04": {
      "accuracy": 0.32459017634391785,
      "auc": 0.7690732057916617
    },
    "g05": {
      "accuracy": 0.26557376980781555,
      "auc": 0.7527736324328406
    },
    "g06": {
      "accuracy": 0.25081968307495117,
      "auc": 0.7420357320016258
    },
    "g07": {
      "accuracy": 0.4688524603843689,
      "auc": 0.8695027212449697
    },
    "g08": {
      "accuracy": 0.27704918384552,
      "auc": 0.7371615636299147
    },
    "g09": {
      "accuracy": 0.3852458894252777,
      "auc": 0.8099586001161871
    },
    "g10": {
      "accuracy": 0.2819672226905823,
      "auc": 0.7756317250633504
    },
    "g11": {
      "accuracy": 0.3049180209636688,
      "auc": 0.7723671859038614
    },
    "g12": {
      "accuracy": 0.26229506731033325,
      "auc": 0.7343634327629964
    },
    "g13": {
      "accuracy": 0.32131147384643555,
      "auc": 0.7861159547143579
    },
    "g14": {
      "accuracy": 0.27213114500045776,
      "auc": 0.7052505440403124
    },
    "g15": {
      "accuracy": 0.32131147384643555,
      "auc": 0.7739264726163597
    },
    "g16": {
      "accuracy": 0.4409835934638977,
      "auc": 0.8767639368807917
    },
    "g17": {
      "accuracy": 0.3475409746170044,
      "auc": 0.7543122871219983
    },
    "g18": {
      "accuracy": 0.3131147623062134,
      "auc": 0.7789795633051996
    },
    "g19": {
      "accuracy": 0.32786884903907776,
      "auc": 0.7323572522458442
    },
    "g20": {
      "accuracy": 0.43934425711631775,
      "auc": 0.8328546802329243
    },
    "g21": {
      "accuracy": 0.47704917192459106,
      "auc": 0.8546019722513976
    },
    "g22": {
      "accuracy": 0.4786885380744934,
      "auc": 0.8471681367114019
    },
    "g23": {
      "accuracy": 0.7688524723052979,
      "auc": 0.9811740630579983
    },
    "mean_auc": 0.7962544686554561,
    "std_auc": 0.059257784084143214,
    "mean_accuracy": 0.36509562904636067,
    "std_accuracy": 0.10936658593488628
  }
}