{
  "dataset": "pcam",
  "model": "gate",
  "group": "c8",
  "seed": 123,
  "train_mode": "R",
  "geometry_group": "c8",
  "growth_rate": 3,
  "n_params": 135682,
  "invariant_dim": 27,
  "train_size": 12500,
  "train_examples": 12500,
  "best_val_auc": 0.9293987643522098,
  "test": {
    "loss": 0.4051602325052954,
    "accuracy": 0.816253662109375,
    "auc": 0.9125659343441233
  },
  "test_c": {
    "loss": 0.4051602325052954,
    "accuracy": 0.816253662109375,
    "auc": 0.9125659343441233
  },
  "test_r": {
    "loss": 0.0,
    "accuracy": 0.811187744140625,
    "auc": 0.9113068986834513
  },
  "rotation_robustness": {
    "g00": {
      "accuracy": 0.816253662109375,
      "auc": 0.9125659343441233
    },
    "g01": {
      "accuracy": 0.80560302734375,
      "auc": 0.9099039568949263
    },
    "g02": {
      "accuracy": 0.816925048828125,
      "auc": 0.9127579246652808
    },
    "g03": {
      "accuracy": 0.805633544921875,
      "auc": 0.9099041655112211
    },
    "g04": {
      "accuracy": 0.81695556640625,
      "auc": 0.9127574329268717
    },
    "g05": {
      "accuracy": 0.80560302734375,
      "auc": 0.9099033682989517
    },
    "g06": {
      "accuracy": 0.816925048828125,
      "auc": 0.9127588150098247
    },
    "g07": {
      "accuracy": 0.80560302734375,
      "auc": 0.9099035918164105
    },
    "mean_auc": 0.9113068986834513,
    "std_auc": 0.0014043606874070494,
    "mean_accuracy": 0.811187744140625,
    "std_accuracy": 0.005581005092877749
  }
}