{
  "dataset": "pcam",
  "model": "fourier_elu",
  "group": "c8",
  "seed": 42,
  "train_mode": "C",
  "geometry_group": "c8",
  "growth_rate": 4,
  "n_params": 109815,
  "invariant_dim": 34,
  "train_size": 500,
  "train_examples": 500,
  "best_val_auc": 0.8836981983188339,
  "test": {
    "loss": 0.46168261335697025,
    "accuracy": 0.785308837890625,
    "auc": 0.8705197671632043
  },
  "test_c": {
    "loss": 0.46168261335697025,
    "accuracy": 0.785308837890625,
    "auc": 0.8705197671632043
  },
  "test_r": {
    "loss": 0.0,
    "accuracy": 0.7764739990234375,
    "auc": 0.8639873576737215
  },
  "rotation_robustness": {
    "g00": {
      "accuracy": 0.785308837890625,
      "auc": 0.8705197671632043
    },
    "g01": {
      "accuracy": 0.7667236328125,
      "auc": 0.8573437482485312
    },
    "g02": {
      "accuracy": 0.786529541015625,
      "auc": 0.8706668602774894
    },
    "g03": {
      "accuracy": 0.7667236328125,
      "auc": 0.8573445156584727
    },
    "g04": {
      "accuracy": 0.786529541015625,
      "auc": 0.8706674339723001
    },
    "g05": {
      "accuracy": 0.7667236328125,
      "auc": 0.8573439531395349
    },
    "g06": {
      "accuracy": 0.786529541015625,
      "auc": 0.8706672290812962
    },
    "g07": {
      "accuracy": 0.7667236328125,
      "auc": 0.8573453538489428
    },
    "mean_auc": 0.8639873576737215,
    "std_auc": 0.0066431182907186965,
    "mean_accuracy": 0.7764739990234375,
    "std_accuracy": 0.00975752733194143
  }
}