{
  "dataset": "pcam",
  "model": "standard",
  "group": "c8",
  "seed": 42,
  "train_mode": "R",
  "geometry_group": "c8",
  "growth_rate": 12,
  "n_params": 101959,
  "invariant_dim": 90,
  "train_size": null,
  "train_examples": 262144,
  "best_val_auc": 0.9651529720403951,
  "test": {
    "loss": 0.46466957312077284,
    "accuracy": 0.84423828125,
    "auc": 0.9227925956876472
  },
  "test_c": {
    "loss": 0.46466957312077284,
    "accuracy": 0.84423828125,
    "auc": 0.9227925956876472
  },
  "test_r": {
    "loss": 0.0,
    "accuracy": 0.8408851623535156,
    "auc": 0.9177881142929852
  },
  "rotation_robustness": {
    "g00": {
      "accuracy": 0.84423828125,
      "auc": 0.9227925956876472
    },
    "g01": {
      "accuracy": 0.836456298828125,
      "auc": 0.9147332266789977
    },
    "g02": {
      "accuracy": 0.842437744140625,
      "auc": 0.9183191694231305
    },
    "g03": {
      "accuracy": 0.837127685546875,
      "auc": 0.9146832705269764
    },
    "g04": {
      "accuracy": 0.8446044921875,
      "auc": 0.9199022392750149
    },
    "g05": {
      "accuracy": 0.84051513671875,
      "auc": 0.9146647372043585
    },
    "g06": {
      "accuracy": 0.844085693359375,
      "auc": 0.9197855445351142
    },
    "g07": {
      "accuracy": 0.837615966796875,
      "auc": 0.9174241310126424
    },
    "mean_auc": 0.9177881142929852,
    "std_auc": 0.0027983581571193283,
    "mean_accuracy": 0.8408851623535156,
    "std_accuracy": 0.003207194106808512
  }
}