{
  "dataset": "pcam",
  "model": "bispectrum",
  "group": "c8",
  "seed": 42,
  "train_mode": "C",
  "geometry_group": "c8",
  "growth_rate": 4,
  "n_params": 128345,
  "invariant_dim": 544,
  "train_size": 500,
  "train_examples": 500,
  "best_val_auc": 0.8780798299907213,
  "test": {
    "loss": 0.4872127677081153,
    "accuracy": 0.76422119140625,
    "auc": 0.8467973600814888
  },
  "test_c": {
    "loss": 0.4872127677081153,
    "accuracy": 0.76422119140625,
    "auc": 0.8467973600814888
  },
  "test_r": {
    "loss": 0.0,
    "accuracy": 0.7530441284179688,
    "auc": 0.834971559843445
  },
  "rotation_robustness": {
    "g00": {
      "accuracy": 0.76422119140625,
      "auc": 0.8467973600814888
    },
    "g01": {
      "accuracy": 0.741729736328125,
      "auc": 0.8232865532526416
    },
    "g02": {
      "accuracy": 0.764404296875,
      "auc": 0.8466092887664406
    },
    "g03": {
      "accuracy": 0.741729736328125,
      "auc": 0.8232875926088246
    },
    "g04": {
      "accuracy": 0.764404296875,
      "auc": 0.8466082605861305
    },
    "g05": {
      "accuracy": 0.741729736328125,
      "auc": 0.8232867544183543
    },
    "g06": {
      "accuracy": 0.764404296875,
      "auc": 0.846610603794156
    },
    "g07": {
      "accuracy": 0.741729736328125,
      "auc": 0.8232860652395233
    },
    "mean_auc": 0.834971559843445,
    "std_auc": 0.011684960233907296,
    "mean_accuracy": 0.7530441284179688,
    "std_accuracy": 0.011314530992330533
  }
}