{
  "dataset": "pcam",
  "model": "fourier_elu",
  "group": "c8",
  "seed": 789,
  "train_mode": "R",
  "geometry_group": "c8",
  "growth_rate": 4,
  "n_params": 109815,
  "invariant_dim": 34,
  "train_size": 12500,
  "train_examples": 12500,
  "best_val_auc": 0.9318614701510622,
  "test": {
    "loss": 0.37196804882842116,
    "accuracy": 0.834228515625,
    "auc": 0.9194293694646624
  },
  "test_c": {
    "loss": 0.37196804882842116,
    "accuracy": 0.834228515625,
    "auc": 0.9194293694646624
  },
  "test_r": {
    "loss": 0.0,
    "accuracy": 0.8256149291992188,
    "auc": 0.9179651992592766
  },
  "rotation_robustness": {
    "g00": {
      "accuracy": 0.834228515625,
      "auc": 0.9194293694646624
    },
    "g01": {
      "accuracy": 0.81689453125,
      "auc": 0.9164104644362359
    },
    "g02": {
      "accuracy": 0.834381103515625,
      "auc": 0.9195509815886546
    },
    "g03": {
      "accuracy": 0.81689453125,
      "auc": 0.9164108108882969
    },
    "g04": {
      "accuracy": 0.834381103515625,
      "auc": 0.9195495399010459
    },
    "g05": {
      "accuracy": 0.81689453125,
      "auc": 0.916410609722584
    },
    "g06": {
      "accuracy": 0.8343505859375,
      "auc": 0.9195501024199837
    },
    "g07": {
      "accuracy": 0.81689453125,
      "auc": 0.9164097156527492
    },
    "mean_auc": 0.9179651992592766,
    "std_auc": 0.0015552393200111553,
    "mean_accuracy": 0.8256149291992188,
    "std_accuracy": 0.008720511421540003
  },
  "wall_time_s": 5277.482054710388,
  "epochs_run": 41,
  "peak_train_alloc_bytes": 21284823552,
  "peak_train_reserved_bytes": 27669823488,
  "gpu_name": "NVIDIA A100-SXM4-80GB",
  "cuda_total_memory_bytes": 85095874560,
  "git_sha": "4f6f1351fe12ab869087e096175e97d4ada5c7e0",
  "argv": [
    "--model",
    "fourier_elu",
    "--group",
    "c8",
    "--geometry_group",
    "c8",
    "--growth_rate",
    "4",
    "--train_mode",
    "R",
    "--seed",
    "789",
    "--batch_size",
    "64",
    "--output_dir",
    "/home/johmathe/bispectrum/paper/experiments/normalized_results/pcam/n_12500",
    "--data_dir",
    "./pcam_data",
    "--subset_dir",
    "/home/johmathe/bispectrum/paper/experiments/normalized_results/subsets",
    "--patience",
    "10",
    "--epochs",
    "50",
    "--train_size",
    "12500"
  ]
}