{
  "dataset": "pcam",
  "model": "bispectrum",
  "group": "c8",
  "seed": 123,
  "train_mode": "R",
  "geometry_group": "c8",
  "growth_rate": 4,
  "n_params": 128345,
  "invariant_dim": 544,
  "train_size": 100,
  "train_examples": 100,
  "best_val_auc": 0.8435671322144744,
  "test": {
    "loss": 0.6632101980503649,
    "accuracy": 0.630340576171875,
    "auc": 0.8275246640619208
  },
  "test_c": {
    "loss": 0.6632101980503649,
    "accuracy": 0.630340576171875,
    "auc": 0.8275246640619208
  },
  "test_r": {
    "loss": 0.0,
    "accuracy": 0.632049560546875,
    "auc": 0.8263767119216132
  },
  "rotation_robustness": {
    "g00": {
      "accuracy": 0.630340576171875,
      "auc": 0.8275246640619208
    },
    "g01": {
      "accuracy": 0.633758544921875,
      "auc": 0.8251605571540717
    },
    "g02": {
      "accuracy": 0.630340576171875,
      "auc": 0.8275911418794317
    },
    "g03": {
      "accuracy": 0.633758544921875,
      "auc": 0.8251402803952759
    },
    "g04": {
      "accuracy": 0.630340576171875,
      "auc": 0.8276067806509594
    },
    "g05": {
      "accuracy": 0.633758544921875,
      "auc": 0.8251989462776049
    },
    "g06": {
      "accuracy": 0.630340576171875,
      "auc": 0.8276035731754269
    },
    "g07": {
      "accuracy": 0.633758544921875,
      "auc": 0.8251877517782146
    },
    "mean_auc": 0.8263767119216132,
    "std_auc": 0.0012051683143154803,
    "mean_accuracy": 0.632049560546875,
    "std_accuracy": 0.001708984375
  }
}