{
  "dataset": "organ3d",
  "model": "standard",
  "train_mode": "R",
  "seed": 101112,
  "channels": [
    4,
    8
  ],
  "head_dim": 64,
  "n_params": 16071,
  "invariant_dim": 8,
  "raw_invariant_dim": 8,
  "projected_dim": 8,
  "train_size": null,
  "train_examples": 971,
  "best_val_auc": 0.9777605889662805,
  "test": {
    "loss": 0.9682102891265368,
    "accuracy": 0.6196721196174622,
    "auc": 0.9564847942360489
  },
  "test_c": {
    "loss": 0.9682102891265368,
    "accuracy": 0.6196721196174622,
    "auc": 0.9564847942360489
  },
  "test_r": {
    "loss": 0.0,
    "accuracy": 0.6174863403042158,
    "auc": 0.955303800599744
  },
  "rotation_robustness": {
    "g00": {
      "accuracy": 0.6180328130722046,
      "auc": 0.9533724257168835
    },
    "g01": {
      "accuracy": 0.6393442749977112,
      "auc": 0.9581400509821532
    },
    "g02": {
      "accuracy": 0.6327868700027466,
      "auc": 0.9534473514640325
    },
    "g03": {
      "accuracy": 0.6360656023025513,
      "auc": 0.9568970710272168
    },
    "g04": {
      "accuracy": 0.6163934469223022,
      "auc": 0.9554191546626304
    },
    "g05": {
      "accuracy": 0.6360656023025513,
      "auc": 0.9577210582120621
    },
    "g06": {
      "accuracy": 0.6049180030822754,
      "auc": 0.9508144503278255
    },
    "g07": {
      "accuracy": 0.5967212915420532,
      "auc": 0.9533836250872576
    },
    "g08": {
      "accuracy": 0.6016393303871155,
      "auc": 0.9540089831477689
    },
    "g09": {
      "accuracy": 0.6163934469223022,
      "auc": 0.9545255585643041
    },
    "g10": {
      "accuracy": 0.6196721196174622,
      "auc": 0.9582048277232675
    },
    "g11": {
      "accuracy": 0.6131147742271423,
      "auc": 0.9531087548606934
    },
    "g12": {
      "accuracy": 0.6344262361526489,
      "auc": 0.9584262315036237
    },
    "g13": {
      "accuracy": 0.6131147742271423,
      "auc": 0.9563890169583812
    },
    "g14": {
      "accuracy": 0.6180328130722046,
      "auc": 0.956458316713988
    },
    "g15": {
      "accuracy": 0.6016393303871155,
      "auc": 0.9531383836746941
    },
    "g16": {
      "accuracy": 0.6098360419273376,
      "auc": 0.9543406763120516
    },
    "g17": {
      "accuracy": 0.6344262361526489,
      "auc": 0.9568650018930914
    },
    "g18": {
      "accuracy": 0.6213114857673645,
      "auc": 0.9566789146439909
    },
    "g19": {
      "accuracy": 0.6065573692321777,
      "auc": 0.9560515625701126
    },
    "g20": {
      "accuracy": 0.6016393303871155,
      "auc": 0.9540852198282738
    },
    "g21": {
      "accuracy": 0.6000000238418579,
      "auc": 0.9527028784354264
    },
    "g22": {
      "accuracy": 0.6278688311576843,
      "auc": 0.9566269058480745
    },
    "g23": {
      "accuracy": 0.6196721196174622,
      "auc": 0.9564847942360489
    },
    "mean_auc": 0.955303800599744,
    "std_auc": 0.0020117670241219443,
    "mean_accuracy": 0.6174863403042158,
    "std_accuracy": 0.01287057086422994
  },
  "wall_time_s": 68.95173525810242,
  "epochs_run": 78,
  "peak_train_alloc_bytes": 198965248,
  "peak_train_reserved_bytes": 299892736,
  "gpu_name": "NVIDIA A100-SXM4-80GB",
  "cuda_total_memory_bytes": 85095874560,
  "git_sha": "5fb3903a1c11765c007a1686e1c9acd77b6024db",
  "argv": [
    "--model",
    "standard",
    "--channels",
    "4",
    "8",
    "--head_dim",
    "64",
    "--train_mode",
    "R",
    "--seed",
    "101112",
    "--batch_size",
    "64",
    "--output_dir",
    "/home/johmathe/bispectrum/paper/experiments/normalized_results/organ3d/n_full",
    "--data_dir",
    "./organ3d_data",
    "--subset_dir",
    "/home/johmathe/bispectrum/paper/experiments/normalized_results/subsets",
    "--patience",
    "15",
    "--epochs",
    "100"
  ]
}