{
  "dataset": "pcam",
  "model": "standard",
  "group": "c8",
  "seed": 123,
  "train_mode": "C",
  "geometry_group": "c8",
  "growth_rate": 12,
  "n_params": 101959,
  "invariant_dim": 90,
  "train_size": 12500,
  "train_examples": 12500,
  "best_val_auc": 0.9376781172215058,
  "test": {
    "loss": 0.3829121757298708,
    "accuracy": 0.831298828125,
    "auc": 0.9127582636667598
  },
  "test_c": {
    "loss": 0.3829121757298708,
    "accuracy": 0.831298828125,
    "auc": 0.9127582636667598
  },
  "test_r": {
    "loss": 0.0,
    "accuracy": 0.79931640625,
    "auc": 0.8951701800835834
  },
  "rotation_robustness": {
    "g00": {
      "accuracy": 0.831298828125,
      "auc": 0.9127582636667598
    },
    "g01": {
      "accuracy": 0.78106689453125,
      "auc": 0.88632896330252
    },
    "g02": {
      "accuracy": 0.80816650390625,
      "auc": 0.9008005341113589
    },
    "g03": {
      "accuracy": 0.766845703125,
      "auc": 0.8807598656312876
    },
    "g04": {
      "accuracy": 0.805633544921875,
      "auc": 0.8986505159507516
    },
    "g05": {
      "accuracy": 0.78057861328125,
      "auc": 0.8850910938138649
    },
    "g06": {
      "accuracy": 0.828765869140625,
      "auc": 0.9113544063879769
    },
    "g07": {
      "accuracy": 0.79217529296875,
      "auc": 0.8856177978041474
    },
    "mean_auc": 0.8951701800835834,
    "std_auc": 0.011692645944437271,
    "mean_accuracy": 0.79931640625,
    "std_accuracy": 0.021788380695630234
  }
}