{
  "dataset": "organ3d",
  "model": "bispectrum",
  "train_mode": "C",
  "seed": 101112,
  "channels": [
    4,
    8
  ],
  "head_dim": 64,
  "n_params": 463167,
  "invariant_dim": 64,
  "raw_invariant_dim": 1376,
  "projected_dim": 64,
  "train_size": null,
  "train_examples": 971,
  "best_val_auc": 0.990785601174412,
  "test": {
    "loss": 0.5931217815055222,
    "accuracy": 0.7344262003898621,
    "auc": 0.9729847945346979
  },
  "test_c": {
    "loss": 0.5931217815055222,
    "accuracy": 0.7344262003898621,
    "auc": 0.9729847945346979
  },
  "test_r": {
    "loss": 0.0,
    "accuracy": 0.7344262003898621,
    "auc": 0.9729867536945235
  },
  "rotation_robustness": {
    "g00": {
      "accuracy": 0.7344262003898621,
      "auc": 0.9729875600535807
    },
    "g01": {
      "accuracy": 0.7344262003898621,
      "auc": 0.9729899270168947
    },
    "g02": {
      "accuracy": 0.7344262003898621,
      "auc": 0.972986999349926
    },
    "g03": {
      "accuracy": 0.7344262003898621,
      "auc": 0.9729922939802086
    },
    "g04": {
      "accuracy": 0.7344262003898621,
      "auc": 0.9729901262946791
    },
    "g05": {
      "accuracy": 0.7344262003898621,
      "auc": 0.9729972955689162
    },
    "g06": {
      "accuracy": 0.7344262003898621,
      "auc": 0.9729719008200125
    },
    "g07": {
      "accuracy": 0.7344262003898621,
      "auc": 0.9729924620033962
    },
    "g08": {
      "accuracy": 0.7344262003898621,
      "auc": 0.9729770645568062
    },
    "g09": {
      "accuracy": 0.7344262003898621,
      "auc": 0.9729848941735901
    },
    "g10": {
      "accuracy": 0.7344262003898621,
      "auc": 0.972979693307098
    },
    "g11": {
      "accuracy": 0.7344262003898621,
      "auc": 0.9729921630867195
    },
    "g12": {
      "accuracy": 0.7344262003898621,
      "auc": 0.9730103260521925
    },
    "g13": {
      "accuracy": 0.7344262003898621,
      "auc": 0.9729771954502952
    },
    "g14": {
      "accuracy": 0.7344262003898621,
      "auc": 0.9729794627747168
    },
    "g15": {
      "accuracy": 0.7344262003898621,
      "auc": 0.9729972643143195
    },
    "g16": {
      "accuracy": 0.7344262003898621,
      "auc": 0.972987261136904
    },
    "g17": {
      "accuracy": 0.7344262003898621,
      "auc": 0.9729874604146885
    },
    "g18": {
      "accuracy": 0.7344262003898621,
      "auc": 0.9729796307979044
    },
    "g19": {
      "accuracy": 0.7344262003898621,
      "auc": 0.9729770645568062
    },
    "g20": {
      "accuracy": 0.7344262003898621,
      "auc": 0.9729845952569135
    },
    "g21": {
      "accuracy": 0.7344262003898621,
      "auc": 0.9729924248736975
    },
    "g22": {
      "accuracy": 0.7344262003898621,
      "auc": 0.9729822282935996
    },
    "g23": {
      "accuracy": 0.7344262003898621,
      "auc": 0.9729847945346979
    },
    "mean_auc": 0.9729867536945235,
    "std_auc": 8.192422123669526e-06,
    "mean_accuracy": 0.7344262003898621,
    "std_accuracy": 0.0
  },
  "wall_time_s": 248.04846692085266,
  "epochs_run": 77,
  "peak_train_alloc_bytes": 1688434688,
  "peak_train_reserved_bytes": 2229272576,
  "gpu_name": "NVIDIA A100-SXM4-80GB",
  "cuda_total_memory_bytes": 85095874560,
  "git_sha": "5fb3903a1c11765c007a1686e1c9acd77b6024db",
  "argv": [
    "--model",
    "bispectrum",
    "--channels",
    "4",
    "8",
    "--head_dim",
    "64",
    "--train_mode",
    "C",
    "--seed",
    "101112",
    "--batch_size",
    "16",
    "--output_dir",
    "/home/johmathe/bispectrum/paper/experiments/normalized_results/organ3d/n_full",
    "--data_dir",
    "./organ3d_data",
    "--subset_dir",
    "/home/johmathe/bispectrum/paper/experiments/normalized_results/subsets",
    "--patience",
    "15",
    "--epochs",
    "100"
  ]
}