{
  "dataset": "organ3d",
  "model": "bispectrum",
  "train_mode": "C",
  "seed": 789,
  "channels": [
    4,
    8
  ],
  "head_dim": 64,
  "n_params": 463167,
  "invariant_dim": 64,
  "raw_invariant_dim": 1376,
  "projected_dim": 64,
  "train_size": 100,
  "train_examples": 100,
  "best_val_auc": 0.9518684522279087,
  "test": {
    "loss": 1.4610664117531698,
    "accuracy": 0.46393442153930664,
    "auc": 0.9058398183844574
  },
  "test_c": {
    "loss": 1.4610664117531698,
    "accuracy": 0.46393442153930664,
    "auc": 0.9058398183844574
  },
  "test_r": {
    "loss": 0.0,
    "accuracy": 0.46393442153930664,
    "auc": 0.9058467921811308
  },
  "rotation_robustness": {
    "g00": {
      "accuracy": 0.46393442153930664,
      "auc": 0.905862039027808
    },
    "g01": {
      "accuracy": 0.46393442153930664,
      "auc": 0.9058596036801987
    },
    "g02": {
      "accuracy": 0.46393442153930664,
      "auc": 0.9058576487007796
    },
    "g03": {
      "accuracy": 0.46393442153930664,
      "auc": 0.9058471244272854
    },
    "g04": {
      "accuracy": 0.46393442153930664,
      "auc": 0.9058365412427875
    },
    "g05": {
      "accuracy": 0.46393442153930664,
      "auc": 0.9058553129920626
    },
    "g06": {
      "accuracy": 0.46393442153930664,
      "auc": 0.9058425155190446
    },
    "g07": {
      "accuracy": 0.46393442153930664,
      "auc": 0.9058544399434052
    },
    "g08": {
      "accuracy": 0.46393442153930664,
      "auc": 0.9058424128981882
    },
    "g09": {
      "accuracy": 0.46393442153930664,
      "auc": 0.9058449196120573
    },
    "g10": {
      "accuracy": 0.46393442153930664,
      "auc": 0.9058442554033026
    },
    "g11": {
      "accuracy": 0.46393442153930664,
      "auc": 0.905847769836699
    },
    "g12": {
      "accuracy": 0.46393442153930664,
      "auc": 0.9058420886020166
    },
    "g13": {
      "accuracy": 0.46393442153930664,
      "auc": 0.9058368060117297
    },
    "g14": {
      "accuracy": 0.46393442153930664,
      "auc": 0.9058528993369316
    },
    "g15": {
      "accuracy": 0.46393442153930664,
      "auc": 0.9058474516165945
    },
    "g16": {
      "accuracy": 0.46393442153930664,
      "auc": 0.9058420573474198
    },
    "g17": {
      "accuracy": 0.46393442153930664,
      "auc": 0.9058423533709589
    },
    "g18": {
      "accuracy": 0.46393442153930664,
      "auc": 0.9058441557644105
    },
    "g19": {
      "accuracy": 0.46393442153930664,
      "auc": 0.905852235128177
    },
    "g20": {
      "accuracy": 0.46393442153930664,
      "auc": 0.9058478977482239
    },
    "g21": {
      "accuracy": 0.46393442153930664,
      "auc": 0.9058440561255182
    },
    "g22": {
      "accuracy": 0.46393442153930664,
      "auc": 0.9058366096270828
    },
    "g23": {
      "accuracy": 0.46393442153930664,
      "auc": 0.9058398183844574
    },
    "mean_auc": 0.9058467921811308,
    "std_auc": 7.0664082616247774e-06,
    "mean_accuracy": 0.46393442153930664,
    "std_accuracy": 0.0
  },
  "wall_time_s": 42.96137833595276,
  "epochs_run": 84,
  "peak_train_alloc_bytes": 1688434688,
  "peak_train_reserved_bytes": 2237661184,
  "gpu_name": "NVIDIA A100-SXM4-80GB",
  "cuda_total_memory_bytes": 85095874560,
  "git_sha": "5fb3903a1c11765c007a1686e1c9acd77b6024db",
  "argv": [
    "--model",
    "bispectrum",
    "--channels",
    "4",
    "8",
    "--head_dim",
    "64",
    "--train_mode",
    "C",
    "--seed",
    "789",
    "--batch_size",
    "16",
    "--output_dir",
    "/home/johmathe/bispectrum/paper/experiments/normalized_results/organ3d/n_100",
    "--data_dir",
    "./organ3d_data",
    "--subset_dir",
    "/home/johmathe/bispectrum/paper/experiments/normalized_results/subsets",
    "--patience",
    "15",
    "--epochs",
    "100",
    "--train_size",
    "100"
  ]
}