{
  "dataset": "pcam",
  "model": "bispectrum",
  "group": "c8",
  "seed": 123,
  "train_mode": "R",
  "geometry_group": "c8",
  "growth_rate": 4,
  "n_params": 128345,
  "invariant_dim": 544,
  "train_size": 2500,
  "train_examples": 2500,
  "best_val_auc": 0.8957253006778384,
  "test": {
    "loss": 0.4715603133663535,
    "accuracy": 0.771453857421875,
    "auc": 0.8693491205502559
  },
  "test_c": {
    "loss": 0.4715603133663535,
    "accuracy": 0.771453857421875,
    "auc": 0.8693491205502559
  },
  "test_r": {
    "loss": 0.0,
    "accuracy": 0.7723274230957031,
    "auc": 0.8732681355071762
  },
  "rotation_robustness": {
    "g00": {
      "accuracy": 0.771453857421875,
      "auc": 0.8693491205502559
    },
    "g01": {
      "accuracy": 0.771942138671875,
      "auc": 0.8768959379490501
    },
    "g02": {
      "accuracy": 0.77313232421875,
      "auc": 0.869739672605857
    },
    "g03": {
      "accuracy": 0.771942138671875,
      "auc": 0.8768948017353017
    },
    "g04": {
      "accuracy": 0.77313232421875,
      "auc": 0.8697385922714733
    },
    "g05": {
      "accuracy": 0.771942138671875,
      "auc": 0.8768941386335075
    },
    "g06": {
      "accuracy": 0.77313232421875,
      "auc": 0.8697387003049117
    },
    "g07": {
      "accuracy": 0.771942138671875,
      "auc": 0.8768941200070526
    },
    "mean_auc": 0.8732681355071762,
    "std_auc": 0.0036285781948862195,
    "mean_accuracy": 0.7723274230957031,
    "std_accuracy": 0.0006423093870086507
  }
}