{
  "dataset": "organ3d",
  "model": "max_pool",
  "train_mode": "R",
  "seed": 789,
  "channels": [
    4,
    8
  ],
  "head_dim": 64,
  "n_params": 374423,
  "invariant_dim": 8,
  "raw_invariant_dim": 8,
  "projected_dim": 8,
  "train_size": 100,
  "train_examples": 100,
  "best_val_auc": 0.8494866550652801,
  "test": {
    "loss": 1.9731397284836065,
    "accuracy": 0.31475409865379333,
    "auc": 0.8172958033064656
  },
  "test_c": {
    "loss": 1.9731397284836065,
    "accuracy": 0.31475409865379333,
    "auc": 0.8172958033064656
  },
  "test_r": {
    "loss": 0.0,
    "accuracy": 0.31475409865379333,
    "auc": 0.817305497542645
  },
  "rotation_robustness": {
    "g00": {
      "accuracy": 0.31475409865379333,
      "auc": 0.8173060370162623
    },
    "g01": {
      "accuracy": 0.31475409865379333,
      "auc": 0.8173010041729577
    },
    "g02": {
      "accuracy": 0.31475409865379333,
      "auc": 0.8173085036184683
    },
    "g03": {
      "accuracy": 0.31475409865379333,
      "auc": 0.8173061366551544
    },
    "g04": {
      "accuracy": 0.31475409865379333,
      "auc": 0.8173060057616653
    },
    "g05": {
      "accuracy": 0.31475409865379333,
      "auc": 0.8172986372096438
    },
    "g06": {
      "accuracy": 0.31475409865379333,
      "auc": 0.8173034707751637
    },
    "g07": {
      "accuracy": 0.31475409865379333,
      "auc": 0.8173061366551544
    },
    "g08": {
      "accuracy": 0.31475409865379333,
      "auc": 0.8173084411092748
    },
    "g09": {
      "accuracy": 0.31475409865379333,
      "auc": 0.8173159405547853
    },
    "g10": {
      "accuracy": 0.31475409865379333,
      "auc": 0.8173060370162623
    },
    "g11": {
      "accuracy": 0.31475409865379333,
      "auc": 0.8173010041729577
    },
    "g12": {
      "accuracy": 0.31475409865379333,
      "auc": 0.8173134739525793
    },
    "g13": {
      "accuracy": 0.31475409865379333,
      "auc": 0.8173060712528231
    },
    "g14": {
      "accuracy": 0.31475409865379333,
      "auc": 0.8173036700529482
    },
    "g15": {
      "accuracy": 0.31475409865379333,
      "auc": 0.8172959029453577
    },
    "g16": {
      "accuracy": 0.31475409865379333,
      "auc": 0.8173110386049699
    },
    "g17": {
      "accuracy": 0.31475409865379333,
      "auc": 0.817313505207176
    },
    "g18": {
      "accuracy": 0.31475409865379333,
      "auc": 0.81730110381185
    },
    "g19": {
      "accuracy": 0.31475409865379333,
      "auc": 0.8173060370162623
    },
    "g20": {
      "accuracy": 0.31475409865379333,
      "auc": 0.8173034707751637
    },
    "g21": {
      "accuracy": 0.31475409865379333,
      "auc": 0.817303570414056
    },
    "g22": {
      "accuracy": 0.31475409865379333,
      "auc": 0.8173109389660776
    },
    "g23": {
      "accuracy": 0.31475409865379333,
      "auc": 0.8172958033064656
    },
    "mean_auc": 0.817305497542645,
    "std_auc": 5.103702540317654e-06,
    "mean_accuracy": 0.31475409865379333,
    "std_accuracy": 0.0
  },
  "wall_time_s": 32.36389398574829,
  "epochs_run": 73,
  "peak_train_alloc_bytes": 2699536896,
  "peak_train_reserved_bytes": 3646947328,
  "gpu_name": "NVIDIA A100-SXM4-80GB",
  "cuda_total_memory_bytes": 85095874560,
  "git_sha": "5fb3903a1c11765c007a1686e1c9acd77b6024db",
  "argv": [
    "--model",
    "max_pool",
    "--channels",
    "4",
    "8",
    "--head_dim",
    "64",
    "--train_mode",
    "R",
    "--seed",
    "789",
    "--batch_size",
    "32",
    "--output_dir",
    "/home/johmathe/bispectrum/paper/experiments/normalized_results/organ3d/n_100",
    "--data_dir",
    "./organ3d_data",
    "--subset_dir",
    "/home/johmathe/bispectrum/paper/experiments/normalized_results/subsets",
    "--patience",
    "15",
    "--epochs",
    "100",
    "--train_size",
    "100"
  ]
}