{
  "dataset": "organ3d",
  "model": "standard",
  "train_mode": "C",
  "seed": 456,
  "channels": [
    4,
    8
  ],
  "head_dim": 64,
  "n_params": 16071,
  "invariant_dim": 8,
  "raw_invariant_dim": 8,
  "projected_dim": 8,
  "train_size": null,
  "train_examples": 971,
  "best_val_auc": 0.9976225079673355,
  "test": {
    "loss": 0.5278148963803151,
    "accuracy": 0.8754098415374756,
    "auc": 0.9909350454694864
  },
  "test_c": {
    "loss": 0.5278148963803151,
    "accuracy": 0.8754098415374756,
    "auc": 0.9909350454694864
  },
  "test_r": {
    "loss": 0.0,
    "accuracy": 0.35806010973950225,
    "auc": 0.7738545008372664
  },
  "rotation_robustness": {
    "g00": {
      "accuracy": 0.3360655605792999,
      "auc": 0.7899833161607485
    },
    "g01": {
      "accuracy": 0.29016393423080444,
      "auc": 0.7362550762731807
    },
    "g02": {
      "accuracy": 0.2327868789434433,
      "auc": 0.7099455632448985
    },
    "g03": {
      "accuracy": 0.3655737638473511,
      "auc": 0.8255982726918861
    },
    "g04": {
      "accuracy": 0.35245901346206665,
      "auc": 0.8165832407676296
    },
    "g05": {
      "accuracy": 0.20655737817287445,
      "auc": 0.6941579483022777
    },
    "g06": {
      "accuracy": 0.2114754170179367,
      "auc": 0.6570864010030119
    },
    "g07": {
      "accuracy": 0.4836065471172333,
      "auc": 0.8928297498227039
    },
    "g08": {
      "accuracy": 0.2393442690372467,
      "auc": 0.6959520891190834
    },
    "g09": {
      "accuracy": 0.24754098057746887,
      "auc": 0.6875165877863724
    },
    "g10": {
      "accuracy": 0.15081967413425446,
      "auc": 0.6579386375560768
    },
    "g11": {
      "accuracy": 0.30655738711357117,
      "auc": 0.7313783889625295
    },
    "g12": {
      "accuracy": 0.2737704813480377,
      "auc": 0.7111301481097656
    },
    "g13": {
      "accuracy": 0.2819672226905823,
      "auc": 0.7086223879952747
    },
    "g14": {
      "accuracy": 0.15737704932689667,
      "auc": 0.656780843996478
    },
    "g15": {
      "accuracy": 0.32786884903907776,
      "auc": 0.7671915671212485
    },
    "g16": {
      "accuracy": 0.4852459132671356,
      "auc": 0.8807451736550701
    },
    "g17": {
      "accuracy": 0.25081968307495117,
      "auc": 0.7078617862260883
    },
    "g18": {
      "accuracy": 0.26229506731033325,
      "auc": 0.7140157600837056
    },
    "g19": {
      "accuracy": 0.43278688192367554,
      "auc": 0.8537735377369043
    },
    "g20": {
      "accuracy": 0.6213114857673645,
      "auc": 0.9344720657954504
    },
    "g21": {
      "accuracy": 0.5836065411567688,
      "auc": 0.8652504609160053
    },
    "g22": {
      "accuracy": 0.6180328130722046,
      "auc": 0.886503971298518
    },
    "g23": {
      "accuracy": 0.8754098415374756,
      "auc": 0.9909350454694864
    },
    "mean_auc": 0.7738545008372664,
    "std_auc": 0.09460889206218838,
    "mean_accuracy": 0.35806010973950225,
    "std_accuracy": 0.17138004188630254
  },
  "wall_time_s": 37.11046552658081,
  "epochs_run": 76,
  "peak_train_alloc_bytes": 199376896,
  "peak_train_reserved_bytes": 308281344,
  "gpu_name": "NVIDIA A100-SXM4-80GB",
  "cuda_total_memory_bytes": 85095874560,
  "git_sha": "5fb3903a1c11765c007a1686e1c9acd77b6024db",
  "argv": [
    "--model",
    "standard",
    "--channels",
    "4",
    "8",
    "--head_dim",
    "64",
    "--train_mode",
    "C",
    "--seed",
    "456",
    "--batch_size",
    "64",
    "--output_dir",
    "/home/johmathe/bispectrum/paper/experiments/normalized_results/organ3d/n_full",
    "--data_dir",
    "./organ3d_data",
    "--subset_dir",
    "/home/johmathe/bispectrum/paper/experiments/normalized_results/subsets",
    "--patience",
    "15",
    "--epochs",
    "100"
  ]
}