{
  "dataset": "pcam",
  "model": "bispectrum",
  "group": "c8",
  "seed": 789,
  "train_mode": "R",
  "geometry_group": "c8",
  "growth_rate": 4,
  "n_params": 128345,
  "invariant_dim": 544,
  "train_size": 500,
  "train_examples": 500,
  "best_val_auc": 0.8753601981552116,
  "test": {
    "loss": 0.5090157635277137,
    "accuracy": 0.760589599609375,
    "auc": 0.8722420734907002
  },
  "test_c": {
    "loss": 0.5090157635277137,
    "accuracy": 0.760589599609375,
    "auc": 0.8722420734907002
  },
  "test_r": {
    "loss": 0.0,
    "accuracy": 0.7501068115234375,
    "auc": 0.8668512039844282
  },
  "rotation_robustness": {
    "g00": {
      "accuracy": 0.760589599609375,
      "auc": 0.8722420734907002
    },
    "g01": {
      "accuracy": 0.740814208984375,
      "auc": 0.8614287384227223
    },
    "g02": {
      "accuracy": 0.759002685546875,
      "auc": 0.8722835881333643
    },
    "g03": {
      "accuracy": 0.740814208984375,
      "auc": 0.8614263244341682
    },
    "g04": {
      "accuracy": 0.759002685546875,
      "auc": 0.8722848696334609
    },
    "g05": {
      "accuracy": 0.740814208984375,
      "auc": 0.8614279598369078
    },
    "g06": {
      "accuracy": 0.759002685546875,
      "auc": 0.8722866391466756
    },
    "g07": {
      "accuracy": 0.740814208984375,
      "auc": 0.8614294387774263
    },
    "mean_auc": 0.8668512039844282,
    "std_auc": 0.005423104684010858,
    "mean_accuracy": 0.7501068115234375,
    "std_accuracy": 0.009305296998035895
  },
  "wall_time_s": 396.8487026691437,
  "epochs_run": 16,
  "peak_train_alloc_bytes": 15480596480,
  "peak_train_reserved_bytes": 18186502144,
  "gpu_name": "NVIDIA A100-SXM4-80GB",
  "cuda_total_memory_bytes": 85095874560,
  "git_sha": "4f6f1351fe12ab869087e096175e97d4ada5c7e0",
  "argv": [
    "--model",
    "bispectrum",
    "--group",
    "c8",
    "--geometry_group",
    "c8",
    "--growth_rate",
    "4",
    "--train_mode",
    "R",
    "--seed",
    "789",
    "--batch_size",
    "128",
    "--output_dir",
    "/home/johmathe/bispectrum/paper/experiments/normalized_results/pcam/n_500",
    "--data_dir",
    "./pcam_data",
    "--subset_dir",
    "/home/johmathe/bispectrum/paper/experiments/normalized_results/subsets",
    "--patience",
    "10",
    "--epochs",
    "50",
    "--train_size",
    "500"
  ]
}