{
  "dataset": "pcam",
  "model": "fourier_elu",
  "group": "c8",
  "seed": 456,
  "train_mode": "C",
  "geometry_group": "c8",
  "growth_rate": 4,
  "n_params": 109815,
  "invariant_dim": 34,
  "train_size": 100,
  "train_examples": 100,
  "best_val_auc": 0.8524456612775988,
  "test": {
    "loss": 0.5708248385344632,
    "accuracy": 0.69793701171875,
    "auc": 0.803048977067321
  },
  "test_c": {
    "loss": 0.5708248385344632,
    "accuracy": 0.69793701171875,
    "auc": 0.803048977067321
  },
  "test_r": {
    "loss": 0.0,
    "accuracy": 0.6830902099609375,
    "auc": 0.7825182898655393
  },
  "rotation_robustness": {
    "g00": {
      "accuracy": 0.69793701171875,
      "auc": 0.803048977067321
    },
    "g01": {
      "accuracy": 0.66998291015625,
      "auc": 0.7626260495509074
    },
    "g02": {
      "accuracy": 0.69561767578125,
      "auc": 0.8021889340402848
    },
    "g03": {
      "accuracy": 0.66998291015625,
      "auc": 0.762635288272534
    },
    "g04": {
      "accuracy": 0.69561767578125,
      "auc": 0.8021895487132963
    },
    "g05": {
      "accuracy": 0.66998291015625,
      "auc": 0.7626335485616471
    },
    "g06": {
      "accuracy": 0.69561767578125,
      "auc": 0.8021914411611133
    },
    "g07": {
      "accuracy": 0.66998291015625,
      "auc": 0.76263253155721
    },
    "mean_auc": 0.7825182898655393,
    "std_auc": 0.01988817476254224,
    "mean_accuracy": 0.6830902099609375,
    "std_accuracy": 0.01312652350563984
  },
  "wall_time_s": 1973.384332895279,
  "epochs_run": 30,
  "peak_train_alloc_bytes": 21284495872,
  "peak_train_reserved_bytes": 27646754816,
  "gpu_name": "NVIDIA A100-SXM4-80GB",
  "cuda_total_memory_bytes": 85095874560,
  "git_sha": "5fb3903a1c11765c007a1686e1c9acd77b6024db",
  "argv": [
    "--model",
    "fourier_elu",
    "--group",
    "c8",
    "--geometry_group",
    "c8",
    "--growth_rate",
    "4",
    "--train_mode",
    "C",
    "--seed",
    "456",
    "--batch_size",
    "64",
    "--output_dir",
    "/home/johmathe/bispectrum/paper/experiments/normalized_results/pcam/n_100",
    "--data_dir",
    "./pcam_data",
    "--subset_dir",
    "/home/johmathe/bispectrum/paper/experiments/normalized_results/subsets",
    "--patience",
    "10",
    "--epochs",
    "50",
    "--train_size",
    "100"
  ]
}