{
  "dataset": "pcam",
  "model": "gate",
  "group": "c8",
  "seed": 456,
  "train_mode": "C",
  "geometry_group": "c8",
  "growth_rate": 3,
  "n_params": 135682,
  "invariant_dim": 27,
  "train_size": 100,
  "train_examples": 100,
  "best_val_auc": 0.8528402629832148,
  "test": {
    "loss": 0.5578443658305332,
    "accuracy": 0.69415283203125,
    "auc": 0.8164969571245868
  },
  "test_c": {
    "loss": 0.5578443658305332,
    "accuracy": 0.69415283203125,
    "auc": 0.8164969571245868
  },
  "test_r": {
    "loss": 0.0,
    "accuracy": 0.6825408935546875,
    "auc": 0.8041729932817693
  },
  "rotation_robustness": {
    "g00": {
      "accuracy": 0.69415283203125,
      "auc": 0.8164969571245868
    },
    "g01": {
      "accuracy": 0.672882080078125,
      "auc": 0.7923251160380642
    },
    "g02": {
      "accuracy": 0.691558837890625,
      "auc": 0.8158579318860123
    },
    "g03": {
      "accuracy": 0.672882080078125,
      "auc": 0.7923282601836501
    },
    "g04": {
      "accuracy": 0.691558837890625,
      "auc": 0.8158600031477964
    },
    "g05": {
      "accuracy": 0.672882080078125,
      "auc": 0.7923269488812257
    },
    "g06": {
      "accuracy": 0.6915283203125,
      "auc": 0.8158604613585867
    },
    "g07": {
      "accuracy": 0.672882080078125,
      "auc": 0.792328267634232
    },
    "mean_auc": 0.8041729932817693,
    "std_auc": 0.011847453184080878,
    "mean_accuracy": 0.6825408935546875,
    "std_accuracy": 0.009691673656435409
  },
  "wall_time_s": 1207.2718267440796,
  "epochs_run": 42,
  "peak_train_alloc_bytes": 15563849728,
  "peak_train_reserved_bytes": 30016536576,
  "gpu_name": "NVIDIA A100-SXM4-80GB",
  "cuda_total_memory_bytes": 85095874560,
  "git_sha": "5fb3903a1c11765c007a1686e1c9acd77b6024db",
  "argv": [
    "--model",
    "gate",
    "--group",
    "c8",
    "--geometry_group",
    "c8",
    "--growth_rate",
    "3",
    "--train_mode",
    "C",
    "--seed",
    "456",
    "--batch_size",
    "128",
    "--output_dir",
    "/home/johmathe/bispectrum/paper/experiments/normalized_results/pcam/n_100",
    "--data_dir",
    "./pcam_data",
    "--subset_dir",
    "/home/johmathe/bispectrum/paper/experiments/normalized_results/subsets",
    "--patience",
    "10",
    "--epochs",
    "50",
    "--train_size",
    "100"
  ]
}