{
  "dataset": "spherical_mnist",
  "model": "standard",
  "base_model": "standard",
  "train_mode": "R",
  "test_rotation_seed": 777,
  "seed": 42,
  "lmax": 15,
  "n_params": 184778,
  "invariant_dim": null,
  "train_size": 2500,
  "train_examples": 2500,
  "best_val_accuracy": 0.3966,
  "test_c": {
    "loss": 1.7243009185791016,
    "accuracy": 0.3746
  },
  "test": {
    "loss": 1.7243009185791016,
    "accuracy": 0.3746
  },
  "test_nr": {
    "loss": 1.7243009185791016,
    "accuracy": 0.3746
  },
  "test_r": {
    "loss": 1.63735966796875,
    "accuracy": 0.4011
  },
  "rotation_robustness": {
    "rot_00": 0.376,
    "rot_01": 0.3543,
    "rot_02": 0.4318,
    "rot_03": 0.3457,
    "rot_04": 0.4592,
    "rot_05": 0.4825,
    "rot_06": 0.3982,
    "rot_07": 0.3319,
    "rot_08": 0.3723,
    "rot_09": 0.3596,
    "mean_accuracy": 0.39115,
    "std_accuracy": 0.04815826512655953
  }
}