{
  "dataset": "pcam",
  "model": "gate",
  "group": "c8",
  "seed": 123,
  "train_mode": "R",
  "geometry_group": "c8",
  "growth_rate": 3,
  "n_params": 135682,
  "invariant_dim": 27,
  "train_size": 500,
  "train_examples": 500,
  "best_val_auc": 0.8665003998674079,
  "test": {
    "loss": 0.5116131165996194,
    "accuracy": 0.756195068359375,
    "auc": 0.8380268926297044
  },
  "test_c": {
    "loss": 0.5116131165996194,
    "accuracy": 0.756195068359375,
    "auc": 0.8380268926297044
  },
  "test_r": {
    "loss": 0.0,
    "accuracy": 0.7449607849121094,
    "auc": 0.8380524262397322
  },
  "rotation_robustness": {
    "g00": {
      "accuracy": 0.756195068359375,
      "auc": 0.8380268926297044
    },
    "g01": {
      "accuracy": 0.7327880859375,
      "auc": 0.8379180135502765
    },
    "g02": {
      "accuracy": 0.7574462890625,
      "auc": 0.8382397296791775
    },
    "g03": {
      "accuracy": 0.7327880859375,
      "auc": 0.837918624497997
    },
    "g04": {
      "accuracy": 0.7574462890625,
      "auc": 0.8382397892838331
    },
    "g05": {
      "accuracy": 0.7327880859375,
      "auc": 0.8379182966723909
    },
    "g06": {
      "accuracy": 0.7574462890625,
      "auc": 0.8382394353811903
    },
    "g07": {
      "accuracy": 0.7327880859375,
      "auc": 0.837918628223288
    },
    "mean_auc": 0.8380524262397322,
    "std_auc": 0.00014902776594077037,
    "mean_accuracy": 0.7449607849121094,
    "std_accuracy": 0.012178726162593911
  }
}