{
  "dataset": "pcam",
  "model": "norm",
  "group": "c8",
  "seed": 123,
  "train_mode": "C",
  "geometry_group": "c8",
  "growth_rate": 4,
  "n_params": 110093,
  "invariant_dim": 34,
  "train_size": 500,
  "train_examples": 500,
  "best_val_auc": 0.8682506432995004,
  "test": {
    "loss": 0.4773098404984921,
    "accuracy": 0.779052734375,
    "auc": 0.8547747838644848
  },
  "test_c": {
    "loss": 0.4773098404984921,
    "accuracy": 0.779052734375,
    "auc": 0.8547747838644848
  },
  "test_r": {
    "loss": 0.0,
    "accuracy": 0.7248306274414062,
    "auc": 0.8459359112227696
  },
  "rotation_robustness": {
    "g00": {
      "accuracy": 0.779052734375,
      "auc": 0.8547747838644848
    },
    "g01": {
      "accuracy": 0.67156982421875,
      "auc": 0.8372357376834421
    },
    "g02": {
      "accuracy": 0.77777099609375,
      "auc": 0.8545910599640084
    },
    "g03": {
      "accuracy": 0.67156982421875,
      "auc": 0.8372385875310405
    },
    "g04": {
      "accuracy": 0.77777099609375,
      "auc": 0.8545892047691012
    },
    "g05": {
      "accuracy": 0.67156982421875,
      "auc": 0.8372317106438943
    },
    "g06": {
      "accuracy": 0.77777099609375,
      "auc": 0.8545901733447555
    },
    "g07": {
      "accuracy": 0.67156982421875,
      "auc": 0.8372360319814294
    },
    "mean_auc": 0.8459359112227696,
    "std_auc": 0.00870057811964796,
    "mean_accuracy": 0.7248306274414062,
    "std_accuracy": 0.053262249083129105
  }
}