{
  "dataset": "pcam",
  "model": "gate",
  "group": "c8",
  "seed": 123,
  "train_mode": "R",
  "geometry_group": "c8",
  "growth_rate": 3,
  "n_params": 135682,
  "invariant_dim": 27,
  "train_size": null,
  "train_examples": 262144,
  "best_val_auc": 0.9695658875715908,
  "test": {
    "loss": 0.27554301562486216,
    "accuracy": 0.887359619140625,
    "auc": 0.9620224019106391
  },
  "test_c": {
    "loss": 0.27554301562486216,
    "accuracy": 0.887359619140625,
    "auc": 0.9620224019106391
  },
  "test_r": {
    "loss": 0.0,
    "accuracy": 0.8819580078125,
    "auc": 0.9571680306502934
  },
  "rotation_robustness": {
    "g00": {
      "accuracy": 0.887359619140625,
      "auc": 0.9620224019106391
    },
    "g01": {
      "accuracy": 0.875701904296875,
      "auc": 0.9522435019162729
    },
    "g02": {
      "accuracy": 0.88848876953125,
      "auc": 0.9621236068906514
    },
    "g03": {
      "accuracy": 0.875701904296875,
      "auc": 0.9522409873448624
    },
    "g04": {
      "accuracy": 0.88848876953125,
      "auc": 0.9620999810952658
    },
    "g05": {
      "accuracy": 0.875732421875,
      "auc": 0.9522409985207354
    },
    "g06": {
      "accuracy": 0.88848876953125,
      "auc": 0.9621211630997695
    },
    "g07": {
      "accuracy": 0.875701904296875,
      "auc": 0.9522516044241511
    },
    "mean_auc": 0.9571680306502934,
    "std_auc": 0.004923844330012496,
    "mean_accuracy": 0.8819580078125,
    "std_accuracy": 0.006258038477442871
  }
}