{
  "model": "norm",
  "group": "c8",
  "seed": 42,
  "growth_rate": 4,
  "n_params": 110093,
  "train_fraction": 0.1,
  "best_val_auc": 0.962642101922903,
  "test": {
    "loss": 0.28062732331454754,
    "accuracy": 0.88665771484375,
    "auc": 0.954212359176597
  },
  "rotation_robustness": {
    "mean_auc": 0.0,
    "std_auc": 0.0
  }
}