{
  "dataset": "organ3d",
  "model": "standard",
  "train_mode": "R",
  "seed": 789,
  "channels": [
    4,
    8
  ],
  "head_dim": 64,
  "n_params": 16071,
  "invariant_dim": 8,
  "raw_invariant_dim": 8,
  "projected_dim": 8,
  "train_size": 100,
  "train_examples": 100,
  "best_val_auc": 0.8313280887066472,
  "test": {
    "loss": 2.1375576331967214,
    "accuracy": 0.34590163826942444,
    "auc": 0.7753869150158949
  },
  "test_c": {
    "loss": 2.1375576331967214,
    "accuracy": 0.34590163826942444,
    "auc": 0.7753869150158949
  },
  "test_r": {
    "loss": 0.0,
    "accuracy": 0.3436475433409214,
    "auc": 0.7695272290486228
  },
  "rotation_robustness": {
    "g00": {
      "accuracy": 0.36229509115219116,
      "auc": 0.7738883686425726
    },
    "g01": {
      "accuracy": 0.33770492672920227,
      "auc": 0.7762117129699561
    },
    "g02": {
      "accuracy": 0.33442622423171997,
      "auc": 0.771255340413828
    },
    "g03": {
      "accuracy": 0.3475409746170044,
      "auc": 0.7818344740326875
    },
    "g04": {
      "accuracy": 0.3540983498096466,
      "auc": 0.776721023759874
    },
    "g05": {
      "accuracy": 0.3295081853866577,
      "auc": 0.7616184826649198
    },
    "g06": {
      "accuracy": 0.3508196771144867,
      "auc": 0.7670627637805004
    },
    "g07": {
      "accuracy": 0.3262295126914978,
      "auc": 0.7739886066197053
    },
    "g08": {
      "accuracy": 0.35245901346206665,
      "auc": 0.7658064255529401
    },
    "g09": {
      "accuracy": 0.34918034076690674,
      "auc": 0.7668413857453128
    },
    "g10": {
      "accuracy": 0.3393442630767822,
      "auc": 0.7596354397806756
    },
    "g11": {
      "accuracy": 0.33114755153656006,
      "auc": 0.7681359246757239
    },
    "g12": {
      "accuracy": 0.33770492672920227,
      "auc": 0.7582175328953888
    },
    "g13": {
      "accuracy": 0.3442623019218445,
      "auc": 0.765315280721826
    },
    "g14": {
      "accuracy": 0.33114755153656006,
      "auc": 0.7584840009262731
    },
    "g15": {
      "accuracy": 0.34918034076690674,
      "auc": 0.7693511052718572
    },
    "g16": {
      "accuracy": 0.35573771595954895,
      "auc": 0.7768154213356883
    },
    "g17": {
      "accuracy": 0.33442622423171997,
      "auc": 0.7677116044961274
    },
    "g18": {
      "accuracy": 0.3573770523071289,
      "auc": 0.7727152089562719
    },
    "g19": {
      "accuracy": 0.3475409746170044,
      "auc": 0.7734967468726474
    },
    "g20": {
      "accuracy": 0.3426229655742645,
      "auc": 0.7735321049479961
    },
    "g21": {
      "accuracy": 0.3409835994243622,
      "auc": 0.7687897932810749
    },
    "g22": {
      "accuracy": 0.34590163826942444,
      "auc": 0.7658378338072073
    },
    "g23": {
      "accuracy": 0.34590163826942444,
      "auc": 0.7753869150158949
    },
    "mean_auc": 0.7695272290486228,
    "std_auc": 0.0061025024484307805,
    "mean_accuracy": 0.3436475433409214,
    "std_accuracy": 0.00936739237734089
  },
  "wall_time_s": 5.863234519958496,
  "epochs_run": 46,
  "peak_train_alloc_bytes": 198965248,
  "peak_train_reserved_bytes": 295698432,
  "gpu_name": "NVIDIA A100-SXM4-80GB",
  "cuda_total_memory_bytes": 85095874560,
  "git_sha": "5fb3903a1c11765c007a1686e1c9acd77b6024db",
  "argv": [
    "--model",
    "standard",
    "--channels",
    "4",
    "8",
    "--head_dim",
    "64",
    "--train_mode",
    "R",
    "--seed",
    "789",
    "--batch_size",
    "64",
    "--output_dir",
    "/home/johmathe/bispectrum/paper/experiments/normalized_results/organ3d/n_100",
    "--data_dir",
    "./organ3d_data",
    "--subset_dir",
    "/home/johmathe/bispectrum/paper/experiments/normalized_results/subsets",
    "--patience",
    "15",
    "--epochs",
    "100",
    "--train_size",
    "100"
  ]
}