{
  "dataset": "spherical_mnist",
  "model": "power_spectrum_matched",
  "base_model": "power_spectrum",
  "train_mode": "R",
  "test_rotation_seed": 777,
  "seed": 42,
  "lmax": 15,
  "n_params": 231906,
  "invariant_dim": 16,
  "train_size": 100,
  "train_examples": 100,
  "best_val_accuracy": 0.1689,
  "test_c": {
    "loss": 2.2895830078125,
    "accuracy": 0.1584
  },
  "test": {
    "loss": 2.2895830078125,
    "accuracy": 0.1584
  },
  "test_nr": {
    "loss": 2.2895830078125,
    "accuracy": 0.1584
  },
  "test_r": {
    "loss": 2.2896490234375,
    "accuracy": 0.158
  },
  "rotation_robustness": {
    "rot_00": 0.1579,
    "rot_01": 0.1579,
    "rot_02": 0.1579,
    "rot_03": 0.158,
    "rot_04": 0.158,
    "rot_05": 0.1579,
    "rot_06": 0.1579,
    "rot_07": 0.1579,
    "rot_08": 0.158,
    "rot_09": 0.158,
    "mean_accuracy": 0.15794000000000002,
    "std_accuracy": 4.898979485565817e-05
  }
}