{
  "dataset": "pcam",
  "model": "bispectrum",
  "group": "c8",
  "seed": 42,
  "train_mode": "R",
  "geometry_group": "c8",
  "growth_rate": 4,
  "n_params": 128345,
  "invariant_dim": 544,
  "train_size": null,
  "train_examples": 262144,
  "best_val_auc": 0.9658522803960856,
  "test": {
    "loss": 0.3378857381612761,
    "accuracy": 0.886383056640625,
    "auc": 0.950624523984647
  },
  "test_c": {
    "loss": 0.3378857381612761,
    "accuracy": 0.886383056640625,
    "auc": 0.950624523984647
  },
  "test_r": {
    "loss": 0.0,
    "accuracy": 0.8823509216308594,
    "auc": 0.948653898142431
  },
  "rotation_robustness": {
    "g00": {
      "accuracy": 0.886383056640625,
      "auc": 0.950624523984647
    },
    "g01": {
      "accuracy": 0.87823486328125,
      "auc": 0.9466437413749967
    },
    "g02": {
      "accuracy": 0.8865966796875,
      "auc": 0.9506394586761798
    },
    "g03": {
      "accuracy": 0.878204345703125,
      "auc": 0.9466386079240284
    },
    "g04": {
      "accuracy": 0.8865966796875,
      "auc": 0.9506973385221124
    },
    "g05": {
      "accuracy": 0.87823486328125,
      "auc": 0.9466490014858584
    },
    "g06": {
      "accuracy": 0.88629150390625,
      "auc": 0.9506994917402979
    },
    "g07": {
      "accuracy": 0.878265380859375,
      "auc": 0.946639021431327
    },
    "mean_auc": 0.948653898142431,
    "std_auc": 0.0020114479316736215,
    "mean_accuracy": 0.8823509216308594,
    "std_accuracy": 0.004117171850188297
  }
}