{
  "dataset": "pcam",
  "model": "norm",
  "group": "c8",
  "seed": 42,
  "train_mode": "R",
  "geometry_group": "c8",
  "growth_rate": 4,
  "n_params": 110093,
  "invariant_dim": 34,
  "train_size": null,
  "train_examples": 262144,
  "best_val_auc": 0.9651428429675835,
  "test": {
    "loss": 0.31670274297357537,
    "accuracy": 0.8797607421875,
    "auc": 0.9547216250798093
  },
  "test_c": {
    "loss": 0.31670274297357537,
    "accuracy": 0.8797607421875,
    "auc": 0.9547216250798093
  },
  "test_r": {
    "loss": 0.0,
    "accuracy": 0.8731689453125,
    "auc": 0.948697546445503
  },
  "rotation_robustness": {
    "g00": {
      "accuracy": 0.8797607421875,
      "auc": 0.9547216250798093
    },
    "g01": {
      "accuracy": 0.866790771484375,
      "auc": 0.942815848432394
    },
    "g02": {
      "accuracy": 0.879547119140625,
      "auc": 0.9545586957535747
    },
    "g03": {
      "accuracy": 0.866729736328125,
      "auc": 0.9427991740299744
    },
    "g04": {
      "accuracy": 0.879547119140625,
      "auc": 0.9545477247716431
    },
    "g05": {
      "accuracy": 0.86676025390625,
      "auc": 0.9427721805715443
    },
    "g06": {
      "accuracy": 0.879486083984375,
      "auc": 0.9545487194243344
    },
    "g07": {
      "accuracy": 0.866729736328125,
      "auc": 0.9428164035007498
    },
    "mean_auc": 0.948697546445503,
    "std_auc": 0.0058968887774214695,
    "mean_accuracy": 0.8731689453125,
    "std_accuracy": 0.006416769839800129
  }
}