{
  "dataset": "pcam",
  "model": "standard",
  "group": "c8",
  "seed": 456,
  "train_mode": "R",
  "geometry_group": "c8",
  "growth_rate": 12,
  "n_params": 101959,
  "invariant_dim": 90,
  "train_size": null,
  "train_examples": 262144,
  "best_val_auc": 0.9613458711759039,
  "test": {
    "loss": 0.38442619889974594,
    "accuracy": 0.86328125,
    "auc": 0.9209105190806666
  },
  "test_c": {
    "loss": 0.38442619889974594,
    "accuracy": 0.86328125,
    "auc": 0.9209105190806666
  },
  "test_r": {
    "loss": 0.0,
    "accuracy": 0.8563194274902344,
    "auc": 0.9149511440940428
  },
  "rotation_robustness": {
    "g00": {
      "accuracy": 0.86328125,
      "auc": 0.9209105190806666
    },
    "g01": {
      "accuracy": 0.85333251953125,
      "auc": 0.9089538735849403
    },
    "g02": {
      "accuracy": 0.8641357421875,
      "auc": 0.9252240111528953
    },
    "g03": {
      "accuracy": 0.848724365234375,
      "auc": 0.9075722302162621
    },
    "g04": {
      "accuracy": 0.859466552734375,
      "auc": 0.9189086408411093
    },
    "g05": {
      "accuracy": 0.849090576171875,
      "auc": 0.9079409371655655
    },
    "g06": {
      "accuracy": 0.865081787109375,
      "auc": 0.9242954190465642
    },
    "g07": {
      "accuracy": 0.847442626953125,
      "auc": 0.9058035216643384
    },
    "mean_auc": 0.9149511440940428,
    "std_auc": 0.007642486699391217,
    "mean_accuracy": 0.8563194274902344,
    "std_accuracy": 0.00701699330630665
  },
  "wall_time_s": 2916.1800587177277,
  "epochs_run": 15,
  "peak_train_alloc_bytes": 25105594368,
  "peak_train_reserved_bytes": 31302090752,
  "gpu_name": "NVIDIA A100-SXM4-80GB",
  "cuda_total_memory_bytes": 85095874560,
  "git_sha": "5fb3903a1c11765c007a1686e1c9acd77b6024db",
  "argv": [
    "--model",
    "standard",
    "--group",
    "c8",
    "--geometry_group",
    "c8",
    "--growth_rate",
    "12",
    "--train_mode",
    "R",
    "--seed",
    "456",
    "--batch_size",
    "1024",
    "--output_dir",
    "/home/johmathe/bispectrum/paper/experiments/normalized_results/pcam/n_full",
    "--data_dir",
    "./pcam_data",
    "--subset_dir",
    "/home/johmathe/bispectrum/paper/experiments/normalized_results/subsets",
    "--patience",
    "10",
    "--epochs",
    "50"
  ]
}