{
  "dataset": "pcam",
  "model": "fourier_elu",
  "group": "c8",
  "seed": 789,
  "train_mode": "C",
  "geometry_group": "c8",
  "growth_rate": 4,
  "n_params": 109815,
  "invariant_dim": 34,
  "train_size": 2500,
  "train_examples": 2500,
  "best_val_auc": 0.8904598852748953,
  "test": {
    "loss": 0.4458140645874664,
    "accuracy": 0.792510986328125,
    "auc": 0.8755665417863449
  },
  "test_c": {
    "loss": 0.4458140645874664,
    "accuracy": 0.792510986328125,
    "auc": 0.8755665417863449
  },
  "test_r": {
    "loss": 0.0,
    "accuracy": 0.78753662109375,
    "auc": 0.8688127471015774
  },
  "rotation_robustness": {
    "g00": {
      "accuracy": 0.792510986328125,
      "auc": 0.8755665417863449
    },
    "g01": {
      "accuracy": 0.782318115234375,
      "auc": 0.8620814429297697
    },
    "g02": {
      "accuracy": 0.7928466796875,
      "auc": 0.8755354169802197
    },
    "g03": {
      "accuracy": 0.782318115234375,
      "auc": 0.8620826163964279
    },
    "g04": {
      "accuracy": 0.7928466796875,
      "auc": 0.8755366612274066
    },
    "g05": {
      "accuracy": 0.78228759765625,
      "auc": 0.8620822066144203
    },
    "g06": {
      "accuracy": 0.7928466796875,
      "auc": 0.8755355697171499
    },
    "g07": {
      "accuracy": 0.782318115234375,
      "auc": 0.8620815211608802
    },
    "mean_auc": 0.8688127471015774,
    "std_auc": 0.006730806889862309,
    "mean_accuracy": 0.78753662109375,
    "std_accuracy": 0.005227154263465821
  },
  "wall_time_s": 2171.3601541519165,
  "epochs_run": 28,
  "peak_train_alloc_bytes": 21284495872,
  "peak_train_reserved_bytes": 27661434880,
  "gpu_name": "NVIDIA A100-SXM4-80GB",
  "cuda_total_memory_bytes": 85095874560,
  "git_sha": "4f6f1351fe12ab869087e096175e97d4ada5c7e0",
  "argv": [
    "--model",
    "fourier_elu",
    "--group",
    "c8",
    "--geometry_group",
    "c8",
    "--growth_rate",
    "4",
    "--train_mode",
    "C",
    "--seed",
    "789",
    "--batch_size",
    "64",
    "--output_dir",
    "/home/johmathe/bispectrum/paper/experiments/normalized_results/pcam/n_2500",
    "--data_dir",
    "./pcam_data",
    "--subset_dir",
    "/home/johmathe/bispectrum/paper/experiments/normalized_results/subsets",
    "--patience",
    "10",
    "--epochs",
    "50",
    "--train_size",
    "2500"
  ]
}