{
  "dataset": "organ3d",
  "model": "bispectrum",
  "train_mode": "R",
  "seed": 456,
  "channels": [
    4,
    8
  ],
  "head_dim": 64,
  "n_params": 463167,
  "invariant_dim": 64,
  "raw_invariant_dim": 1376,
  "projected_dim": 64,
  "train_size": 100,
  "train_examples": 100,
  "best_val_auc": 0.9498281129767734,
  "test": {
    "loss": 1.380698682441086,
    "accuracy": 0.48852458596229553,
    "auc": 0.9094759854855976
  },
  "test_c": {
    "loss": 1.380698682441086,
    "accuracy": 0.48852458596229553,
    "auc": 0.9094759854855976
  },
  "test_r": {
    "loss": 0.0,
    "accuracy": 0.48852458596229553,
    "auc": 0.9094706521715475
  },
  "rotation_robustness": {
    "g00": {
      "accuracy": 0.48852458596229553,
      "auc": 0.9094783489979644
    },
    "g01": {
      "accuracy": 0.48852458596229553,
      "auc": 0.9094525115683787
    },
    "g02": {
      "accuracy": 0.48852458596229553,
      "auc": 0.9094833789481314
    },
    "g03": {
      "accuracy": 0.48852458596229553,
      "auc": 0.9094805008661173
    },
    "g04": {
      "accuracy": 0.48852458596229553,
      "auc": 0.9094846948973255
    },
    "g05": {
      "accuracy": 0.48852458596229553,
      "auc": 0.9094879566017752
    },
    "g06": {
      "accuracy": 0.48852458596229553,
      "auc": 0.9094479427718007
    },
    "g07": {
      "accuracy": 0.48852458596229553,
      "auc": 0.9094655832836306
    },
    "g08": {
      "accuracy": 0.48852458596229553,
      "auc": 0.9094660506924778
    },
    "g09": {
      "accuracy": 0.48852458596229553,
      "auc": 0.9094674479502062
    },
    "g10": {
      "accuracy": 0.48852458596229553,
      "auc": 0.9094559820239045
    },
    "g11": {
      "accuracy": 0.48852458596229553,
      "auc": 0.9094721567334086
    },
    "g12": {
      "accuracy": 0.48852458596229553,
      "auc": 0.9094954685025418
    },
    "g13": {
      "accuracy": 0.48852458596229553,
      "auc": 0.9094783178321942
    },
    "g14": {
      "accuracy": 0.48852458596229553,
      "auc": 0.909448164447116
    },
    "g15": {
      "accuracy": 0.48852458596229553,
      "auc": 0.9094573100130942
    },
    "g16": {
      "accuracy": 0.48852458596229553,
      "auc": 0.9094775944763666
    },
    "g17": {
      "accuracy": 0.48852458596229553,
      "auc": 0.9094552181762577
    },
    "g18": {
      "accuracy": 0.48852458596229553,
      "auc": 0.909472957710754
    },
    "g19": {
      "accuracy": 0.48852458596229553,
      "auc": 0.909460846463865
    },
    "g20": {
      "accuracy": 0.48852458596229553,
      "auc": 0.9094833227830225
    },
    "g21": {
      "accuracy": 0.48852458596229553,
      "auc": 0.9094825743725959
    },
    "g22": {
      "accuracy": 0.48852458596229553,
      "auc": 0.9094653365186122
    },
    "g23": {
      "accuracy": 0.48852458596229553,
      "auc": 0.9094759854855976
    },
    "mean_auc": 0.9094706521715475,
    "std_auc": 1.2974073862502521e-05,
    "mean_accuracy": 0.48852458596229553,
    "std_accuracy": 0.0
  },
  "wall_time_s": 24.38907766342163,
  "epochs_run": 43,
  "peak_train_alloc_bytes": 1690033152,
  "peak_train_reserved_bytes": 2239758336,
  "gpu_name": "NVIDIA A100-SXM4-80GB",
  "cuda_total_memory_bytes": 85095874560,
  "git_sha": "5fb3903a1c11765c007a1686e1c9acd77b6024db",
  "argv": [
    "--model",
    "bispectrum",
    "--channels",
    "4",
    "8",
    "--head_dim",
    "64",
    "--train_mode",
    "R",
    "--seed",
    "456",
    "--batch_size",
    "16",
    "--output_dir",
    "/home/johmathe/bispectrum/paper/experiments/normalized_results/organ3d/n_100",
    "--data_dir",
    "./organ3d_data",
    "--subset_dir",
    "/home/johmathe/bispectrum/paper/experiments/normalized_results/subsets",
    "--patience",
    "15",
    "--epochs",
    "100",
    "--train_size",
    "100"
  ]
}