{
  "model": "bispectrum",
  "group": "c8",
  "seed": 42,
  "growth_rate": 4,
  "n_params": 128345,
  "train_fraction": 0.1,
  "best_val_auc": 0.9577572475946721,
  "test": {
    "loss": 0.37445879098959267,
    "accuracy": 0.87127685546875,
    "auc": 0.932479480994845
  },
  "rotation_robustness": {
    "mean_auc": 0.0,
    "std_auc": 0.0
  }
}