{
  "dataset": "pcam",
  "model": "bispectrum",
  "group": "c8",
  "seed": 123,
  "train_mode": "C",
  "geometry_group": "c8",
  "growth_rate": 4,
  "n_params": 128345,
  "invariant_dim": 544,
  "train_size": 12500,
  "train_examples": 12500,
  "best_val_auc": 0.9586832810332561,
  "test": {
    "loss": 0.3015057356969919,
    "accuracy": 0.8828125,
    "auc": 0.951459194054829
  },
  "test_c": {
    "loss": 0.3015057356969919,
    "accuracy": 0.8828125,
    "auc": 0.951459194054829
  },
  "test_r": {
    "loss": 0.0,
    "accuracy": 0.8760147094726562,
    "auc": 0.9460347661961002
  },
  "rotation_robustness": {
    "g00": {
      "accuracy": 0.8828125,
      "auc": 0.951459194054829
    },
    "g01": {
      "accuracy": 0.868988037109375,
      "auc": 0.9405646848964302
    },
    "g02": {
      "accuracy": 0.88311767578125,
      "auc": 0.951518720479374
    },
    "g03": {
      "accuracy": 0.868988037109375,
      "auc": 0.940565757780232
    },
    "g04": {
      "accuracy": 0.88311767578125,
      "auc": 0.9515105732680041
    },
    "g05": {
      "accuracy": 0.868988037109375,
      "auc": 0.9405667636087962
    },
    "g06": {
      "accuracy": 0.88311767578125,
      "auc": 0.9515263685017529
    },
    "g07": {
      "accuracy": 0.868988037109375,
      "auc": 0.9405660669793833
    },
    "mean_auc": 0.9460347661961002,
    "std_auc": 0.005468979532820476,
    "mean_accuracy": 0.8760147094726562,
    "std_accuracy": 0.007027293622016767
  }
}