{
  "dataset": "pcam",
  "model": "standard",
  "group": "c8",
  "seed": 456,
  "train_mode": "C",
  "geometry_group": "c8",
  "growth_rate": 12,
  "n_params": 101959,
  "invariant_dim": 90,
  "train_size": null,
  "train_examples": 262144,
  "best_val_auc": 0.952729677275484,
  "test": {
    "loss": 0.4759826008230448,
    "accuracy": 0.834320068359375,
    "auc": 0.9192677439902702
  },
  "test_c": {
    "loss": 0.4759826008230448,
    "accuracy": 0.834320068359375,
    "auc": 0.9192677439902702
  },
  "test_r": {
    "loss": 0.0,
    "accuracy": 0.7877883911132812,
    "auc": 0.8686755707118771
  },
  "rotation_robustness": {
    "g00": {
      "accuracy": 0.834320068359375,
      "auc": 0.9192677439902702
    },
    "g01": {
      "accuracy": 0.7825927734375,
      "auc": 0.8713868770672268
    },
    "g02": {
      "accuracy": 0.773773193359375,
      "auc": 0.8566367029219808
    },
    "g03": {
      "accuracy": 0.726043701171875,
      "auc": 0.7952986134947541
    },
    "g04": {
      "accuracy": 0.753570556640625,
      "auc": 0.8351489526119034
    },
    "g05": {
      "accuracy": 0.777252197265625,
      "auc": 0.8631887446949202
    },
    "g06": {
      "accuracy": 0.833160400390625,
      "auc": 0.9132395675358876
    },
    "g07": {
      "accuracy": 0.82159423828125,
      "auc": 0.8952373633780732
    },
    "mean_auc": 0.8686755707118771,
    "std_auc": 0.03863555582430496,
    "mean_accuracy": 0.7877883911132812,
    "std_accuracy": 0.03654509207781864
  },
  "wall_time_s": 5136.919646501541,
  "epochs_run": 27,
  "peak_train_alloc_bytes": 25105594368,
  "peak_train_reserved_bytes": 31281119232,
  "gpu_name": "NVIDIA A100-SXM4-80GB",
  "cuda_total_memory_bytes": 85095874560,
  "git_sha": "5fb3903a1c11765c007a1686e1c9acd77b6024db",
  "argv": [
    "--model",
    "standard",
    "--group",
    "c8",
    "--geometry_group",
    "c8",
    "--growth_rate",
    "12",
    "--train_mode",
    "C",
    "--seed",
    "456",
    "--batch_size",
    "1024",
    "--output_dir",
    "/home/johmathe/bispectrum/paper/experiments/normalized_results/pcam/n_full",
    "--data_dir",
    "./pcam_data",
    "--subset_dir",
    "/home/johmathe/bispectrum/paper/experiments/normalized_results/subsets",
    "--patience",
    "10",
    "--epochs",
    "50"
  ]
}