{
  "dataset": "pcam",
  "model": "bispectrum",
  "group": "c8",
  "seed": 123,
  "train_mode": "R",
  "geometry_group": "c8",
  "growth_rate": 4,
  "n_params": 128345,
  "invariant_dim": 544,
  "train_size": 500,
  "train_examples": 500,
  "best_val_auc": 0.870604510925766,
  "test": {
    "loss": 0.4427988064708188,
    "accuracy": 0.80572509765625,
    "auc": 0.8777860105466638
  },
  "test_c": {
    "loss": 0.4427988064708188,
    "accuracy": 0.80572509765625,
    "auc": 0.8777860105466638
  },
  "test_r": {
    "loss": 0.0,
    "accuracy": 0.8074951171875,
    "auc": 0.8802305972438278
  },
  "rotation_robustness": {
    "g00": {
      "accuracy": 0.80572509765625,
      "auc": 0.8777860105466638
    },
    "g01": {
      "accuracy": 0.809295654296875,
      "auc": 0.8823804975921079
    },
    "g02": {
      "accuracy": 0.805694580078125,
      "auc": 0.8781771623741126
    },
    "g03": {
      "accuracy": 0.809295654296875,
      "auc": 0.8823834293961079
    },
    "g04": {
      "accuracy": 0.805694580078125,
      "auc": 0.8781768531749614
    },
    "g05": {
      "accuracy": 0.809295654296875,
      "auc": 0.8823817567404586
    },
    "g06": {
      "accuracy": 0.805694580078125,
      "auc": 0.8781757244117949
    },
    "g07": {
      "accuracy": 0.80926513671875,
      "auc": 0.8823833437144154
    },
    "mean_auc": 0.8802305972438278,
    "std_auc": 0.0021549805181933284,
    "mean_accuracy": 0.8074951171875,
    "std_accuracy": 0.0017929564124453718
  }
}