{
  "dataset": "pcam",
  "model": "gate",
  "group": "c8",
  "seed": 42,
  "train_mode": "C",
  "geometry_group": "c8",
  "growth_rate": 3,
  "n_params": 135682,
  "invariant_dim": 27,
  "train_size": null,
  "train_examples": 262144,
  "best_val_auc": 0.9666314888450689,
  "test": {
    "loss": 0.32633635149977636,
    "accuracy": 0.868438720703125,
    "auc": 0.9591062702097268
  },
  "test_c": {
    "loss": 0.32633635149977636,
    "accuracy": 0.868438720703125,
    "auc": 0.9591062702097268
  },
  "test_r": {
    "loss": 0.0,
    "accuracy": 0.8676223754882812,
    "auc": 0.9488366748876761
  },
  "rotation_robustness": {
    "g00": {
      "accuracy": 0.868438720703125,
      "auc": 0.9591062702097268
    },
    "g01": {
      "accuracy": 0.86639404296875,
      "auc": 0.9385527334700672
    },
    "g02": {
      "accuracy": 0.869049072265625,
      "auc": 0.9590939655736249
    },
    "g03": {
      "accuracy": 0.8663330078125,
      "auc": 0.9385562166171321
    },
    "g04": {
      "accuracy": 0.869049072265625,
      "auc": 0.9591082632404003
    },
    "g05": {
      "accuracy": 0.86639404296875,
      "auc": 0.9386139772537533
    },
    "g06": {
      "accuracy": 0.86907958984375,
      "auc": 0.9591083004933101
    },
    "g07": {
      "accuracy": 0.866241455078125,
      "auc": 0.9385536722433937
    },
    "mean_auc": 0.9488366748876761,
    "std_auc": 0.010267542207090103,
    "mean_accuracy": 0.8676223754882812,
    "std_accuracy": 0.0012965257573685242
  }
}