{
  "dataset": "pcam",
  "model": "bispectrum",
  "group": "c8",
  "seed": 123,
  "train_mode": "C",
  "geometry_group": "c8",
  "growth_rate": 4,
  "n_params": 128345,
  "invariant_dim": 544,
  "train_size": 2500,
  "train_examples": 2500,
  "best_val_auc": 0.8914654164750826,
  "test": {
    "loss": 0.46206863841507584,
    "accuracy": 0.78485107421875,
    "auc": 0.8753816779468291
  },
  "test_c": {
    "loss": 0.46206863841507584,
    "accuracy": 0.78485107421875,
    "auc": 0.8753816779468291
  },
  "test_r": {
    "loss": 0.0,
    "accuracy": 0.7865982055664062,
    "auc": 0.8699316280024117
  },
  "rotation_robustness": {
    "g00": {
      "accuracy": 0.78485107421875,
      "auc": 0.8753816779468291
    },
    "g01": {
      "accuracy": 0.78765869140625,
      "auc": 0.8643830245538362
    },
    "g02": {
      "accuracy": 0.7857666015625,
      "auc": 0.8755122791979525
    },
    "g03": {
      "accuracy": 0.78765869140625,
      "auc": 0.8643832294448399
    },
    "g04": {
      "accuracy": 0.7857666015625,
      "auc": 0.8755111243577491
    },
    "g05": {
      "accuracy": 0.78765869140625,
      "auc": 0.8643845705495922
    },
    "g06": {
      "accuracy": 0.7857666015625,
      "auc": 0.8755129721020745
    },
    "g07": {
      "accuracy": 0.78765869140625,
      "auc": 0.8643841458664207
    },
    "mean_auc": 0.8699316280024117,
    "std_auc": 0.005548029209978846,
    "mean_accuracy": 0.7865982055664062,
    "std_accuracy": 0.0010969095490250254
  }
}