{
  "dataset": "organ3d",
  "model": "max_pool",
  "train_mode": "C",
  "seed": 789,
  "channels": [
    4,
    8
  ],
  "head_dim": 64,
  "n_params": 374423,
  "invariant_dim": 8,
  "raw_invariant_dim": 8,
  "projected_dim": 8,
  "train_size": 500,
  "train_examples": 500,
  "best_val_auc": 0.9785048767061483,
  "test": {
    "loss": 0.9374019935482838,
    "accuracy": 0.631147563457489,
    "auc": 0.9523530059514225
  },
  "test_c": {
    "loss": 0.9374019935482838,
    "accuracy": 0.631147563457489,
    "auc": 0.9523530059514225
  },
  "test_r": {
    "loss": 0.0,
    "accuracy": 0.631147563457489,
    "auc": 0.952351321205758
  },
  "rotation_robustness": {
    "g00": {
      "accuracy": 0.631147563457489,
      "auc": 0.9523554725536286
    },
    "g01": {
      "accuracy": 0.631147563457489,
      "auc": 0.9523530372060193
    },
    "g02": {
      "accuracy": 0.631147563457489,
      "auc": 0.9523481352562038
    },
    "g03": {
      "accuracy": 0.631147563457489,
      "auc": 0.95235060185841
    },
    "g04": {
      "accuracy": 0.631147563457489,
      "auc": 0.9523481352562038
    },
    "g05": {
      "accuracy": 0.631147563457489,
      "auc": 0.9523507014973022
    },
    "g06": {
      "accuracy": 0.631147563457489,
      "auc": 0.9523505706038132
    },
    "g07": {
      "accuracy": 0.631147563457489,
      "auc": 0.9523481352562038
    },
    "g08": {
      "accuracy": 0.631147563457489,
      "auc": 0.9523530372060193
    },
    "g09": {
      "accuracy": 0.631147563457489,
      "auc": 0.9523481352562038
    },
    "g10": {
      "accuracy": 0.631147563457489,
      "auc": 0.9523531680995082
    },
    "g11": {
      "accuracy": 0.631147563457489,
      "auc": 0.9523505706038132
    },
    "g12": {
      "accuracy": 0.631147563457489,
      "auc": 0.9523530372060193
    },
    "g13": {
      "accuracy": 0.631147563457489,
      "auc": 0.9523530684606161
    },
    "g14": {
      "accuracy": 0.631147563457489,
      "auc": 0.952348104001607
    },
    "g15": {
      "accuracy": 0.631147563457489,
      "auc": 0.95235060185841
    },
    "g16": {
      "accuracy": 0.631147563457489,
      "auc": 0.9523481352562038
    },
    "g17": {
      "accuracy": 0.631147563457489,
      "auc": 0.9523531368449114
    },
    "g18": {
      "accuracy": 0.631147563457489,
      "auc": 0.952348234895096
    },
    "g19": {
      "accuracy": 0.631147563457489,
      "auc": 0.9523481352562038
    },
    "g20": {
      "accuracy": 0.631147563457489,
      "auc": 0.9523530059514225
    },
    "g21": {
      "accuracy": 0.631147563457489,
      "auc": 0.9523554725536286
    },
    "g22": {
      "accuracy": 0.631147563457489,
      "auc": 0.9523580700493237
    },
    "g23": {
      "accuracy": 0.631147563457489,
      "auc": 0.9523530059514225
    },
    "mean_auc": 0.952351321205758,
    "std_auc": 2.7958940559108674e-06,
    "mean_accuracy": 0.631147563457489,
    "std_accuracy": 0.0
  },
  "wall_time_s": 107.23233008384705,
  "epochs_run": 77,
  "peak_train_alloc_bytes": 2697406976,
  "peak_train_reserved_bytes": 3621781504,
  "gpu_name": "NVIDIA A100-SXM4-80GB",
  "cuda_total_memory_bytes": 85095874560,
  "git_sha": "5fb3903a1c11765c007a1686e1c9acd77b6024db",
  "argv": [
    "--model",
    "max_pool",
    "--channels",
    "4",
    "8",
    "--head_dim",
    "64",
    "--train_mode",
    "C",
    "--seed",
    "789",
    "--batch_size",
    "32",
    "--output_dir",
    "/home/johmathe/bispectrum/paper/experiments/normalized_results/organ3d/n_500",
    "--data_dir",
    "./organ3d_data",
    "--subset_dir",
    "/home/johmathe/bispectrum/paper/experiments/normalized_results/subsets",
    "--patience",
    "15",
    "--epochs",
    "100",
    "--train_size",
    "500"
  ]
}