{
  "model": "gate",
  "group": "c8",
  "seed": 42,
  "growth_rate": 6,
  "n_params": 440161,
  "train_fraction": 0.1,
  "best_val_auc": 0.9369983554803952,
  "test": {
    "loss": 0.3919164676917717,
    "accuracy": 0.828399658203125,
    "auc": 0.9253187117748591
  },
  "rotation_robustness": {
    "mean_auc": 0.0,
    "std_auc": 0.0
  }
}