{
  "dataset": "pcam",
  "model": "fourier_elu",
  "group": "c8",
  "seed": 123,
  "train_mode": "R",
  "geometry_group": "c8",
  "growth_rate": 4,
  "n_params": 109815,
  "invariant_dim": 34,
  "train_size": 12500,
  "train_examples": 12500,
  "best_val_auc": 0.9391609441906678,
  "test": {
    "loss": 0.41454806763795204,
    "accuracy": 0.82135009765625,
    "auc": 0.9046751608292866
  },
  "test_c": {
    "loss": 0.41454806763795204,
    "accuracy": 0.82135009765625,
    "auc": 0.9046751608292866
  },
  "test_r": {
    "loss": 0.0,
    "accuracy": 0.8141250610351562,
    "auc": 0.9019085990954986
  },
  "rotation_robustness": {
    "g00": {
      "accuracy": 0.82135009765625,
      "auc": 0.9046751608292866
    },
    "g01": {
      "accuracy": 0.806610107421875,
      "auc": 0.8991061451144557
    },
    "g02": {
      "accuracy": 0.82171630859375,
      "auc": 0.9047216971641897
    },
    "g03": {
      "accuracy": 0.806610107421875,
      "auc": 0.8991074377904253
    },
    "g04": {
      "accuracy": 0.821746826171875,
      "auc": 0.9047228967078847
    },
    "g05": {
      "accuracy": 0.806610107421875,
      "auc": 0.8991060259051444
    },
    "g06": {
      "accuracy": 0.821746826171875,
      "auc": 0.9047237013707361
    },
    "g07": {
      "accuracy": 0.806610107421875,
      "auc": 0.8991057278818662
    },
    "mean_auc": 0.9019085990954986,
    "std_auc": 0.0028023029132854997,
    "mean_accuracy": 0.8141250610351562,
    "std_accuracy": 0.007515890769809655
  }
}