{
  "dataset": "spherical_mnist",
  "model": "bispectrum",
  "base_model": "bispectrum",
  "train_mode": "R",
  "test_rotation_seed": 777,
  "seed": 42,
  "lmax": 15,
  "n_params": 231818,
  "invariant_dim": 768,
  "train_size": 12500,
  "train_examples": 12500,
  "best_val_accuracy": 0.9287,
  "test_c": {
    "loss": 0.2508791972398758,
    "accuracy": 0.9212
  },
  "test": {
    "loss": 0.2508791972398758,
    "accuracy": 0.9212
  },
  "test_nr": {
    "loss": 0.2508791972398758,
    "accuracy": 0.9212
  },
  "test_r": {
    "loss": 0.2509612618923187,
    "accuracy": 0.9219
  },
  "rotation_robustness": {
    "rot_00": 0.922,
    "rot_01": 0.922,
    "rot_02": 0.922,
    "rot_03": 0.9221,
    "rot_04": 0.9221,
    "rot_05": 0.9219,
    "rot_06": 0.9219,
    "rot_07": 0.922,
    "rot_08": 0.9222,
    "rot_09": 0.922,
    "mean_accuracy": 0.9220200000000001,
    "std_accuracy": 8.717797887080387e-05
  }
}