{
  "dataset": "pcam",
  "model": "gate",
  "group": "c8",
  "seed": 456,
  "train_mode": "R",
  "geometry_group": "c8",
  "growth_rate": 3,
  "n_params": 135682,
  "invariant_dim": 27,
  "train_size": null,
  "train_examples": 262144,
  "best_val_auc": 0.9659463105273242,
  "test": {
    "loss": 0.35642318840837106,
    "accuracy": 0.85693359375,
    "auc": 0.9341746150499438
  },
  "test_c": {
    "loss": 0.35642318840837106,
    "accuracy": 0.85693359375,
    "auc": 0.9341746150499438
  },
  "test_r": {
    "loss": 0.0,
    "accuracy": 0.856536865234375,
    "auc": 0.930140078819781
  },
  "rotation_robustness": {
    "g00": {
      "accuracy": 0.85693359375,
      "auc": 0.9341746150499438
    },
    "g01": {
      "accuracy": 0.855804443359375,
      "auc": 0.9261593981899713
    },
    "g02": {
      "accuracy": 0.85736083984375,
      "auc": 0.9341033129806159
    },
    "g03": {
      "accuracy": 0.855804443359375,
      "auc": 0.9261589548803448
    },
    "g04": {
      "accuracy": 0.85736083984375,
      "auc": 0.9341069488646109
    },
    "g05": {
      "accuracy": 0.8558349609375,
      "auc": 0.9261578372930512
    },
    "g06": {
      "accuracy": 0.857330322265625,
      "auc": 0.9341064720273656
    },
    "g07": {
      "accuracy": 0.855865478515625,
      "auc": 0.9261530912723447
    },
    "mean_auc": 0.930140078819781,
    "std_auc": 0.003982815022288952,
    "mean_accuracy": 0.856536865234375,
    "std_accuracy": 0.0007212098570615524
  },
  "wall_time_s": 11751.823564052582,
  "epochs_run": 17,
  "peak_train_alloc_bytes": 19903905792,
  "peak_train_reserved_bytes": 24054333440,
  "gpu_name": "NVIDIA A100-SXM4-80GB",
  "cuda_total_memory_bytes": 85095874560,
  "git_sha": "4f6f1351fe12ab869087e096175e97d4ada5c7e0",
  "argv": [
    "--model",
    "gate",
    "--group",
    "c8",
    "--geometry_group",
    "c8",
    "--growth_rate",
    "3",
    "--train_mode",
    "R",
    "--seed",
    "456",
    "--batch_size",
    "128",
    "--output_dir",
    "/home/johmathe/bispectrum/paper/experiments/normalized_results/pcam/n_full",
    "--data_dir",
    "./pcam_data",
    "--subset_dir",
    "/home/johmathe/bispectrum/paper/experiments/normalized_results/subsets",
    "--patience",
    "10",
    "--epochs",
    "50"
  ]
}