{
  "dataset": "pcam",
  "model": "fourier_elu",
  "group": "c8",
  "seed": 123,
  "train_mode": "C",
  "geometry_group": "c8",
  "growth_rate": 4,
  "n_params": 109815,
  "invariant_dim": 34,
  "train_size": 12500,
  "train_examples": 12500,
  "best_val_auc": 0.9514973800141756,
  "test": {
    "loss": 0.34840408281888813,
    "accuracy": 0.853790283203125,
    "auc": 0.9286792371618845
  },
  "test_c": {
    "loss": 0.34840408281888813,
    "accuracy": 0.853790283203125,
    "auc": 0.9286792371618845
  },
  "test_r": {
    "loss": 0.0,
    "accuracy": 0.8426589965820312,
    "auc": 0.918627124327157
  },
  "rotation_robustness": {
    "g00": {
      "accuracy": 0.853790283203125,
      "auc": 0.9286792371618845
    },
    "g01": {
      "accuracy": 0.83221435546875,
      "auc": 0.9089564216839696
    },
    "g02": {
      "accuracy": 0.852874755859375,
      "auc": 0.9281667898601766
    },
    "g03": {
      "accuracy": 0.83221435546875,
      "auc": 0.9089576286782466
    },
    "g04": {
      "accuracy": 0.852874755859375,
      "auc": 0.9281698781263978
    },
    "g05": {
      "accuracy": 0.83221435546875,
      "auc": 0.908957040082272
    },
    "g06": {
      "accuracy": 0.852874755859375,
      "auc": 0.9281730967778032
    },
    "g07": {
      "accuracy": 0.83221435546875,
      "auc": 0.9089569022465058
    },
    "mean_auc": 0.918627124327157,
    "std_auc": 0.009671383633786165,
    "mean_accuracy": 0.8426589965820312,
    "std_accuracy": 0.010448402190166598
  }
}