{
  "dataset": "organ3d",
  "model": "max_pool",
  "train_mode": "C",
  "seed": 456,
  "channels": [
    4,
    8
  ],
  "head_dim": 64,
  "n_params": 374423,
  "invariant_dim": 8,
  "raw_invariant_dim": 8,
  "projected_dim": 8,
  "train_size": 500,
  "train_examples": 500,
  "best_val_auc": 0.9822553499457185,
  "test": {
    "loss": 0.8194434494268699,
    "accuracy": 0.6704918146133423,
    "auc": 0.9594222781231253
  },
  "test_c": {
    "loss": 0.8194434494268699,
    "accuracy": 0.6704918146133423,
    "auc": 0.9594222781231253
  },
  "test_r": {
    "loss": 0.0,
    "accuracy": 0.6704918146133423,
    "auc": 0.9594270606631453
  },
  "rotation_robustness": {
    "g00": {
      "accuracy": 0.6704918146133423,
      "auc": 0.95943744205537
    },
    "g01": {
      "accuracy": 0.6704918146133423,
      "auc": 0.9594272113275376
    },
    "g02": {
      "accuracy": 0.6704918146133423,
      "auc": 0.9594271770909767
    },
    "g03": {
      "accuracy": 0.6704918146133423,
      "auc": 0.959429743332075
    },
    "g04": {
      "accuracy": 0.6704918146133423,
      "auc": 0.9594221784842332
    },
    "g05": {
      "accuracy": 0.6704918146133423,
      "auc": 0.959429743332075
    },
    "g06": {
      "accuracy": 0.6704918146133423,
      "auc": 0.959429743332075
    },
    "g07": {
      "accuracy": 0.6704918146133423,
      "auc": 0.9594272113275376
    },
    "g08": {
      "accuracy": 0.6704918146133423,
      "auc": 0.959429777568636
    },
    "g09": {
      "accuracy": 0.6704918146133423,
      "auc": 0.9594198115209193
    },
    "g10": {
      "accuracy": 0.6704918146133423,
      "auc": 0.9594247447253316
    },
    "g11": {
      "accuracy": 0.6704918146133423,
      "auc": 0.9594222781231253
    },
    "g12": {
      "accuracy": 0.6704918146133423,
      "auc": 0.9594298772075281
    },
    "g13": {
      "accuracy": 0.6704918146133423,
      "auc": 0.9594272113275376
    },
    "g14": {
      "accuracy": 0.6704918146133423,
      "auc": 0.9594247447253316
    },
    "g15": {
      "accuracy": 0.6704918146133423,
      "auc": 0.9594298429709671
    },
    "g16": {
      "accuracy": 0.6704918146133423,
      "auc": 0.9594323095731734
    },
    "g17": {
      "accuracy": 0.6704918146133423,
      "auc": 0.9594272113275376
    },
    "g18": {
      "accuracy": 0.6704918146133423,
      "auc": 0.959429743332075
    },
    "g19": {
      "accuracy": 0.6704918146133423,
      "auc": 0.9594222438865643
    },
    "g20": {
      "accuracy": 0.6704918146133423,
      "auc": 0.9594273763687611
    },
    "g21": {
      "accuracy": 0.6704918146133423,
      "auc": 0.9594272767298689
    },
    "g22": {
      "accuracy": 0.6704918146133423,
      "auc": 0.9594222781231253
    },
    "g23": {
      "accuracy": 0.6704918146133423,
      "auc": 0.9594222781231253
    },
    "mean_auc": 0.9594270606631453,
    "std_auc": 3.906991216772023e-06,
    "mean_accuracy": 0.6704918146133423,
    "std_accuracy": 0.0
  },
  "wall_time_s": 110.5561933517456,
  "epochs_run": 79,
  "peak_train_alloc_bytes": 2697406976,
  "peak_train_reserved_bytes": 3621781504,
  "gpu_name": "NVIDIA A100-SXM4-80GB",
  "cuda_total_memory_bytes": 85095874560,
  "git_sha": "5fb3903a1c11765c007a1686e1c9acd77b6024db",
  "argv": [
    "--model",
    "max_pool",
    "--channels",
    "4",
    "8",
    "--head_dim",
    "64",
    "--train_mode",
    "C",
    "--seed",
    "456",
    "--batch_size",
    "32",
    "--output_dir",
    "/home/johmathe/bispectrum/paper/experiments/normalized_results/organ3d/n_500",
    "--data_dir",
    "./organ3d_data",
    "--subset_dir",
    "/home/johmathe/bispectrum/paper/experiments/normalized_results/subsets",
    "--patience",
    "15",
    "--epochs",
    "100",
    "--train_size",
    "500"
  ]
}