{
  "dataset": "pcam",
  "model": "norm",
  "group": "c8",
  "seed": 42,
  "train_mode": "C",
  "geometry_group": "c8",
  "growth_rate": 4,
  "n_params": 110093,
  "invariant_dim": 34,
  "train_size": null,
  "train_examples": 262144,
  "best_val_auc": 0.9655347997148706,
  "test": {
    "loss": 0.2674528491916135,
    "accuracy": 0.89263916015625,
    "auc": 0.9605898822430678
  },
  "test_c": {
    "loss": 0.2674528491916135,
    "accuracy": 0.89263916015625,
    "auc": 0.9605898822430678
  },
  "test_r": {
    "loss": 0.0,
    "accuracy": 0.8592910766601562,
    "auc": 0.9496765128677678
  },
  "rotation_robustness": {
    "g00": {
      "accuracy": 0.89263916015625,
      "auc": 0.9605898822430678
    },
    "g01": {
      "accuracy": 0.825775146484375,
      "auc": 0.9389324598300849
    },
    "g02": {
      "accuracy": 0.892822265625,
      "auc": 0.960485857217785
    },
    "g03": {
      "accuracy": 0.825775146484375,
      "auc": 0.9388277046477702
    },
    "g04": {
      "accuracy": 0.892852783203125,
      "auc": 0.9605578745429808
    },
    "g05": {
      "accuracy": 0.825775146484375,
      "auc": 0.9386851005091142
    },
    "g06": {
      "accuracy": 0.892852783203125,
      "auc": 0.9605482446658015
    },
    "g07": {
      "accuracy": 0.825836181640625,
      "auc": 0.9387849792855382
    },
    "mean_auc": 0.9496765128677678,
    "std_auc": 0.010869165707839456,
    "mean_accuracy": 0.8592910766601562,
    "std_accuracy": 0.03350073567442697
  }
}