{
  "dataset": "organ3d",
  "model": "standard",
  "train_mode": "R",
  "seed": 789,
  "channels": [
    4,
    8
  ],
  "head_dim": 64,
  "n_params": 16071,
  "invariant_dim": 8,
  "raw_invariant_dim": 8,
  "projected_dim": 8,
  "train_size": null,
  "train_examples": 971,
  "best_val_auc": 0.9668563863258416,
  "test": {
    "loss": 1.142686750068039,
    "accuracy": 0.5655737519264221,
    "auc": 0.9366226157077976
  },
  "test_c": {
    "loss": 1.142686750068039,
    "accuracy": 0.5655737519264221,
    "auc": 0.9366226157077976
  },
  "test_r": {
    "loss": 0.0,
    "accuracy": 0.5579918076594671,
    "auc": 0.9407318777535879
  },
  "rotation_robustness": {
    "g00": {
      "accuracy": 0.5590164065361023,
      "auc": 0.9383760993235613
    },
    "g01": {
      "accuracy": 0.5426229238510132,
      "auc": 0.9425335645491973
    },
    "g02": {
      "accuracy": 0.55409836769104,
      "auc": 0.942104459165709
    },
    "g03": {
      "accuracy": 0.5590164065361023,
      "auc": 0.9436292505651696
    },
    "g04": {
      "accuracy": 0.5606557130813599,
      "auc": 0.9444202422178624
    },
    "g05": {
      "accuracy": 0.5622950792312622,
      "auc": 0.9413265939619315
    },
    "g06": {
      "accuracy": 0.5360655784606934,
      "auc": 0.9376253083542513
    },
    "g07": {
      "accuracy": 0.5688524842262268,
      "auc": 0.9412545043046712
    },
    "g08": {
      "accuracy": 0.5557377338409424,
      "auc": 0.9425747728645194
    },
    "g09": {
      "accuracy": 0.5508196949958801,
      "auc": 0.9368992348920865
    },
    "g10": {
      "accuracy": 0.5590164065361023,
      "auc": 0.9407046741323135
    },
    "g11": {
      "accuracy": 0.5557377338409424,
      "auc": 0.9409011494787467
    },
    "g12": {
      "accuracy": 0.5786885023117065,
      "auc": 0.941775323268165
    },
    "g13": {
      "accuracy": 0.5819672346115112,
      "auc": 0.942476236030548
    },
    "g14": {
      "accuracy": 0.5508196949958801,
      "auc": 0.9407150900670319
    },
    "g15": {
      "accuracy": 0.5655737519264221,
      "auc": 0.944649588161385
    },
    "g16": {
      "accuracy": 0.5491803288459778,
      "auc": 0.9364090615764641
    },
    "g17": {
      "accuracy": 0.5622950792312622,
      "auc": 0.9400061923937592
    },
    "g18": {
      "accuracy": 0.5442622900009155,
      "auc": 0.94213643766006
    },
    "g19": {
      "accuracy": 0.5426229238510132,
      "auc": 0.9388326942622381
    },
    "g20": {
      "accuracy": 0.5557377338409424,
      "auc": 0.9392216663540037
    },
    "g21": {
      "accuracy": 0.5491803288459778,
      "auc": 0.9424642297420881
    },
    "g22": {
      "accuracy": 0.5819672346115112,
      "auc": 0.9399060770525473
    },
    "g23": {
      "accuracy": 0.5655737519264221,
      "auc": 0.9366226157077976
    },
    "mean_auc": 0.9407318777535879,
    "std_auc": 0.002311151086769534,
    "mean_accuracy": 0.5579918076594671,
    "std_accuracy": 0.011705468826903006
  },
  "wall_time_s": 61.94959831237793,
  "epochs_run": 71,
  "peak_train_alloc_bytes": 198965248,
  "peak_train_reserved_bytes": 299892736,
  "gpu_name": "NVIDIA A100-SXM4-80GB",
  "cuda_total_memory_bytes": 85095874560,
  "git_sha": "5fb3903a1c11765c007a1686e1c9acd77b6024db",
  "argv": [
    "--model",
    "standard",
    "--channels",
    "4",
    "8",
    "--head_dim",
    "64",
    "--train_mode",
    "R",
    "--seed",
    "789",
    "--batch_size",
    "64",
    "--output_dir",
    "/home/johmathe/bispectrum/paper/experiments/normalized_results/organ3d/n_full",
    "--data_dir",
    "./organ3d_data",
    "--subset_dir",
    "/home/johmathe/bispectrum/paper/experiments/normalized_results/subsets",
    "--patience",
    "15",
    "--epochs",
    "100"
  ]
}