{
  "dataset": "pcam",
  "model": "norm",
  "group": "c8",
  "seed": 42,
  "train_mode": "R",
  "geometry_group": "c8",
  "growth_rate": 4,
  "n_params": 110093,
  "invariant_dim": 34,
  "train_size": 2500,
  "train_examples": 2500,
  "best_val_auc": 0.8737846821604427,
  "test": {
    "loss": 0.4667480947682634,
    "accuracy": 0.788543701171875,
    "auc": 0.8689085527379776
  },
  "test_c": {
    "loss": 0.4667480947682634,
    "accuracy": 0.788543701171875,
    "auc": 0.8689085527379776
  },
  "test_r": {
    "loss": 0.0,
    "accuracy": 0.7907142639160156,
    "auc": 0.8662484337433176
  },
  "rotation_robustness": {
    "g00": {
      "accuracy": 0.788543701171875,
      "auc": 0.8689085527379776
    },
    "g01": {
      "accuracy": 0.792266845703125,
      "auc": 0.8635628905690522
    },
    "g02": {
      "accuracy": 0.78936767578125,
      "auc": 0.8689387350454852
    },
    "g03": {
      "accuracy": 0.792266845703125,
      "auc": 0.8635654274922085
    },
    "g04": {
      "accuracy": 0.78936767578125,
      "auc": 0.8689419946750915
    },
    "g05": {
      "accuracy": 0.792266845703125,
      "auc": 0.8635644030371895
    },
    "g06": {
      "accuracy": 0.78936767578125,
      "auc": 0.8689413986285349
    },
    "g07": {
      "accuracy": 0.792266845703125,
      "auc": 0.8635640677610015
    },
    "mean_auc": 0.8662484337433176,
    "std_auc": 0.0026842548028078524,
    "mean_accuracy": 0.7907142639160156,
    "std_accuracy": 0.001572946369992511
  }
}