{
  "dataset": "pcam",
  "model": "fourier_elu",
  "group": "c8",
  "seed": 101112,
  "train_mode": "C",
  "geometry_group": "c8",
  "growth_rate": 4,
  "n_params": 109815,
  "invariant_dim": 34,
  "train_size": 100,
  "train_examples": 100,
  "best_val_auc": 0.8464272672166494,
  "test": {
    "loss": 0.5167446182458661,
    "accuracy": 0.758544921875,
    "auc": 0.8277176490357697
  },
  "test_c": {
    "loss": 0.5167446182458661,
    "accuracy": 0.758544921875,
    "auc": 0.8277176490357697
  },
  "test_r": {
    "loss": 0.0,
    "accuracy": 0.7144393920898438,
    "auc": 0.8123202339883576
  },
  "rotation_robustness": {
    "g00": {
      "accuracy": 0.758544921875,
      "auc": 0.8277176490357697
    },
    "g01": {
      "accuracy": 0.670196533203125,
      "auc": 0.7974831986303506
    },
    "g02": {
      "accuracy": 0.75872802734375,
      "auc": 0.8269713912963799
    },
    "g03": {
      "accuracy": 0.670196533203125,
      "auc": 0.7974849420665285
    },
    "g04": {
      "accuracy": 0.75872802734375,
      "auc": 0.8269690480883545
    },
    "g05": {
      "accuracy": 0.670196533203125,
      "auc": 0.7974841858324598
    },
    "g06": {
      "accuracy": 0.75872802734375,
      "auc": 0.8269702737090864
    },
    "g07": {
      "accuracy": 0.670196533203125,
      "auc": 0.7974811832479313
    },
    "mean_auc": 0.8123202339883576,
    "std_auc": 0.014838621378616967,
    "mean_accuracy": 0.7144393920898438,
    "std_accuracy": 0.044242894408975976
  },
  "wall_time_s": 1704.6069004535675,
  "epochs_run": 26,
  "peak_train_alloc_bytes": 21284495872,
  "peak_train_reserved_bytes": 27646754816,
  "gpu_name": "NVIDIA A100-SXM4-80GB",
  "cuda_total_memory_bytes": 85095874560,
  "git_sha": "4f6f1351fe12ab869087e096175e97d4ada5c7e0",
  "argv": [
    "--model",
    "fourier_elu",
    "--group",
    "c8",
    "--geometry_group",
    "c8",
    "--growth_rate",
    "4",
    "--train_mode",
    "C",
    "--seed",
    "101112",
    "--batch_size",
    "64",
    "--output_dir",
    "/home/johmathe/bispectrum/paper/experiments/normalized_results/pcam/n_100",
    "--data_dir",
    "./pcam_data",
    "--subset_dir",
    "/home/johmathe/bispectrum/paper/experiments/normalized_results/subsets",
    "--patience",
    "10",
    "--epochs",
    "50",
    "--train_size",
    "100"
  ]
}