{
  "dataset": "pcam",
  "model": "norm",
  "group": "c8",
  "seed": 456,
  "train_mode": "C",
  "geometry_group": "c8",
  "growth_rate": 4,
  "n_params": 110093,
  "invariant_dim": 34,
  "train_size": 500,
  "train_examples": 500,
  "best_val_auc": 0.8714383247257138,
  "test": {
    "loss": 0.500343480729498,
    "accuracy": 0.769195556640625,
    "auc": 0.8484397142140045
  },
  "test_c": {
    "loss": 0.500343480729498,
    "accuracy": 0.769195556640625,
    "auc": 0.8484397142140045
  },
  "test_r": {
    "loss": 0.0,
    "accuracy": 0.7574958801269531,
    "auc": 0.834360386742871
  },
  "rotation_robustness": {
    "g00": {
      "accuracy": 0.769195556640625,
      "auc": 0.8484397142140045
    },
    "g01": {
      "accuracy": 0.746551513671875,
      "auc": 0.8204777434595281
    },
    "g02": {
      "accuracy": 0.768157958984375,
      "auc": 0.8481805010171404
    },
    "g03": {
      "accuracy": 0.74658203125,
      "auc": 0.820474632841561
    },
    "g04": {
      "accuracy": 0.768157958984375,
      "auc": 0.8481803743572471
    },
    "g05": {
      "accuracy": 0.74658203125,
      "auc": 0.8204771511382625
    },
    "g06": {
      "accuracy": 0.768157958984375,
      "auc": 0.8481786346463602
    },
    "g07": {
      "accuracy": 0.74658203125,
      "auc": 0.8204743422688647
    },
    "mean_auc": 0.834360386742871,
    "std_auc": 0.013884647372658215,
    "mean_accuracy": 0.7574958801269531,
    "std_accuracy": 0.010926102096814794
  },
  "wall_time_s": 955.4655110836029,
  "epochs_run": 28,
  "peak_train_alloc_bytes": 22324224000,
  "peak_train_reserved_bytes": 28171042816,
  "gpu_name": "NVIDIA A100-SXM4-80GB",
  "cuda_total_memory_bytes": 85095874560,
  "git_sha": "5fb3903a1c11765c007a1686e1c9acd77b6024db",
  "argv": [
    "--model",
    "norm",
    "--group",
    "c8",
    "--geometry_group",
    "c8",
    "--growth_rate",
    "4",
    "--train_mode",
    "C",
    "--seed",
    "456",
    "--batch_size",
    "128",
    "--output_dir",
    "/home/johmathe/bispectrum/paper/experiments/normalized_results/pcam/n_500",
    "--data_dir",
    "./pcam_data",
    "--subset_dir",
    "/home/johmathe/bispectrum/paper/experiments/normalized_results/subsets",
    "--patience",
    "10",
    "--epochs",
    "50",
    "--train_size",
    "500"
  ]
}