{
  "dataset": "organ3d",
  "model": "bispectrum",
  "train_mode": "C",
  "seed": 42,
  "channels": [
    4,
    8
  ],
  "head_dim": 64,
  "n_params": 463167,
  "invariant_dim": 64,
  "raw_invariant_dim": 1376,
  "projected_dim": 64,
  "train_size": 100,
  "train_examples": 100,
  "best_val_auc": 0.9415136517913599,
  "test": {
    "loss": 1.8522626282738857,
    "accuracy": 0.4278688430786133,
    "auc": 0.8675402305611812
  },
  "test_c": {
    "loss": 1.8522626282738857,
    "accuracy": 0.4278688430786133,
    "auc": 0.8675402305611812
  },
  "test_r": {
    "loss": 0.0,
    "accuracy": 0.42773223171631497,
    "auc": 0.8675390566371523
  },
  "rotation_robustness": {
    "g00": {
      "accuracy": 0.4278688430786133,
      "auc": 0.8675500344608121
    },
    "g01": {
      "accuracy": 0.4278688430786133,
      "auc": 0.8675253129786943
    },
    "g02": {
      "accuracy": 0.4278688430786133,
      "auc": 0.8675426033995971
    },
    "g03": {
      "accuracy": 0.4278688430786133,
      "auc": 0.8675374272075476
    },
    "g04": {
      "accuracy": 0.4278688430786133,
      "auc": 0.8675436265563448
    },
    "g05": {
      "accuracy": 0.4278688430786133,
      "auc": 0.8675146365344932
    },
    "g06": {
      "accuracy": 0.4262295067310333,
      "auc": 0.8675306110062017
    },
    "g07": {
      "accuracy": 0.4278688430786133,
      "auc": 0.8675350980789847
    },
    "g08": {
      "accuracy": 0.4278688430786133,
      "auc": 0.867538019165799
    },
    "g09": {
      "accuracy": 0.4278688430786133,
      "auc": 0.8675428964411719
    },
    "g10": {
      "accuracy": 0.4278688430786133,
      "auc": 0.8675350668243879
    },
    "g11": {
      "accuracy": 0.4278688430786133,
      "auc": 0.8675354470495988
    },
    "g12": {
      "accuracy": 0.4278688430786133,
      "auc": 0.8675423728672158
    },
    "g13": {
      "accuracy": 0.4278688430786133,
      "auc": 0.8675571158463609
    },
    "g14": {
      "accuracy": 0.4278688430786133,
      "auc": 0.8675129428379651
    },
    "g15": {
      "accuracy": 0.4278688430786133,
      "auc": 0.8675501399748063
    },
    "g16": {
      "accuracy": 0.4262295067310333,
      "auc": 0.8675526600281747
    },
    "g17": {
      "accuracy": 0.4278688430786133,
      "auc": 0.867525350108393
    },
    "g18": {
      "accuracy": 0.4278688430786133,
      "auc": 0.8675324380740957
    },
    "g19": {
      "accuracy": 0.4278688430786133,
      "auc": 0.86753516646328
    },
    "g20": {
      "accuracy": 0.4278688430786133,
      "auc": 0.8675500903898516
    },
    "g21": {
      "accuracy": 0.4278688430786133,
      "auc": 0.8675630395645935
    },
    "g22": {
      "accuracy": 0.4278688430786133,
      "auc": 0.8675450328721045
    },
    "g23": {
      "accuracy": 0.4278688430786133,
      "auc": 0.8675402305611812
    },
    "mean_auc": 0.8675390566371523,
    "std_auc": 1.1869795758367467e-05,
    "mean_accuracy": 0.42773223171631497,
    "std_accuracy": 0.0004530886308428633
  }
}