{
  "dataset": "pcam",
  "model": "fourier_elu",
  "group": "c8",
  "seed": 123,
  "train_mode": "R",
  "geometry_group": "c8",
  "growth_rate": 4,
  "n_params": 109815,
  "invariant_dim": 34,
  "train_size": 2500,
  "train_examples": 2500,
  "best_val_auc": 0.8796034079446151,
  "test": {
    "loss": 0.4458840729203075,
    "accuracy": 0.79681396484375,
    "auc": 0.8750506076122812
  },
  "test_c": {
    "loss": 0.4458840729203075,
    "accuracy": 0.79681396484375,
    "auc": 0.8750506076122812
  },
  "test_r": {
    "loss": 0.0,
    "accuracy": 0.7955856323242188,
    "auc": 0.8719205608558188
  },
  "rotation_robustness": {
    "g00": {
      "accuracy": 0.79681396484375,
      "auc": 0.8750506076122812
    },
    "g01": {
      "accuracy": 0.79412841796875,
      "auc": 0.8687363474372067
    },
    "g02": {
      "accuracy": 0.797119140625,
      "auc": 0.8751231725552509
    },
    "g03": {
      "accuracy": 0.79412841796875,
      "auc": 0.8687372340564596
    },
    "g04": {
      "accuracy": 0.797119140625,
      "auc": 0.8751219804621377
    },
    "g05": {
      "accuracy": 0.79412841796875,
      "auc": 0.868736306459006
    },
    "g06": {
      "accuracy": 0.797119140625,
      "auc": 0.8751224461235101
    },
    "g07": {
      "accuracy": 0.79412841796875,
      "auc": 0.8687363921406985
    },
    "mean_auc": 0.8719205608558188,
    "std_auc": 0.0031840670186673394,
    "mean_accuracy": 0.7955856323242188,
    "std_accuracy": 0.0014602071178162449
  }
}