{
  "dataset": "pcam",
  "model": "norm",
  "group": "c8",
  "seed": 456,
  "train_mode": "R",
  "geometry_group": "c8",
  "growth_rate": 4,
  "n_params": 110093,
  "invariant_dim": 34,
  "train_size": 100,
  "train_examples": 100,
  "best_val_auc": 0.830236445379258,
  "test": {
    "loss": 0.6004479590337723,
    "accuracy": 0.663818359375,
    "auc": 0.8023942683537273
  },
  "test_c": {
    "loss": 0.6004479590337723,
    "accuracy": 0.663818359375,
    "auc": 0.8023942683537273
  },
  "test_r": {
    "loss": 0.0,
    "accuracy": 0.653961181640625,
    "auc": 0.7885346799649273
  },
  "rotation_robustness": {
    "g00": {
      "accuracy": 0.663818359375,
      "auc": 0.8023942683537273
    },
    "g01": {
      "accuracy": 0.645294189453125,
      "auc": 0.7751468344859589
    },
    "g02": {
      "accuracy": 0.6622314453125,
      "auc": 0.8017606969411454
    },
    "g03": {
      "accuracy": 0.645294189453125,
      "auc": 0.7751489988800173
    },
    "g04": {
      "accuracy": 0.6622314453125,
      "auc": 0.8017615165051606
    },
    "g05": {
      "accuracy": 0.645294189453125,
      "auc": 0.775146473132734
    },
    "g06": {
      "accuracy": 0.6622314453125,
      "auc": 0.8017643440010133
    },
    "g07": {
      "accuracy": 0.645294189453125,
      "auc": 0.7751543074196616
    },
    "mean_auc": 0.7885346799649273,
    "std_auc": 0.013386925744169494,
    "mean_accuracy": 0.653961181640625,
    "std_accuracy": 0.00868060158346477
  },
  "wall_time_s": 963.0562806129456,
  "epochs_run": 29,
  "peak_train_alloc_bytes": 17451175936,
  "peak_train_reserved_bytes": 33220984832,
  "gpu_name": "NVIDIA A100-SXM4-80GB",
  "cuda_total_memory_bytes": 85095874560,
  "git_sha": "5fb3903a1c11765c007a1686e1c9acd77b6024db",
  "argv": [
    "--model",
    "norm",
    "--group",
    "c8",
    "--geometry_group",
    "c8",
    "--growth_rate",
    "4",
    "--train_mode",
    "R",
    "--seed",
    "456",
    "--batch_size",
    "128",
    "--output_dir",
    "/home/johmathe/bispectrum/paper/experiments/normalized_results/pcam/n_100",
    "--data_dir",
    "./pcam_data",
    "--subset_dir",
    "/home/johmathe/bispectrum/paper/experiments/normalized_results/subsets",
    "--patience",
    "10",
    "--epochs",
    "50",
    "--train_size",
    "100"
  ]
}