{
  "dataset": "pcam",
  "model": "standard",
  "group": "c8",
  "seed": 123,
  "train_mode": "C",
  "geometry_group": "c8",
  "growth_rate": 12,
  "n_params": 101959,
  "invariant_dim": 90,
  "train_size": 500,
  "train_examples": 500,
  "best_val_auc": 0.8058039855431645,
  "test": {
    "loss": 0.692358797416091,
    "accuracy": 0.500213623046875,
    "auc": 0.7746322041637376
  },
  "test_c": {
    "loss": 0.692358797416091,
    "accuracy": 0.500213623046875,
    "auc": 0.7746322041637376
  },
  "test_r": {
    "loss": 0.0,
    "accuracy": 0.500213623046875,
    "auc": 0.7716947610044602
  },
  "rotation_robustness": {
    "g00": {
      "accuracy": 0.500213623046875,
      "auc": 0.7746322041637376
    },
    "g01": {
      "accuracy": 0.500213623046875,
      "auc": 0.7686777437672371
    },
    "g02": {
      "accuracy": 0.500213623046875,
      "auc": 0.7744029870098321
    },
    "g03": {
      "accuracy": 0.500213623046875,
      "auc": 0.7698226299930694
    },
    "g04": {
      "accuracy": 0.500213623046875,
      "auc": 0.774124044671946
    },
    "g05": {
      "accuracy": 0.500213623046875,
      "auc": 0.7694836136128644
    },
    "g06": {
      "accuracy": 0.500213623046875,
      "auc": 0.7739116732838451
    },
    "g07": {
      "accuracy": 0.500213623046875,
      "auc": 0.7685031915331497
    },
    "mean_auc": 0.7716947610044602,
    "std_auc": 0.0026091602004484453,
    "mean_accuracy": 0.500213623046875,
    "std_accuracy": 0.0
  }
}