{
  "dataset": "pcam",
  "model": "norm",
  "group": "c8",
  "seed": 123,
  "train_mode": "R",
  "geometry_group": "c8",
  "growth_rate": 4,
  "n_params": 110093,
  "invariant_dim": 34,
  "train_size": 100,
  "train_examples": 100,
  "best_val_auc": 0.828634885858183,
  "test": {
    "loss": 0.6506718776654452,
    "accuracy": 0.620635986328125,
    "auc": 0.8034524484320357
  },
  "test_c": {
    "loss": 0.6506718776654452,
    "accuracy": 0.620635986328125,
    "auc": 0.8034524484320357
  },
  "test_r": {
    "loss": 0.0,
    "accuracy": 0.5841712951660156,
    "auc": 0.7988924631689888
  },
  "rotation_robustness": {
    "g00": {
      "accuracy": 0.620635986328125,
      "auc": 0.8034524484320357
    },
    "g01": {
      "accuracy": 0.546630859375,
      "auc": 0.7944234979404189
    },
    "g02": {
      "accuracy": 0.6220703125,
      "auc": 0.8033355413505492
    },
    "g03": {
      "accuracy": 0.546630859375,
      "auc": 0.7944148440894758
    },
    "g04": {
      "accuracy": 0.6220703125,
      "auc": 0.8033438562000131
    },
    "g05": {
      "accuracy": 0.546630859375,
      "auc": 0.7944137302274733
    },
    "g06": {
      "accuracy": 0.6220703125,
      "auc": 0.8033425672493346
    },
    "g07": {
      "accuracy": 0.546630859375,
      "auc": 0.7944132198626093
    },
    "mean_auc": 0.7988924631689888,
    "std_auc": 0.00447627255319329,
    "mean_accuracy": 0.5841712951660156,
    "std_accuracy": 0.037543004547635817
  }
}