{
  "dataset": "organ3d",
  "model": "standard",
  "train_mode": "C",
  "seed": 789,
  "channels": [
    4,
    8
  ],
  "head_dim": 64,
  "n_params": 16071,
  "invariant_dim": 8,
  "raw_invariant_dim": 8,
  "projected_dim": 8,
  "train_size": 100,
  "train_examples": 100,
  "best_val_auc": 0.9080019637438684,
  "test": {
    "loss": 1.9468830046106558,
    "accuracy": 0.5081967115402222,
    "auc": 0.8465294477179377
  },
  "test_c": {
    "loss": 1.9468830046106558,
    "accuracy": 0.5081967115402222,
    "auc": 0.8465294477179377
  },
  "test_r": {
    "loss": 0.0,
    "accuracy": 0.3435109282533328,
    "auc": 0.7579161305362181
  },
  "rotation_robustness": {
    "g00": {
      "accuracy": 0.30655738711357117,
      "auc": 0.7635988880884041
    },
    "g01": {
      "accuracy": 0.31803280115127563,
      "auc": 0.7520430398665222
    },
    "g02": {
      "accuracy": 0.25573769211769104,
      "auc": 0.7215861196399749
    },
    "g03": {
      "accuracy": 0.3819672167301178,
      "auc": 0.7899560786621266
    },
    "g04": {
      "accuracy": 0.3606557250022888,
      "auc": 0.7492900389751966
    },
    "g05": {
      "accuracy": 0.3016393482685089,
      "auc": 0.7263316793908937
    },
    "g06": {
      "accuracy": 0.33114755153656006,
      "auc": 0.7192705637854591
    },
    "g07": {
      "accuracy": 0.3606557250022888,
      "auc": 0.7649462809649085
    },
    "g08": {
      "accuracy": 0.3049180209636688,
      "auc": 0.735510477099118
    },
    "g09": {
      "accuracy": 0.39344263076782227,
      "auc": 0.7766077132481207
    },
    "g10": {
      "accuracy": 0.3409835994243622,
      "auc": 0.770085733512717
    },
    "g11": {
      "accuracy": 0.31147539615631104,
      "auc": 0.7401884333630142
    },
    "g12": {
      "accuracy": 0.25573769211769104,
      "auc": 0.7307282645899638
    },
    "g13": {
      "accuracy": 0.3163934350013733,
      "auc": 0.7547487207291824
    },
    "g14": {
      "accuracy": 0.3426229655742645,
      "auc": 0.7494003739682302
    },
    "g15": {
      "accuracy": 0.2950819730758667,
      "auc": 0.7248012131337392
    },
    "g16": {
      "accuracy": 0.38852459192276,
      "auc": 0.7723706762754575
    },
    "g17": {
      "accuracy": 0.37377050518989563,
      "auc": 0.7437299043947384
    },
    "g18": {
      "accuracy": 0.36229509115219116,
      "auc": 0.758165872427654
    },
    "g19": {
      "accuracy": 0.36229509115219116,
      "auc": 0.7627689465955676
    },
    "g20": {
      "accuracy": 0.3918032646179199,
      "auc": 0.7964850937399478
    },
    "g21": {
      "accuracy": 0.33442622423171997,
      "auc": 0.7742513081960115
    },
    "g22": {
      "accuracy": 0.34590163826942444,
      "auc": 0.7665922645043477
    },
    "g23": {
      "accuracy": 0.5081967115402222,
      "auc": 0.8465294477179377
    },
    "mean_auc": 0.7579161305362181,
    "std_auc": 0.027670671553325473,
    "mean_accuracy": 0.3435109282533328,
    "std_accuracy": 0.051105268875822396
  },
  "wall_time_s": 5.73499608039856,
  "epochs_run": 69,
  "peak_train_alloc_bytes": 199376896,
  "peak_train_reserved_bytes": 304087040,
  "gpu_name": "NVIDIA A100-SXM4-80GB",
  "cuda_total_memory_bytes": 85095874560,
  "git_sha": "5fb3903a1c11765c007a1686e1c9acd77b6024db",
  "argv": [
    "--model",
    "standard",
    "--channels",
    "4",
    "8",
    "--head_dim",
    "64",
    "--train_mode",
    "C",
    "--seed",
    "789",
    "--batch_size",
    "64",
    "--output_dir",
    "/home/johmathe/bispectrum/paper/experiments/normalized_results/organ3d/n_100",
    "--data_dir",
    "./organ3d_data",
    "--subset_dir",
    "/home/johmathe/bispectrum/paper/experiments/normalized_results/subsets",
    "--patience",
    "15",
    "--epochs",
    "100",
    "--train_size",
    "100"
  ]
}