{
  "model": "norm",
  "group": "c8",
  "seed": 42,
  "growth_rate": 3,
  "n_params": 68935,
  "train_fraction": 0.1,
  "best_val_auc": 0.9485705697103523,
  "test": {
    "loss": 0.31789366132579744,
    "accuracy": 0.860504150390625,
    "auc": 0.9405382204293191
  },
  "rotation_robustness": {
    "mean_auc": 0.0,
    "std_auc": 0.0
  }
}