{
  "dataset": "pcam",
  "model": "bispectrum",
  "group": "c8",
  "seed": 42,
  "train_mode": "C",
  "geometry_group": "c8",
  "growth_rate": 4,
  "n_params": 128345,
  "invariant_dim": 544,
  "train_size": 100,
  "train_examples": 100,
  "best_val_auc": 0.863606185881018,
  "test": {
    "loss": 0.581168016185984,
    "accuracy": 0.73956298828125,
    "auc": 0.8187828515483428
  },
  "test_c": {
    "loss": 0.581168016185984,
    "accuracy": 0.73956298828125,
    "auc": 0.8187828515483428
  },
  "test_r": {
    "loss": 0.0,
    "accuracy": 0.6984710693359375,
    "auc": 0.7875162412907772
  },
  "rotation_robustness": {
    "g00": {
      "accuracy": 0.73956298828125,
      "auc": 0.8187828515483428
    },
    "g01": {
      "accuracy": 0.657470703125,
      "auc": 0.7570113692192625
    },
    "g02": {
      "accuracy": 0.73944091796875,
      "auc": 0.8177698704254763
    },
    "g03": {
      "accuracy": 0.657470703125,
      "auc": 0.757009555002556
    },
    "g04": {
      "accuracy": 0.73944091796875,
      "auc": 0.8177672366447546
    },
    "g05": {
      "accuracy": 0.657470703125,
      "auc": 0.7570123936742815
    },
    "g06": {
      "accuracy": 0.73944091796875,
      "auc": 0.8177699412060049
    },
    "g07": {
      "accuracy": 0.657470703125,
      "auc": 0.7570067126055394
    },
    "mean_auc": 0.7875162412907772,
    "std_auc": 0.030507813055999675,
    "mean_accuracy": 0.6984710693359375,
    "std_accuracy": 0.041000383247170355
  }
}