{
  "dataset": "spherical_mnist",
  "model": "power_spectrum",
  "base_model": "power_spectrum",
  "train_mode": "R",
  "test_rotation_seed": 777,
  "seed": 42,
  "lmax": 15,
  "n_params": 11466,
  "invariant_dim": 16,
  "train_size": 12500,
  "train_examples": 12500,
  "best_val_accuracy": 0.7486,
  "test_c": {
    "loss": 0.7847096057891846,
    "accuracy": 0.7367
  },
  "test": {
    "loss": 0.7847096057891846,
    "accuracy": 0.7367
  },
  "test_nr": {
    "loss": 0.7847096057891846,
    "accuracy": 0.7367
  },
  "test_r": {
    "loss": 0.7847254537582398,
    "accuracy": 0.7375
  },
  "rotation_robustness": {
    "rot_00": 0.737,
    "rot_01": 0.7372,
    "rot_02": 0.7371,
    "rot_03": 0.7372,
    "rot_04": 0.7371,
    "rot_05": 0.7376,
    "rot_06": 0.7378,
    "rot_07": 0.7373,
    "rot_08": 0.7368,
    "rot_09": 0.737,
    "mean_accuracy": 0.7372099999999999,
    "std_accuracy": 0.00028089143810377056
  }
}