{
  "dataset": "pcam",
  "model": "fourier_elu",
  "group": "c8",
  "seed": 42,
  "train_mode": "R",
  "geometry_group": "c8",
  "growth_rate": 4,
  "n_params": 109815,
  "invariant_dim": 34,
  "train_size": 500,
  "train_examples": 500,
  "best_val_auc": 0.8784983033765787,
  "test": {
    "loss": 0.4544853623083327,
    "accuracy": 0.790771484375,
    "auc": 0.8742726103937548
  },
  "test_c": {
    "loss": 0.4544853623083327,
    "accuracy": 0.790771484375,
    "auc": 0.8742726103937548
  },
  "test_r": {
    "loss": 0.0,
    "accuracy": 0.7865867614746094,
    "auc": 0.8722013728241148
  },
  "rotation_robustness": {
    "g00": {
      "accuracy": 0.790771484375,
      "auc": 0.8742726103937548
    },
    "g01": {
      "accuracy": 0.78228759765625,
      "auc": 0.869965693460103
    },
    "g02": {
      "accuracy": 0.790924072265625,
      "auc": 0.8744933711371391
    },
    "g03": {
      "accuracy": 0.78228759765625,
      "auc": 0.8699640617826545
    },
    "g04": {
      "accuracy": 0.790924072265625,
      "auc": 0.8744937958203107
    },
    "g05": {
      "accuracy": 0.78228759765625,
      "auc": 0.8699650974135464
    },
    "g06": {
      "accuracy": 0.790924072265625,
      "auc": 0.8744928607722751
    },
    "g07": {
      "accuracy": 0.78228759765625,
      "auc": 0.8699634918131348
    },
    "mean_auc": 0.8722013728241148,
    "std_auc": 0.0022378076211152505,
    "mean_accuracy": 0.7865867614746094,
    "std_accuracy": 0.004299417672705761
  }
}