{
  "dataset": "organ3d",
  "model": "standard",
  "train_mode": "C",
  "seed": 456,
  "channels": [
    4,
    8
  ],
  "head_dim": 64,
  "n_params": 16071,
  "invariant_dim": 8,
  "raw_invariant_dim": 8,
  "projected_dim": 8,
  "train_size": 500,
  "train_examples": 500,
  "best_val_auc": 0.9912006942199841,
  "test": {
    "loss": 0.9697127545466189,
    "accuracy": 0.7278688549995422,
    "auc": 0.9824214152384404
  },
  "test_c": {
    "loss": 0.9697127545466189,
    "accuracy": 0.7278688549995422,
    "auc": 0.9824214152384404
  },
  "test_r": {
    "loss": 0.0,
    "accuracy": 0.361338800440232,
    "auc": 0.8027417636661061
  },
  "rotation_robustness": {
    "g00": {
      "accuracy": 0.4196721315383911,
      "auc": 0.8550243254067624
    },
    "g01": {
      "accuracy": 0.3540983498096466,
      "auc": 0.8064429118095581
    },
    "g02": {
      "accuracy": 0.3196721374988556,
      "auc": 0.7593776006869623
    },
    "g03": {
      "accuracy": 0.40163934230804443,
      "auc": 0.8586837457574944
    },
    "g04": {
      "accuracy": 0.3655737638473511,
      "auc": 0.8474137054007848
    },
    "g05": {
      "accuracy": 0.26557376980781555,
      "auc": 0.7360320342738045
    },
    "g06": {
      "accuracy": 0.25573769211769104,
      "auc": 0.7182356478783979
    },
    "g07": {
      "accuracy": 0.5081967115402222,
      "auc": 0.8923885118594164
    },
    "g08": {
      "accuracy": 0.2786885201931,
      "auc": 0.747131940092265
    },
    "g09": {
      "accuracy": 0.28360655903816223,
      "auc": 0.7658145259798911
    },
    "g10": {
      "accuracy": 0.21803279221057892,
      "auc": 0.72593051826685
    },
    "g11": {
      "accuracy": 0.30000001192092896,
      "auc": 0.7635153242712758
    },
    "g12": {
      "accuracy": 0.28360655903816223,
      "auc": 0.7520574581586004
    },
    "g13": {
      "accuracy": 0.30000001192092896,
      "auc": 0.7595965896321638
    },
    "g14": {
      "accuracy": 0.24918033182621002,
      "auc": 0.7252767396854304
    },
    "g15": {
      "accuracy": 0.3196721374988556,
      "auc": 0.7923272129614584
    },
    "g16": {
      "accuracy": 0.4475409984588623,
      "auc": 0.8727514792034131
    },
    "g17": {
      "accuracy": 0.31803280115127563,
      "auc": 0.7426384511798364
    },
    "g18": {
      "accuracy": 0.30655738711357117,
      "auc": 0.753714163629622
    },
    "g19": {
      "accuracy": 0.35901638865470886,
      "auc": 0.829096880469312
    },
    "g20": {
      "accuracy": 0.44426229596138,
      "auc": 0.8869868366637085
    },
    "g21": {
      "accuracy": 0.4786885380744934,
      "auc": 0.8378072629987746
    },
    "g22": {
      "accuracy": 0.46721312403678894,
      "auc": 0.8551370464823232
    },
    "g23": {
      "accuracy": 0.7278688549995422,
      "auc": 0.9824214152384404
    },
    "mean_auc": 0.8027417636661061,
    "std_auc": 0.06670335348929442,
    "mean_accuracy": 0.361338800440232,
    "std_accuracy": 0.10964516981006885
  },
  "wall_time_s": 19.16915774345398,
  "epochs_run": 75,
  "peak_train_alloc_bytes": 199376896,
  "peak_train_reserved_bytes": 304087040,
  "gpu_name": "NVIDIA A100-SXM4-80GB",
  "cuda_total_memory_bytes": 85095874560,
  "git_sha": "5fb3903a1c11765c007a1686e1c9acd77b6024db",
  "argv": [
    "--model",
    "standard",
    "--channels",
    "4",
    "8",
    "--head_dim",
    "64",
    "--train_mode",
    "C",
    "--seed",
    "456",
    "--batch_size",
    "64",
    "--output_dir",
    "/home/johmathe/bispectrum/paper/experiments/normalized_results/organ3d/n_500",
    "--data_dir",
    "./organ3d_data",
    "--subset_dir",
    "/home/johmathe/bispectrum/paper/experiments/normalized_results/subsets",
    "--patience",
    "15",
    "--epochs",
    "100",
    "--train_size",
    "500"
  ]
}