{
  "dataset": "spherical_mnist",
  "model": "standard",
  "base_model": "standard",
  "train_mode": "C",
  "test_rotation_seed": 777,
  "seed": 42,
  "lmax": 15,
  "n_params": 184778,
  "invariant_dim": null,
  "train_size": 500,
  "train_examples": 500,
  "best_val_accuracy": 0.9382,
  "test_c": {
    "loss": 0.21723711709976196,
    "accuracy": 0.9388
  },
  "test": {
    "loss": 0.21723711709976196,
    "accuracy": 0.9388
  },
  "test_nr": {
    "loss": 0.21723711709976196,
    "accuracy": 0.9388
  },
  "test_r": {
    "loss": 5.572580649566651,
    "accuracy": 0.1109
  },
  "rotation_robustness": {
    "rot_00": 0.1048,
    "rot_01": 0.016,
    "rot_02": 0.0668,
    "rot_03": 0.0867,
    "rot_04": 0.0788,
    "rot_05": 0.1096,
    "rot_06": 0.1083,
    "rot_07": 0.1026,
    "rot_08": 0.0595,
    "rot_09": 0.1028,
    "mean_accuracy": 0.08359,
    "std_accuracy": 0.028161372480758107
  }
}