{
  "dataset": "pcam",
  "model": "gate",
  "group": "c8",
  "seed": 42,
  "train_mode": "R",
  "geometry_group": "c8",
  "growth_rate": 3,
  "n_params": 135682,
  "invariant_dim": 27,
  "train_size": 100,
  "train_examples": 100,
  "best_val_auc": 0.8483367445907277,
  "test": {
    "loss": 0.5599820202914998,
    "accuracy": 0.76336669921875,
    "auc": 0.8322819351472512
  },
  "test_c": {
    "loss": 0.5599820202914998,
    "accuracy": 0.76336669921875,
    "auc": 0.8322819351472512
  },
  "test_r": {
    "loss": 0.0,
    "accuracy": 0.7527313232421875,
    "auc": 0.8255905907747856
  },
  "rotation_robustness": {
    "g00": {
      "accuracy": 0.76336669921875,
      "auc": 0.8322819351472512
    },
    "g01": {
      "accuracy": 0.74285888671875,
      "auc": 0.8189831045648908
    },
    "g02": {
      "accuracy": 0.76239013671875,
      "auc": 0.8321705042435031
    },
    "g03": {
      "accuracy": 0.74285888671875,
      "auc": 0.8189869602410534
    },
    "g04": {
      "accuracy": 0.7623291015625,
      "auc": 0.8321691333364231
    },
    "g05": {
      "accuracy": 0.74285888671875,
      "auc": 0.8189821806927281
    },
    "g06": {
      "accuracy": 0.7623291015625,
      "auc": 0.8321689843247839
    },
    "g07": {
      "accuracy": 0.74285888671875,
      "auc": 0.8189819236476505
    },
    "mean_auc": 0.8255905907747856,
    "std_auc": 0.006607138279453689,
    "mean_accuracy": 0.7527313232421875,
    "std_accuracy": 0.009877364330546385
  }
}