{
  "dataset": "pcam",
  "model": "norm",
  "group": "c8",
  "seed": 123,
  "train_mode": "C",
  "geometry_group": "c8",
  "growth_rate": 4,
  "n_params": 110093,
  "invariant_dim": 34,
  "train_size": null,
  "train_examples": 262144,
  "best_val_auc": 0.9627146967157973,
  "test": {
    "loss": 0.2883824106538668,
    "accuracy": 0.879119873046875,
    "auc": 0.9577504244810745
  },
  "test_c": {
    "loss": 0.2883824106538668,
    "accuracy": 0.879119873046875,
    "auc": 0.9577504244810745
  },
  "test_r": {
    "loss": 0.0,
    "accuracy": 0.8307266235351562,
    "auc": 0.9353883902878729
  },
  "rotation_robustness": {
    "g00": {
      "accuracy": 0.879119873046875,
      "auc": 0.9577504244810745
    },
    "g01": {
      "accuracy": 0.782257080078125,
      "auc": 0.9132121084160854
    },
    "g02": {
      "accuracy": 0.879241943359375,
      "auc": 0.9575474669032763
    },
    "g03": {
      "accuracy": 0.782196044921875,
      "auc": 0.9131570262636777
    },
    "g04": {
      "accuracy": 0.87933349609375,
      "auc": 0.9575502496956372
    },
    "g05": {
      "accuracy": 0.78216552734375,
      "auc": 0.9132099365714449
    },
    "g06": {
      "accuracy": 0.879364013671875,
      "auc": 0.957549072503688
    },
    "g07": {
      "accuracy": 0.782135009765625,
      "auc": 0.913130837468099
    },
    "mean_auc": 0.9353883902878729,
    "std_auc": 0.022211012440890417,
    "mean_accuracy": 0.8307266235351562,
    "std_accuracy": 0.04853826497040722
  }
}