{
  "dataset": "organ3d",
  "model": "max_pool",
  "train_mode": "C",
  "seed": 101112,
  "channels": [
    4,
    8
  ],
  "head_dim": 64,
  "n_params": 374423,
  "invariant_dim": 8,
  "raw_invariant_dim": 8,
  "projected_dim": 8,
  "train_size": 500,
  "train_examples": 500,
  "best_val_auc": 0.9816043157227977,
  "test": {
    "loss": 0.8322312777159644,
    "accuracy": 0.6557376980781555,
    "auc": 0.9602120479426811
  },
  "test_c": {
    "loss": 0.8322312777159644,
    "accuracy": 0.6557376980781555,
    "auc": 0.9602120479426811
  },
  "test_r": {
    "loss": 0.0,
    "accuracy": 0.6557376980781555,
    "auc": 0.9602093119893099
  },
  "rotation_robustness": {
    "g00": {
      "accuracy": 0.6557376980781555,
      "auc": 0.9602022127884534
    },
    "g01": {
      "accuracy": 0.6557376980781555,
      "auc": 0.9602118982498513
    },
    "g02": {
      "accuracy": 0.6557376980781555,
      "auc": 0.960209712233964
    },
    "g03": {
      "accuracy": 0.6557376980781555,
      "auc": 0.9602169623477526
    },
    "g04": {
      "accuracy": 0.6557376980781555,
      "auc": 0.96021217883617
    },
    "g05": {
      "accuracy": 0.6557376980781555,
      "auc": 0.9602146141837795
    },
    "g06": {
      "accuracy": 0.6557376980781555,
      "auc": 0.960202262842391
    },
    "g07": {
      "accuracy": 0.6557376980781555,
      "auc": 0.9602145299821074
    },
    "g08": {
      "accuracy": 0.6557376980781555,
      "auc": 0.9602071147382688
    },
    "g09": {
      "accuracy": 0.6557376980781555,
      "auc": 0.9601997962401847
    },
    "g10": {
      "accuracy": 0.6557376980781555,
      "auc": 0.96021217883617
    },
    "g11": {
      "accuracy": 0.6557376980781555,
      "auc": 0.9602096125950716
    },
    "g12": {
      "accuracy": 0.6557376980781555,
      "auc": 0.9602121475815732
    },
    "g13": {
      "accuracy": 0.6557376980781555,
      "auc": 0.9602194973342542
    },
    "g14": {
      "accuracy": 0.6557376980781555,
      "auc": 0.9602046793906595
    },
    "g15": {
      "accuracy": 0.6557376980781555,
      "auc": 0.9602096809793672
    },
    "g16": {
      "accuracy": 0.6557376980781555,
      "auc": 0.9602096809793672
    },
    "g17": {
      "accuracy": 0.6557376980781555,
      "auc": 0.9601948942903693
    },
    "g18": {
      "accuracy": 0.6557376980781555,
      "auc": 0.9602194973342542
    },
    "g19": {
      "accuracy": 0.6557376980781555,
      "auc": 0.9602045797517672
    },
    "g20": {
      "accuracy": 0.6557376980781555,
      "auc": 0.9602070463539735
    },
    "g21": {
      "accuracy": 0.6557376980781555,
      "auc": 0.9602096125950716
    },
    "g22": {
      "accuracy": 0.6557376980781555,
      "auc": 0.9602070493359375
    },
    "g23": {
      "accuracy": 0.6557376980781555,
      "auc": 0.9602120479426811
    },
    "mean_auc": 0.9602093119893099,
    "std_auc": 5.838311437785401e-06,
    "mean_accuracy": 0.6557376980781555,
    "std_accuracy": 0.0
  },
  "wall_time_s": 105.78163766860962,
  "epochs_run": 75,
  "peak_train_alloc_bytes": 2697406976,
  "peak_train_reserved_bytes": 3621781504,
  "gpu_name": "NVIDIA A100-SXM4-80GB",
  "cuda_total_memory_bytes": 85095874560,
  "git_sha": "5fb3903a1c11765c007a1686e1c9acd77b6024db",
  "argv": [
    "--model",
    "max_pool",
    "--channels",
    "4",
    "8",
    "--head_dim",
    "64",
    "--train_mode",
    "C",
    "--seed",
    "101112",
    "--batch_size",
    "32",
    "--output_dir",
    "/home/johmathe/bispectrum/paper/experiments/normalized_results/organ3d/n_500",
    "--data_dir",
    "./organ3d_data",
    "--subset_dir",
    "/home/johmathe/bispectrum/paper/experiments/normalized_results/subsets",
    "--patience",
    "15",
    "--epochs",
    "100",
    "--train_size",
    "500"
  ]
}