{
  "dataset": "pcam",
  "model": "standard",
  "group": "c8",
  "seed": 456,
  "train_mode": "C",
  "geometry_group": "c8",
  "growth_rate": 12,
  "n_params": 101959,
  "invariant_dim": 90,
  "train_size": 12500,
  "train_examples": 12500,
  "best_val_auc": 0.9279569603141996,
  "test": {
    "loss": 0.4210779033601284,
    "accuracy": 0.82147216796875,
    "auc": 0.8986911626006178
  },
  "test_c": {
    "loss": 0.4210779033601284,
    "accuracy": 0.82147216796875,
    "auc": 0.8986911626006178
  },
  "test_r": {
    "loss": 0.0,
    "accuracy": 0.7910690307617188,
    "auc": 0.8823878666833247
  },
  "rotation_robustness": {
    "g00": {
      "accuracy": 0.82147216796875,
      "auc": 0.8986911626006178
    },
    "g01": {
      "accuracy": 0.774017333984375,
      "auc": 0.8710067819034022
    },
    "g02": {
      "accuracy": 0.7967529296875,
      "auc": 0.8850942379594507
    },
    "g03": {
      "accuracy": 0.762359619140625,
      "auc": 0.868494535074503
    },
    "g04": {
      "accuracy": 0.7940673828125,
      "auc": 0.8855748451991655
    },
    "g05": {
      "accuracy": 0.772369384765625,
      "auc": 0.8721033771822806
    },
    "g06": {
      "accuracy": 0.81536865234375,
      "auc": 0.8967744184357915
    },
    "g07": {
      "accuracy": 0.792144775390625,
      "auc": 0.8813635751113861
    },
    "mean_auc": 0.8823878666833247,
    "std_auc": 0.010721621018529569,
    "mean_accuracy": 0.7910690307617188,
    "std_accuracy": 0.019435611157679483
  },
  "wall_time_s": 462.41383600234985,
  "epochs_run": 30,
  "peak_train_alloc_bytes": 25105594368,
  "peak_train_reserved_bytes": 31281119232,
  "gpu_name": "NVIDIA A100-SXM4-80GB",
  "cuda_total_memory_bytes": 85095874560,
  "git_sha": "5fb3903a1c11765c007a1686e1c9acd77b6024db",
  "argv": [
    "--model",
    "standard",
    "--group",
    "c8",
    "--geometry_group",
    "c8",
    "--growth_rate",
    "12",
    "--train_mode",
    "C",
    "--seed",
    "456",
    "--batch_size",
    "1024",
    "--output_dir",
    "/home/johmathe/bispectrum/paper/experiments/normalized_results/pcam/n_12500",
    "--data_dir",
    "./pcam_data",
    "--subset_dir",
    "/home/johmathe/bispectrum/paper/experiments/normalized_results/subsets",
    "--patience",
    "10",
    "--epochs",
    "50",
    "--train_size",
    "12500"
  ]
}