{
  "dataset": "spherical_mnist",
  "model": "bispectrum",
  "base_model": "bispectrum",
  "train_mode": "C",
  "test_rotation_seed": 777,
  "seed": 42,
  "lmax": 15,
  "n_params": 231818,
  "invariant_dim": 768,
  "train_size": 100,
  "train_examples": 100,
  "best_val_accuracy": 0.0961,
  "test_c": {
    "loss": 2.3029396484375,
    "accuracy": 0.1009
  },
  "test": {
    "loss": 2.3029396484375,
    "accuracy": 0.1009
  },
  "test_nr": {
    "loss": 2.3029396484375,
    "accuracy": 0.1009
  },
  "test_r": {
    "loss": 2.3029404296875,
    "accuracy": 0.1009
  },
  "rotation_robustness": {
    "rot_00": 0.1009,
    "rot_01": 0.1009,
    "rot_02": 0.1009,
    "rot_03": 0.1009,
    "rot_04": 0.1009,
    "rot_05": 0.1009,
    "rot_06": 0.1009,
    "rot_07": 0.1009,
    "rot_08": 0.1009,
    "rot_09": 0.1009,
    "mean_accuracy": 0.10090000000000002,
    "std_accuracy": 1.3877787807814457e-17
  }
}