{
  "dataset": "organ3d",
  "model": "bispectrum",
  "train_mode": "C",
  "seed": 789,
  "channels": [
    4,
    8
  ],
  "head_dim": 64,
  "n_params": 463167,
  "invariant_dim": 64,
  "raw_invariant_dim": 1376,
  "projected_dim": 64,
  "train_size": null,
  "train_examples": 971,
  "best_val_auc": 0.9899076402516725,
  "test": {
    "loss": 0.5845350812693111,
    "accuracy": 0.7524589896202087,
    "auc": 0.9738891342941063
  },
  "test_c": {
    "loss": 0.5845350812693111,
    "accuracy": 0.7524589896202087,
    "auc": 0.9738891342941063
  },
  "test_r": {
    "loss": 0.0,
    "accuracy": 0.7520491629838943,
    "auc": 0.9738878927149074
  },
  "rotation_robustness": {
    "g00": {
      "accuracy": 0.7524589896202087,
      "auc": 0.9738790032051661
    },
    "g01": {
      "accuracy": 0.7524589896202087,
      "auc": 0.9739042169178166
    },
    "g02": {
      "accuracy": 0.7524589896202087,
      "auc": 0.9738816006120348
    },
    "g03": {
      "accuracy": 0.7524589896202087,
      "auc": 0.9738916692806079
    },
    "g04": {
      "accuracy": 0.7524589896202087,
      "auc": 0.973894301012864
    },
    "g05": {
      "accuracy": 0.7508196830749512,
      "auc": 0.973884331983183
    },
    "g06": {
      "accuracy": 0.7524589896202087,
      "auc": 0.9738965181945217
    },
    "g07": {
      "accuracy": 0.7524589896202087,
      "auc": 0.9738865396915487
    },
    "g08": {
      "accuracy": 0.7524589896202087,
      "auc": 0.9738968671651359
    },
    "g09": {
      "accuracy": 0.7508196830749512,
      "auc": 0.9738769321765648
    },
    "g10": {
      "accuracy": 0.7508196830749512,
      "auc": 0.9738767671353412
    },
    "g11": {
      "accuracy": 0.7524589896202087,
      "auc": 0.9738942012851453
    },
    "g12": {
      "accuracy": 0.7524589896202087,
      "auc": 0.9738814697185457
    },
    "g13": {
      "accuracy": 0.7508196830749512,
      "auc": 0.9738790031163395
    },
    "g14": {
      "accuracy": 0.7524589896202087,
      "auc": 0.97387637147291
    },
    "g15": {
      "accuracy": 0.7524589896202087,
      "auc": 0.973901585274387
    },
    "g16": {
      "accuracy": 0.7524589896202087,
      "auc": 0.9738892993353298
    },
    "g17": {
      "accuracy": 0.7524589896202087,
      "auc": 0.9738817003397535
    },
    "g18": {
      "accuracy": 0.7508196830749512,
      "auc": 0.9738817003397535
    },
    "g19": {
      "accuracy": 0.7524589896202087,
      "auc": 0.973883786627922
    },
    "g20": {
      "accuracy": 0.7524589896202087,
      "auc": 0.9738943039060017
    },
    "g21": {
      "accuracy": 0.7524589896202087,
      "auc": 0.9738890034006172
    },
    "g22": {
      "accuracy": 0.7508196830749512,
      "auc": 0.9738991186721809
    },
    "g23": {
      "accuracy": 0.7524589896202087,
      "auc": 0.9738891342941063
    },
    "mean_auc": 0.9738878927149074,
    "std_auc": 8.163732347188343e-06,
    "mean_accuracy": 0.7520491629838943,
    "std_accuracy": 0.0007098405563915794
  },
  "wall_time_s": 262.3654022216797,
  "epochs_run": 81,
  "peak_train_alloc_bytes": 1688434688,
  "peak_train_reserved_bytes": 2229272576,
  "gpu_name": "NVIDIA A100-SXM4-80GB",
  "cuda_total_memory_bytes": 85095874560,
  "git_sha": "5fb3903a1c11765c007a1686e1c9acd77b6024db",
  "argv": [
    "--model",
    "bispectrum",
    "--channels",
    "4",
    "8",
    "--head_dim",
    "64",
    "--train_mode",
    "C",
    "--seed",
    "789",
    "--batch_size",
    "16",
    "--output_dir",
    "/home/johmathe/bispectrum/paper/experiments/normalized_results/organ3d/n_full",
    "--data_dir",
    "./organ3d_data",
    "--subset_dir",
    "/home/johmathe/bispectrum/paper/experiments/normalized_results/subsets",
    "--patience",
    "15",
    "--epochs",
    "100"
  ]
}