{
  "dataset": "organ3d",
  "model": "standard",
  "train_mode": "C",
  "seed": 123,
  "channels": [
    4,
    8
  ],
  "head_dim": 64,
  "n_params": 16071,
  "invariant_dim": 8,
  "raw_invariant_dim": 8,
  "projected_dim": 8,
  "train_size": null,
  "train_examples": 971,
  "best_val_auc": 0.9978829646428192,
  "test": {
    "loss": 0.598983639576396,
    "accuracy": 0.8065573573112488,
    "auc": 0.9873671168810897
  },
  "test_c": {
    "loss": 0.598983639576396,
    "accuracy": 0.8065573573112488,
    "auc": 0.9873671168810897
  },
  "test_r": {
    "loss": 0.0,
    "accuracy": 0.3693989117940267,
    "auc": 0.8020709671870009
  },
  "rotation_robustness": {
    "g00": {
      "accuracy": 0.4540983736515045,
      "auc": 0.9002433473539381
    },
    "g01": {
      "accuracy": 0.37377050518989563,
      "auc": 0.8294779234252201
    },
    "g02": {
      "accuracy": 0.2950819730758667,
      "auc": 0.7938620455251555
    },
    "g03": {
      "accuracy": 0.3983606696128845,
      "auc": 0.8663886154759397
    },
    "g04": {
      "accuracy": 0.29672130942344666,
      "auc": 0.8097807178208853
    },
    "g05": {
      "accuracy": 0.2360655665397644,
      "auc": 0.7336668738700535
    },
    "g06": {
      "accuracy": 0.19344262778759003,
      "auc": 0.6819140143710424
    },
    "g07": {
      "accuracy": 0.5065574049949646,
      "auc": 0.8950606740814995
    },
    "g08": {
      "accuracy": 0.27213114500045776,
      "auc": 0.743901926416644
    },
    "g09": {
      "accuracy": 0.26557376980781555,
      "auc": 0.71795830495327
    },
    "g10": {
      "accuracy": 0.2393442690372467,
      "auc": 0.7293673424014496
    },
    "g11": {
      "accuracy": 0.3426229655742645,
      "auc": 0.7695559638469578
    },
    "g12": {
      "accuracy": 0.28360655903816223,
      "auc": 0.7414323113487143
    },
    "g13": {
      "accuracy": 0.2918032705783844,
      "auc": 0.7305780029819512
    },
    "g14": {
      "accuracy": 0.21311475336551666,
      "auc": 0.6894114554007701
    },
    "g15": {
      "accuracy": 0.28032785654067993,
      "auc": 0.7743425335245223
    },
    "g16": {
      "accuracy": 0.5049180388450623,
      "auc": 0.8948320898784297
    },
    "g17": {
      "accuracy": 0.29344263672828674,
      "auc": 0.7186102138895568
    },
    "g18": {
      "accuracy": 0.27540984749794006,
      "auc": 0.7317896036983055
    },
    "g19": {
      "accuracy": 0.34918034076690674,
      "auc": 0.820917921660696
    },
    "g20": {
      "accuracy": 0.5393442511558533,
      "auc": 0.9141775300981965
    },
    "g21": {
      "accuracy": 0.5639344453811646,
      "auc": 0.8790478738329675
    },
    "g22": {
      "accuracy": 0.5901639461517334,
      "auc": 0.8960188097507658
    },
    "g23": {
      "accuracy": 0.8065573573112488,
      "auc": 0.9873671168810897
    },
    "mean_auc": 0.8020709671870009,
    "std_auc": 0.08266059409120952,
    "mean_accuracy": 0.3693989117940267,
    "std_accuracy": 0.1457662436942315
  }
}