{
  "dataset": "organ3d",
  "model": "standard",
  "train_mode": "R",
  "seed": 123,
  "channels": [
    4,
    8
  ],
  "head_dim": 64,
  "n_params": 16071,
  "invariant_dim": 8,
  "raw_invariant_dim": 8,
  "projected_dim": 8,
  "train_size": 100,
  "train_examples": 100,
  "best_val_auc": 0.9026477704734623,
  "test": {
    "loss": 2.008681800717213,
    "accuracy": 0.28360655903816223,
    "auc": 0.8830661733770458
  },
  "test_c": {
    "loss": 2.008681800717213,
    "accuracy": 0.28360655903816223,
    "auc": 0.8830661733770458
  },
  "test_r": {
    "loss": 0.0,
    "accuracy": 0.2890710346400738,
    "auc": 0.8803836033424396
  },
  "rotation_robustness": {
    "g00": {
      "accuracy": 0.2950819730758667,
      "auc": 0.883440808659466
    },
    "g01": {
      "accuracy": 0.2852458953857422,
      "auc": 0.8782914145053552
    },
    "g02": {
      "accuracy": 0.3098360598087311,
      "auc": 0.8865734148899801
    },
    "g03": {
      "accuracy": 0.29344263672828674,
      "auc": 0.8810489320729392
    },
    "g04": {
      "accuracy": 0.29672130942344666,
      "auc": 0.8900734239472121
    },
    "g05": {
      "accuracy": 0.2639344334602356,
      "auc": 0.8818553583986819
    },
    "g06": {
      "accuracy": 0.2983606457710266,
      "auc": 0.8788766829278057
    },
    "g07": {
      "accuracy": 0.29672130942344666,
      "auc": 0.8877448998845696
    },
    "g08": {
      "accuracy": 0.3163934350013733,
      "auc": 0.8797651785277167
    },
    "g09": {
      "accuracy": 0.3049180209636688,
      "auc": 0.8802660816554465
    },
    "g10": {
      "accuracy": 0.28032785654067993,
      "auc": 0.8760877730087436
    },
    "g11": {
      "accuracy": 0.2950819730758667,
      "auc": 0.8820069696930809
    },
    "g12": {
      "accuracy": 0.2737704813480377,
      "auc": 0.8715051120330309
    },
    "g13": {
      "accuracy": 0.2852458953857422,
      "auc": 0.8818344007817367
    },
    "g14": {
      "accuracy": 0.3163934350013733,
      "auc": 0.8843001296616356
    },
    "g15": {
      "accuracy": 0.3163934350013733,
      "auc": 0.8838882147418011
    },
    "g16": {
      "accuracy": 0.28360655903816223,
      "auc": 0.8798556270951127
    },
    "g17": {
      "accuracy": 0.27213114500045776,
      "auc": 0.875609172256715
    },
    "g18": {
      "accuracy": 0.26229506731033325,
      "auc": 0.8728336033195443
    },
    "g19": {
      "accuracy": 0.25573769211769104,
      "auc": 0.8709478691165113
    },
    "g20": {
      "accuracy": 0.29672130942344666,
      "auc": 0.8888775806768021
    },
    "g21": {
      "accuracy": 0.29672130942344666,
      "auc": 0.8764113139711397
    },
    "g22": {
      "accuracy": 0.25901639461517334,
      "auc": 0.874046345016475
    },
    "g23": {
      "accuracy": 0.28360655903816223,
      "auc": 0.8830661733770458
    },
    "mean_auc": 0.8803836033424396,
    "std_auc": 0.005161682939812539,
    "mean_accuracy": 0.2890710346400738,
    "std_accuracy": 0.017539621656062484
  },
  "wall_time_s": 8.792964696884155,
  "epochs_run": 68,
  "peak_train_alloc_bytes": 198965248,
  "peak_train_reserved_bytes": 295698432,
  "gpu_name": "NVIDIA A100-SXM4-80GB",
  "cuda_total_memory_bytes": 85095874560,
  "git_sha": "5fb3903a1c11765c007a1686e1c9acd77b6024db",
  "argv": [
    "--model",
    "standard",
    "--channels",
    "4",
    "8",
    "--head_dim",
    "64",
    "--train_mode",
    "R",
    "--seed",
    "123",
    "--batch_size",
    "64",
    "--output_dir",
    "/home/johmathe/bispectrum/paper/experiments/normalized_results/organ3d/n_100",
    "--data_dir",
    "./organ3d_data",
    "--subset_dir",
    "/home/johmathe/bispectrum/paper/experiments/normalized_results/subsets",
    "--patience",
    "15",
    "--epochs",
    "100",
    "--train_size",
    "100"
  ]
}