{
  "dataset": "organ3d",
  "model": "max_pool",
  "train_mode": "R",
  "seed": 101112,
  "channels": [
    4,
    8
  ],
  "head_dim": 64,
  "n_params": 374423,
  "invariant_dim": 8,
  "raw_invariant_dim": 8,
  "projected_dim": 8,
  "train_size": 500,
  "train_examples": 500,
  "best_val_auc": 0.9705025890010418,
  "test": {
    "loss": 1.0425517598136527,
    "accuracy": 0.6000000238418579,
    "auc": 0.9498138414974836
  },
  "test_c": {
    "loss": 1.0425517598136527,
    "accuracy": 0.6000000238418579,
    "auc": 0.9498138414974836
  },
  "test_r": {
    "loss": 0.0,
    "accuracy": 0.6000000238418579,
    "auc": 0.949816723596474
  },
  "rotation_robustness": {
    "g00": {
      "accuracy": 0.6000000238418579,
      "auc": 0.9498163080996899
    },
    "g01": {
      "accuracy": 0.6000000238418579,
      "auc": 0.9498163080996899
    },
    "g02": {
      "accuracy": 0.6000000238418579,
      "auc": 0.9498163080996899
    },
    "g03": {
      "accuracy": 0.6000000238418579,
      "auc": 0.9498163080996899
    },
    "g04": {
      "accuracy": 0.6000000238418579,
      "auc": 0.9498163080996899
    },
    "g05": {
      "accuracy": 0.6000000238418579,
      "auc": 0.9498163080996899
    },
    "g06": {
      "accuracy": 0.6000000238418579,
      "auc": 0.9498110447240041
    },
    "g07": {
      "accuracy": 0.6000000238418579,
      "auc": 0.9498163080996899
    },
    "g08": {
      "accuracy": 0.6000000238418579,
      "auc": 0.9498163080996899
    },
    "g09": {
      "accuracy": 0.6000000238418579,
      "auc": 0.9498163080996899
    },
    "g10": {
      "accuracy": 0.6000000238418579,
      "auc": 0.9498163080996899
    },
    "g11": {
      "accuracy": 0.6000000238418579,
      "auc": 0.9498163080996899
    },
    "g12": {
      "accuracy": 0.6000000238418579,
      "auc": 0.9498163080996899
    },
    "g13": {
      "accuracy": 0.6000000238418579,
      "auc": 0.9498163080996899
    },
    "g14": {
      "accuracy": 0.6000000238418579,
      "auc": 0.9498163080996899
    },
    "g15": {
      "accuracy": 0.6000000238418579,
      "auc": 0.949818874340788
    },
    "g16": {
      "accuracy": 0.6000000238418579,
      "auc": 0.949818874340788
    },
    "g17": {
      "accuracy": 0.6000000238418579,
      "auc": 0.9498213096883975
    },
    "g18": {
      "accuracy": 0.6000000238418579,
      "auc": 0.9498163080996899
    },
    "g19": {
      "accuracy": 0.6000000238418579,
      "auc": 0.949818874340788
    },
    "g20": {
      "accuracy": 0.6000000238418579,
      "auc": 0.9498163080996899
    },
    "g21": {
      "accuracy": 0.6000000238418579,
      "auc": 0.9498213096883975
    },
    "g22": {
      "accuracy": 0.6000000238418579,
      "auc": 0.9498163080996899
    },
    "g23": {
      "accuracy": 0.6000000238418579,
      "auc": 0.9498138414974836
    },
    "mean_auc": 0.949816723596474,
    "std_auc": 2.035441265775114e-06,
    "mean_accuracy": 0.6000000238418579,
    "std_accuracy": 0.0
  },
  "wall_time_s": 68.41687655448914,
  "epochs_run": 42,
  "peak_train_alloc_bytes": 2699536896,
  "peak_train_reserved_bytes": 3642753024,
  "gpu_name": "NVIDIA A100-SXM4-80GB",
  "cuda_total_memory_bytes": 85095874560,
  "git_sha": "5fb3903a1c11765c007a1686e1c9acd77b6024db",
  "argv": [
    "--model",
    "max_pool",
    "--channels",
    "4",
    "8",
    "--head_dim",
    "64",
    "--train_mode",
    "R",
    "--seed",
    "101112",
    "--batch_size",
    "32",
    "--output_dir",
    "/home/johmathe/bispectrum/paper/experiments/normalized_results/organ3d/n_500",
    "--data_dir",
    "./organ3d_data",
    "--subset_dir",
    "/home/johmathe/bispectrum/paper/experiments/normalized_results/subsets",
    "--patience",
    "15",
    "--epochs",
    "100",
    "--train_size",
    "500"
  ]
}