{
  "dataset": "pcam",
  "model": "gate",
  "group": "c8",
  "seed": 123,
  "train_mode": "R",
  "geometry_group": "c8",
  "growth_rate": 3,
  "n_params": 135682,
  "invariant_dim": 27,
  "train_size": 2500,
  "train_examples": 2500,
  "best_val_auc": 0.8921645720937428,
  "test": {
    "loss": 0.4749466913053766,
    "accuracy": 0.777587890625,
    "auc": 0.8713135037361148
  },
  "test_c": {
    "loss": 0.4749466913053766,
    "accuracy": 0.777587890625,
    "auc": 0.8713135037361148
  },
  "test_r": {
    "loss": 0.0,
    "accuracy": 0.779876708984375,
    "auc": 0.8702159454695185
  },
  "rotation_robustness": {
    "g00": {
      "accuracy": 0.777587890625,
      "auc": 0.8713135037361148
    },
    "g01": {
      "accuracy": 0.781341552734375,
      "auc": 0.8690561301400899
    },
    "g02": {
      "accuracy": 0.7786865234375,
      "auc": 0.8713964026362588
    },
    "g03": {
      "accuracy": 0.781341552734375,
      "auc": 0.8690559066226312
    },
    "g04": {
      "accuracy": 0.7786865234375,
      "auc": 0.8713972333761469
    },
    "g05": {
      "accuracy": 0.781341552734375,
      "auc": 0.8690549715745955
    },
    "g06": {
      "accuracy": 0.7786865234375,
      "auc": 0.8713974568936057
    },
    "g07": {
      "accuracy": 0.781341552734375,
      "auc": 0.8690559587767049
    },
    "mean_auc": 0.8702159454695185,
    "std_auc": 0.0011604856134147074,
    "mean_accuracy": 0.779876708984375,
    "std_accuracy": 0.0015029713585859989
  }
}