{
  "dataset": "spherical_mnist",
  "model": "bispectrum",
  "base_model": "bispectrum",
  "train_mode": "C",
  "test_rotation_seed": 777,
  "seed": 42,
  "lmax": 15,
  "n_params": 231818,
  "invariant_dim": 768,
  "train_size": 2500,
  "train_examples": 2500,
  "best_val_accuracy": 0.8923,
  "test_c": {
    "loss": 0.3661168917655945,
    "accuracy": 0.8862
  },
  "test": {
    "loss": 0.3661168917655945,
    "accuracy": 0.8862
  },
  "test_nr": {
    "loss": 0.3661168917655945,
    "accuracy": 0.8862
  },
  "test_r": {
    "loss": 0.3681307388305664,
    "accuracy": 0.8859
  },
  "rotation_robustness": {
    "rot_00": 0.8862,
    "rot_01": 0.8863,
    "rot_02": 0.8861,
    "rot_03": 0.8863,
    "rot_04": 0.8861,
    "rot_05": 0.886,
    "rot_06": 0.8863,
    "rot_07": 0.886,
    "rot_08": 0.8864,
    "rot_09": 0.8865,
    "mean_accuracy": 0.88622,
    "std_accuracy": 0.0001599999999999824
  }
}