{
  "dataset": "organ3d",
  "model": "bispectrum",
  "train_mode": "R",
  "seed": 42,
  "channels": [
    4,
    8
  ],
  "head_dim": 64,
  "n_params": 463167,
  "invariant_dim": 64,
  "raw_invariant_dim": 1376,
  "projected_dim": 64,
  "train_size": 500,
  "train_examples": 500,
  "best_val_auc": 0.979503137543491,
  "test": {
    "loss": 0.9544377311331327,
    "accuracy": 0.6163934469223022,
    "auc": 0.9493491984663581
  },
  "test_c": {
    "loss": 0.9544377311331327,
    "accuracy": 0.6163934469223022,
    "auc": 0.9493491984663581
  },
  "test_r": {
    "loss": 0.0,
    "accuracy": 0.6163934469223022,
    "auc": 0.9493390206544756
  },
  "rotation_robustness": {
    "g00": {
      "accuracy": 0.6163934469223022,
      "auc": 0.949331945175154
    },
    "g01": {
      "accuracy": 0.6163934469223022,
      "auc": 0.9493518643463486
    },
    "g02": {
      "accuracy": 0.6163934469223022,
      "auc": 0.9493343805227634
    },
    "g03": {
      "accuracy": 0.6163934469223022,
      "auc": 0.9493392636732381
    },
    "g04": {
      "accuracy": 0.6163934469223022,
      "auc": 0.9493418611689333
    },
    "g05": {
      "accuracy": 0.6163934469223022,
      "auc": 0.9493468315030441
    },
    "g06": {
      "accuracy": 0.6163934469223022,
      "auc": 0.949334312138468
    },
    "g07": {
      "accuracy": 0.6163934469223022,
      "auc": 0.9493470249057268
    },
    "g08": {
      "accuracy": 0.6163934469223022,
      "auc": 0.9493245766231325
    },
    "g09": {
      "accuracy": 0.6163934469223022,
      "auc": 0.9493396126438522
    },
    "g10": {
      "accuracy": 0.6163934469223022,
      "auc": 0.9493446579424127
    },
    "g11": {
      "accuracy": 0.6163934469223022,
      "auc": 0.9493545927355328
    },
    "g12": {
      "accuracy": 0.6163934469223022,
      "auc": 0.9493418299143365
    },
    "g13": {
      "accuracy": 0.6163934469223022,
      "auc": 0.9493420792460584
    },
    "g14": {
      "accuracy": 0.6163934469223022,
      "auc": 0.9493372085508398
    },
    "g15": {
      "accuracy": 0.6163934469223022,
      "auc": 0.94934189242353
    },
    "g16": {
      "accuracy": 0.6163934469223022,
      "auc": 0.9493244769842403
    },
    "g17": {
      "accuracy": 0.6163934469223022,
      "auc": 0.9493192448631512
    },
    "g18": {
      "accuracy": 0.6163934469223022,
      "auc": 0.9493397435373413
    },
    "g19": {
      "accuracy": 0.6163934469223022,
      "auc": 0.9493442965165425
    },
    "g20": {
      "accuracy": 0.6163934469223022,
      "auc": 0.9493419295532287
    },
    "g21": {
      "accuracy": 0.6163934469223022,
      "auc": 0.9493216489561639
    },
    "g22": {
      "accuracy": 0.6163934469223022,
      "auc": 0.949342023317019
    },
    "g23": {
      "accuracy": 0.6163934469223022,
      "auc": 0.9493491984663581
    },
    "mean_auc": 0.9493390206544756,
    "std_auc": 9.031783329808921e-06,
    "mean_accuracy": 0.6163934469223022,
    "std_accuracy": 0.0
  }
}