{
  "dataset": "pcam",
  "model": "gate",
  "group": "c8",
  "seed": 123,
  "train_mode": "C",
  "geometry_group": "c8",
  "growth_rate": 3,
  "n_params": 135682,
  "invariant_dim": 27,
  "train_size": 2500,
  "train_examples": 2500,
  "best_val_auc": 0.8891982587784835,
  "test": {
    "loss": 0.44144178403075784,
    "accuracy": 0.794158935546875,
    "auc": 0.8805552801013318
  },
  "test_c": {
    "loss": 0.44144178403075784,
    "accuracy": 0.794158935546875,
    "auc": 0.8805552801013318
  },
  "test_r": {
    "loss": 0.0,
    "accuracy": 0.7297019958496094,
    "auc": 0.8748970595000533
  },
  "rotation_robustness": {
    "g00": {
      "accuracy": 0.794158935546875,
      "auc": 0.8805552801013318
    },
    "g01": {
      "accuracy": 0.6651611328125,
      "auc": 0.8692762948369177
    },
    "g02": {
      "accuracy": 0.794281005859375,
      "auc": 0.8805104648508607
    },
    "g03": {
      "accuracy": 0.665130615234375,
      "auc": 0.8692709788466915
    },
    "g04": {
      "accuracy": 0.794281005859375,
      "auc": 0.8805102338828201
    },
    "g05": {
      "accuracy": 0.6651611328125,
      "auc": 0.8692746594341781
    },
    "g06": {
      "accuracy": 0.794281005859375,
      "auc": 0.8805117463509573
    },
    "g07": {
      "accuracy": 0.6651611328125,
      "auc": 0.8692668176966685
    },
    "mean_auc": 0.8748970595000533,
    "std_auc": 0.0056248888797034305,
    "mean_accuracy": 0.7297019958496094,
    "std_accuracy": 0.06454850392916106
  }
}