{
  "dataset": "organ3d",
  "model": "standard",
  "train_mode": "C",
  "seed": 101112,
  "channels": [
    4,
    8
  ],
  "head_dim": 64,
  "n_params": 16071,
  "invariant_dim": 8,
  "raw_invariant_dim": 8,
  "projected_dim": 8,
  "train_size": null,
  "train_examples": 971,
  "best_val_auc": 0.9942631110734559,
  "test": {
    "loss": 1.0672001072617827,
    "accuracy": 0.7606557607650757,
    "auc": 0.9807484930328176
  },
  "test_c": {
    "loss": 1.0672001072617827,
    "accuracy": 0.7606557607650757,
    "auc": 0.9807484930328176
  },
  "test_r": {
    "loss": 0.0,
    "accuracy": 0.3510928961137931,
    "auc": 0.8071204987307157
  },
  "rotation_robustness": {
    "g00": {
      "accuracy": 0.38360655307769775,
      "auc": 0.9061827072734734
    },
    "g01": {
      "accuracy": 0.3475409746170044,
      "auc": 0.8418105273754197
    },
    "g02": {
      "accuracy": 0.29016393423080444,
      "auc": 0.7967673484730695
    },
    "g03": {
      "accuracy": 0.3754098415374756,
      "auc": 0.8851138186295557
    },
    "g04": {
      "accuracy": 0.3606557250022888,
      "auc": 0.8302164460216065
    },
    "g05": {
      "accuracy": 0.2327868789434433,
      "auc": 0.7332096301913906
    },
    "g06": {
      "accuracy": 0.22131147980690002,
      "auc": 0.7091348687437741
    },
    "g07": {
      "accuracy": 0.4868852496147156,
      "auc": 0.9061436341717951
    },
    "g08": {
      "accuracy": 0.2262295037508011,
      "auc": 0.7439321092048331
    },
    "g09": {
      "accuracy": 0.2918032705783844,
      "auc": 0.7643941622020854
    },
    "g10": {
      "accuracy": 0.20000000298023224,
      "auc": 0.729870780926148
    },
    "g11": {
      "accuracy": 0.2704918086528778,
      "auc": 0.7699353577785911
    },
    "g12": {
      "accuracy": 0.31147539615631104,
      "auc": 0.7670209645550102
    },
    "g13": {
      "accuracy": 0.27540984749794006,
      "auc": 0.7258534163770183
    },
    "g14": {
      "accuracy": 0.2016393393278122,
      "auc": 0.720158539749033
    },
    "g15": {
      "accuracy": 0.27213114500045776,
      "auc": 0.7210300585585272
    },
    "g16": {
      "accuracy": 0.4475409984588623,
      "auc": 0.9005400937209487
    },
    "g17": {
      "accuracy": 0.2852458953857422,
      "auc": 0.72704138048238
    },
    "g18": {
      "accuracy": 0.25573769211769104,
      "auc": 0.7134957767079088
    },
    "g19": {
      "accuracy": 0.3819672167301178,
      "auc": 0.8329047164981582
    },
    "g20": {
      "accuracy": 0.5967212915420532,
      "auc": 0.9318089549677994
    },
    "g21": {
      "accuracy": 0.43606558442115784,
      "auc": 0.8521945966579308
    },
    "g22": {
      "accuracy": 0.5147541165351868,
      "auc": 0.8813835872379022
    },
    "g23": {
      "accuracy": 0.7606557607650757,
      "auc": 0.9807484930328176
    },
    "mean_auc": 0.8071204987307157,
    "std_auc": 0.08082273949328997,
    "mean_accuracy": 0.3510928961137931,
    "std_accuracy": 0.13304272012877225
  },
  "wall_time_s": 21.071208715438843,
  "epochs_run": 43,
  "peak_train_alloc_bytes": 199376896,
  "peak_train_reserved_bytes": 308281344,
  "gpu_name": "NVIDIA A100-SXM4-80GB",
  "cuda_total_memory_bytes": 85095874560,
  "git_sha": "5fb3903a1c11765c007a1686e1c9acd77b6024db",
  "argv": [
    "--model",
    "standard",
    "--channels",
    "4",
    "8",
    "--head_dim",
    "64",
    "--train_mode",
    "C",
    "--seed",
    "101112",
    "--batch_size",
    "64",
    "--output_dir",
    "/home/johmathe/bispectrum/paper/experiments/normalized_results/organ3d/n_full",
    "--data_dir",
    "./organ3d_data",
    "--subset_dir",
    "/home/johmathe/bispectrum/paper/experiments/normalized_results/subsets",
    "--patience",
    "15",
    "--epochs",
    "100"
  ]
}