{
  "dataset": "pcam",
  "model": "bispectrum",
  "group": "c8",
  "seed": 789,
  "train_mode": "R",
  "geometry_group": "c8",
  "growth_rate": 4,
  "n_params": 128345,
  "invariant_dim": 544,
  "train_size": 100,
  "train_examples": 100,
  "best_val_auc": 0.8466547522594007,
  "test": {
    "loss": 0.6933183264918625,
    "accuracy": 0.500213623046875,
    "auc": 0.8175063843198599
  },
  "test_c": {
    "loss": 0.6933183264918625,
    "accuracy": 0.500213623046875,
    "auc": 0.8175063843198599
  },
  "test_r": {
    "loss": 0.0,
    "accuracy": 0.500213623046875,
    "auc": 0.8113826304031495
  },
  "rotation_robustness": {
    "g00": {
      "accuracy": 0.500213623046875,
      "auc": 0.8175063843198599
    },
    "g01": {
      "accuracy": 0.500213623046875,
      "auc": 0.8053003231425429
    },
    "g02": {
      "accuracy": 0.500213623046875,
      "auc": 0.817308731556415
    },
    "g03": {
      "accuracy": 0.500213623046875,
      "auc": 0.8052831271993862
    },
    "g04": {
      "accuracy": 0.500213623046875,
      "auc": 0.8174441756858103
    },
    "g05": {
      "accuracy": 0.500213623046875,
      "auc": 0.8052472302955176
    },
    "g06": {
      "accuracy": 0.500213623046875,
      "auc": 0.817540280742473
    },
    "g07": {
      "accuracy": 0.500213623046875,
      "auc": 0.8054307902831909
    },
    "mean_auc": 0.8113826304031495,
    "std_auc": 0.006067783389196838,
    "mean_accuracy": 0.500213623046875,
    "std_accuracy": 0.0
  },
  "wall_time_s": 460.3509798049927,
  "epochs_run": 19,
  "peak_train_alloc_bytes": 12106724352,
  "peak_train_reserved_bytes": 15214837760,
  "gpu_name": "NVIDIA A100-SXM4-80GB",
  "cuda_total_memory_bytes": 85095874560,
  "git_sha": "4f6f1351fe12ab869087e096175e97d4ada5c7e0",
  "argv": [
    "--model",
    "bispectrum",
    "--group",
    "c8",
    "--geometry_group",
    "c8",
    "--growth_rate",
    "4",
    "--train_mode",
    "R",
    "--seed",
    "789",
    "--batch_size",
    "128",
    "--output_dir",
    "/home/johmathe/bispectrum/paper/experiments/normalized_results/pcam/n_100",
    "--data_dir",
    "./pcam_data",
    "--subset_dir",
    "/home/johmathe/bispectrum/paper/experiments/normalized_results/subsets",
    "--patience",
    "10",
    "--epochs",
    "50",
    "--train_size",
    "100"
  ]
}