{
  "dataset": "pcam",
  "model": "norm",
  "group": "c8",
  "seed": 789,
  "train_mode": "R",
  "geometry_group": "c8",
  "growth_rate": 4,
  "n_params": 110093,
  "invariant_dim": 34,
  "train_size": 2500,
  "train_examples": 2500,
  "best_val_auc": 0.8766784900898497,
  "test": {
    "loss": 0.44635479210410267,
    "accuracy": 0.79827880859375,
    "auc": 0.8743804091387989
  },
  "test_c": {
    "loss": 0.44635479210410267,
    "accuracy": 0.79827880859375,
    "auc": 0.8743804091387989
  },
  "test_r": {
    "loss": 0.0,
    "accuracy": 0.7945823669433594,
    "auc": 0.8711849071571993
  },
  "rotation_robustness": {
    "g00": {
      "accuracy": 0.79827880859375,
      "auc": 0.8743804091387989
    },
    "g01": {
      "accuracy": 0.790771484375,
      "auc": 0.8680223581682724
    },
    "g02": {
      "accuracy": 0.798431396484375,
      "auc": 0.8743361564072656
    },
    "g03": {
      "accuracy": 0.790771484375,
      "auc": 0.8680230846000133
    },
    "g04": {
      "accuracy": 0.798431396484375,
      "auc": 0.8743356497676925
    },
    "g05": {
      "accuracy": 0.790771484375,
      "auc": 0.8680222203325063
    },
    "g06": {
      "accuracy": 0.798431396484375,
      "auc": 0.8743364618811258
    },
    "g07": {
      "accuracy": 0.790771484375,
      "auc": 0.8680229169619192
    },
    "mean_auc": 0.8711849071571993,
    "std_auc": 0.003162291274980797,
    "mean_accuracy": 0.7945823669433594,
    "std_accuracy": 0.003811168946282702
  },
  "wall_time_s": 1237.0214376449585,
  "epochs_run": 31,
  "peak_train_alloc_bytes": 22325141504,
  "peak_train_reserved_bytes": 26835156992,
  "gpu_name": "NVIDIA A100-SXM4-80GB",
  "cuda_total_memory_bytes": 85095874560,
  "git_sha": "4f6f1351fe12ab869087e096175e97d4ada5c7e0",
  "argv": [
    "--model",
    "norm",
    "--group",
    "c8",
    "--geometry_group",
    "c8",
    "--growth_rate",
    "4",
    "--train_mode",
    "R",
    "--seed",
    "789",
    "--batch_size",
    "128",
    "--output_dir",
    "/home/johmathe/bispectrum/paper/experiments/normalized_results/pcam/n_2500",
    "--data_dir",
    "./pcam_data",
    "--subset_dir",
    "/home/johmathe/bispectrum/paper/experiments/normalized_results/subsets",
    "--patience",
    "10",
    "--epochs",
    "50",
    "--train_size",
    "2500"
  ]
}