{
  "dataset": "pcam",
  "model": "gate",
  "group": "c8",
  "seed": 789,
  "train_mode": "R",
  "geometry_group": "c8",
  "growth_rate": 3,
  "n_params": 135682,
  "invariant_dim": 27,
  "train_size": 500,
  "train_examples": 500,
  "best_val_auc": 0.8647432981701273,
  "test": {
    "loss": 0.5267029713140801,
    "accuracy": 0.7607421875,
    "auc": 0.8512639616129328
  },
  "test_c": {
    "loss": 0.5267029713140801,
    "accuracy": 0.7607421875,
    "auc": 0.8512639616129328
  },
  "test_r": {
    "loss": 0.0,
    "accuracy": 0.7548332214355469,
    "auc": 0.8454525542526512
  },
  "rotation_robustness": {
    "g00": {
      "accuracy": 0.7607421875,
      "auc": 0.8512639616129328
    },
    "g01": {
      "accuracy": 0.748443603515625,
      "auc": 0.8397700196084789
    },
    "g02": {
      "accuracy": 0.761383056640625,
      "auc": 0.8510908473411631
    },
    "g03": {
      "accuracy": 0.748443603515625,
      "auc": 0.8397714016914318
    },
    "g04": {
      "accuracy": 0.761383056640625,
      "auc": 0.8510929223282382
    },
    "g05": {
      "accuracy": 0.748443603515625,
      "auc": 0.839767400728921
    },
    "g06": {
      "accuracy": 0.761383056640625,
      "auc": 0.8510937903210362
    },
    "g07": {
      "accuracy": 0.748443603515625,
      "auc": 0.8397700903890074
    },
    "mean_auc": 0.8454525542526512,
    "std_auc": 0.005683068728936344,
    "mean_accuracy": 0.7548332214355469,
    "std_accuracy": 0.006392630251334814
  },
  "wall_time_s": 628.5448477268219,
  "epochs_run": 21,
  "peak_train_alloc_bytes": 19903905792,
  "peak_train_reserved_bytes": 24054333440,
  "gpu_name": "NVIDIA A100-SXM4-80GB",
  "cuda_total_memory_bytes": 85095874560,
  "git_sha": "4f6f1351fe12ab869087e096175e97d4ada5c7e0",
  "argv": [
    "--model",
    "gate",
    "--group",
    "c8",
    "--geometry_group",
    "c8",
    "--growth_rate",
    "3",
    "--train_mode",
    "R",
    "--seed",
    "789",
    "--batch_size",
    "128",
    "--output_dir",
    "/home/johmathe/bispectrum/paper/experiments/normalized_results/pcam/n_500",
    "--data_dir",
    "./pcam_data",
    "--subset_dir",
    "/home/johmathe/bispectrum/paper/experiments/normalized_results/subsets",
    "--patience",
    "10",
    "--epochs",
    "50",
    "--train_size",
    "500"
  ]
}