{
  "dataset": "organ3d",
  "model": "max_pool",
  "train_mode": "C",
  "seed": 42,
  "channels": [
    4,
    8
  ],
  "head_dim": 64,
  "n_params": 374423,
  "invariant_dim": 8,
  "raw_invariant_dim": 8,
  "projected_dim": 8,
  "train_size": null,
  "train_examples": 971,
  "best_val_auc": 0.9754213803304979,
  "test": {
    "loss": 1.0893812085761398,
    "accuracy": 0.5622950792312622,
    "auc": 0.9465109790427999
  },
  "test_c": {
    "loss": 1.0893812085761398,
    "accuracy": 0.5622950792312622,
    "auc": 0.9465109790427999
  },
  "test_r": {
    "loss": 0.0,
    "accuracy": 0.5622950792312622,
    "auc": 0.9465122074701634
  },
  "rotation_robustness": {
    "g00": {
      "accuracy": 0.5622950792312622,
      "auc": 0.9465159806315075
    },
    "g01": {
      "accuracy": 0.5622950792312622,
      "auc": 0.9465135140293015
    },
    "g02": {
      "accuracy": 0.5622950792312622,
      "auc": 0.9465136449227906
    },
    "g03": {
      "accuracy": 0.5622950792312622,
      "auc": 0.9465136449227906
    },
    "g04": {
      "accuracy": 0.5622950792312622,
      "auc": 0.9465135140293015
    },
    "g05": {
      "accuracy": 0.5622950792312622,
      "auc": 0.9465110786816922
    },
    "g06": {
      "accuracy": 0.5622950792312622,
      "auc": 0.9465086433340827
    },
    "g07": {
      "accuracy": 0.5622950792312622,
      "auc": 0.9465109790427999
    },
    "g08": {
      "accuracy": 0.5622950792312622,
      "auc": 0.9465136449227906
    },
    "g09": {
      "accuracy": 0.5622950792312622,
      "auc": 0.9465112095751812
    },
    "g10": {
      "accuracy": 0.5622950792312622,
      "auc": 0.9465110786816922
    },
    "g11": {
      "accuracy": 0.5622950792312622,
      "auc": 0.9465135140293015
    },
    "g12": {
      "accuracy": 0.5622950792312622,
      "auc": 0.9465136449227906
    },
    "g13": {
      "accuracy": 0.5622950792312622,
      "auc": 0.9465086433340827
    },
    "g14": {
      "accuracy": 0.5622950792312622,
      "auc": 0.9465135140293015
    },
    "g15": {
      "accuracy": 0.5622950792312622,
      "auc": 0.9465136449227906
    },
    "g16": {
      "accuracy": 0.5622950792312622,
      "auc": 0.9465160802703998
    },
    "g17": {
      "accuracy": 0.5622950792312622,
      "auc": 0.9465160802703998
    },
    "g18": {
      "accuracy": 0.5622950792312622,
      "auc": 0.9465136449227906
    },
    "g19": {
      "accuracy": 0.5622950792312622,
      "auc": 0.9465136449227906
    },
    "g20": {
      "accuracy": 0.5622950792312622,
      "auc": 0.9465060770929845
    },
    "g21": {
      "accuracy": 0.5622950792312622,
      "auc": 0.9465136449227906
    },
    "g22": {
      "accuracy": 0.5622950792312622,
      "auc": 0.9465029338267678
    },
    "g23": {
      "accuracy": 0.5622950792312622,
      "auc": 0.9465109790427999
    },
    "mean_auc": 0.9465122074701634,
    "std_auc": 3.0491991053906313e-06,
    "mean_accuracy": 0.5622950792312622,
    "std_accuracy": 0.0
  }
}