{
  "dataset": "pcam",
  "model": "standard",
  "group": "c8",
  "seed": 123,
  "train_mode": "R",
  "geometry_group": "c8",
  "growth_rate": 12,
  "n_params": 101959,
  "invariant_dim": 90,
  "train_size": 2500,
  "train_examples": 2500,
  "best_val_auc": 0.8898527742060802,
  "test": {
    "loss": 0.4844365306198597,
    "accuracy": 0.77581787109375,
    "auc": 0.8552557375562606
  },
  "test_c": {
    "loss": 0.4844365306198597,
    "accuracy": 0.77581787109375,
    "auc": 0.8552557375562606
  },
  "test_r": {
    "loss": 0.0,
    "accuracy": 0.7847404479980469,
    "auc": 0.8604901369251934
  },
  "rotation_robustness": {
    "g00": {
      "accuracy": 0.77581787109375,
      "auc": 0.8552557375562606
    },
    "g01": {
      "accuracy": 0.7899169921875,
      "auc": 0.863644612277247
    },
    "g02": {
      "accuracy": 0.780548095703125,
      "auc": 0.8576386013041863
    },
    "g03": {
      "accuracy": 0.79217529296875,
      "auc": 0.8651001803201022
    },
    "g04": {
      "accuracy": 0.780181884765625,
      "auc": 0.8579273486079279
    },
    "g05": {
      "accuracy": 0.79034423828125,
      "auc": 0.8641434585415925
    },
    "g06": {
      "accuracy": 0.778900146484375,
      "auc": 0.8565753697313112
    },
    "g07": {
      "accuracy": 0.7900390625,
      "auc": 0.863635787062919
    },
    "mean_auc": 0.8604901369251934,
    "std_auc": 0.003739461304189454,
    "mean_accuracy": 0.7847404479980469,
    "std_accuracy": 0.006058352989412587
  }
}