{
  "dataset": "pcam",
  "model": "bispectrum",
  "group": "c8",
  "seed": 42,
  "train_mode": "R",
  "geometry_group": "c8",
  "growth_rate": 4,
  "n_params": 128345,
  "invariant_dim": 544,
  "train_size": 12500,
  "train_examples": 12500,
  "best_val_auc": 0.9482156610061367,
  "test": {
    "loss": 0.31390597723657265,
    "accuracy": 0.87396240234375,
    "auc": 0.9432045080401782
  },
  "test_c": {
    "loss": 0.31390597723657265,
    "accuracy": 0.87396240234375,
    "auc": 0.9432045080401782
  },
  "test_r": {
    "loss": 0.0,
    "accuracy": 0.8695030212402344,
    "auc": 0.9400377355026045
  },
  "rotation_robustness": {
    "g00": {
      "accuracy": 0.87396240234375,
      "auc": 0.9432045080401782
    },
    "g01": {
      "accuracy": 0.864990234375,
      "auc": 0.9368063543122686
    },
    "g02": {
      "accuracy": 0.874053955078125,
      "auc": 0.9432841771130438
    },
    "g03": {
      "accuracy": 0.864990234375,
      "auc": 0.9368135552997299
    },
    "g04": {
      "accuracy": 0.874053955078125,
      "auc": 0.9432771772912952
    },
    "g05": {
      "accuracy": 0.864959716796875,
      "auc": 0.9368126351528582
    },
    "g06": {
      "accuracy": 0.874053955078125,
      "auc": 0.9432844565098671
    },
    "g07": {
      "accuracy": 0.864959716796875,
      "auc": 0.9368190203015954
    },
    "mean_auc": 0.9400377355026045,
    "std_auc": 0.003224933604453078,
    "mean_accuracy": 0.8695030212402344,
    "std_accuracy": 0.004528145278824541
  }
}