{
  "dataset": "pcam",
  "model": "gate",
  "group": "c8",
  "seed": 456,
  "train_mode": "R",
  "geometry_group": "c8",
  "growth_rate": 3,
  "n_params": 135682,
  "invariant_dim": 27,
  "train_size": 100,
  "train_examples": 100,
  "best_val_auc": 0.8371548777812998,
  "test": {
    "loss": 0.5809088505338877,
    "accuracy": 0.679779052734375,
    "auc": 0.7908123126246158
  },
  "test_c": {
    "loss": 0.5809088505338877,
    "accuracy": 0.679779052734375,
    "auc": 0.7908123126246158
  },
  "test_r": {
    "loss": 0.0,
    "accuracy": 0.6662483215332031,
    "auc": 0.7838241943433342
  },
  "rotation_robustness": {
    "g00": {
      "accuracy": 0.679779052734375,
      "auc": 0.7908123126246158
    },
    "g01": {
      "accuracy": 0.653839111328125,
      "auc": 0.7770408730022713
    },
    "g02": {
      "accuracy": 0.67828369140625,
      "auc": 0.7905413908382064
    },
    "g03": {
      "accuracy": 0.653839111328125,
      "auc": 0.7770370769307642
    },
    "g04": {
      "accuracy": 0.67828369140625,
      "auc": 0.7905427580199955
    },
    "g05": {
      "accuracy": 0.653839111328125,
      "auc": 0.7770393456329701
    },
    "g06": {
      "accuracy": 0.67828369140625,
      "auc": 0.790543361517134
    },
    "g07": {
      "accuracy": 0.653839111328125,
      "auc": 0.7770364361807159
    },
    "mean_auc": 0.7838241943433342,
    "std_auc": 0.0067862643933866386,
    "mean_accuracy": 0.6662483215332031,
    "std_accuracy": 0.012417654078149985
  },
  "wall_time_s": 1009.3147416114807,
  "epochs_run": 35,
  "peak_train_alloc_bytes": 15563849728,
  "peak_train_reserved_bytes": 30024925184,
  "gpu_name": "NVIDIA A100-SXM4-80GB",
  "cuda_total_memory_bytes": 85095874560,
  "git_sha": "5fb3903a1c11765c007a1686e1c9acd77b6024db",
  "argv": [
    "--model",
    "gate",
    "--group",
    "c8",
    "--geometry_group",
    "c8",
    "--growth_rate",
    "3",
    "--train_mode",
    "R",
    "--seed",
    "456",
    "--batch_size",
    "128",
    "--output_dir",
    "/home/johmathe/bispectrum/paper/experiments/normalized_results/pcam/n_100",
    "--data_dir",
    "./pcam_data",
    "--subset_dir",
    "/home/johmathe/bispectrum/paper/experiments/normalized_results/subsets",
    "--patience",
    "10",
    "--epochs",
    "50",
    "--train_size",
    "100"
  ]
}