{
  "dataset": "pcam",
  "model": "gate",
  "group": "c8",
  "seed": 123,
  "train_mode": "R",
  "geometry_group": "c8",
  "growth_rate": 3,
  "n_params": 135682,
  "invariant_dim": 27,
  "train_size": 100,
  "train_examples": 100,
  "best_val_auc": 0.8317108308335279,
  "test": {
    "loss": 0.6839759009890258,
    "accuracy": 0.52301025390625,
    "auc": 0.7806165264927216
  },
  "test_c": {
    "loss": 0.6839759009890258,
    "accuracy": 0.52301025390625,
    "auc": 0.7806165264927216
  },
  "test_r": {
    "loss": 0.0,
    "accuracy": 0.5187263488769531,
    "auc": 0.7751147425011634
  },
  "rotation_robustness": {
    "g00": {
      "accuracy": 0.52301025390625,
      "auc": 0.7806165264927216
    },
    "g01": {
      "accuracy": 0.514556884765625,
      "auc": 0.769900741894306
    },
    "g02": {
      "accuracy": 0.522857666015625,
      "auc": 0.7802276992468434
    },
    "g03": {
      "accuracy": 0.514556884765625,
      "auc": 0.7698712301391746
    },
    "g04": {
      "accuracy": 0.522857666015625,
      "auc": 0.7802996904950024
    },
    "g05": {
      "accuracy": 0.514556884765625,
      "auc": 0.769921700381351
    },
    "g06": {
      "accuracy": 0.522857666015625,
      "auc": 0.7803131462460167
    },
    "g07": {
      "accuracy": 0.514556884765625,
      "auc": 0.7697672051138917
    },
    "mean_auc": 0.7751147425011634,
    "std_auc": 0.00525075122900682,
    "mean_accuracy": 0.5187263488769531,
    "std_accuracy": 0.004169725861844815
  }
}