{
  "dataset": "spherical_mnist",
  "model": "power_spectrum_matched",
  "base_model": "power_spectrum",
  "train_mode": "C",
  "test_rotation_seed": 777,
  "seed": 123,
  "lmax": 15,
  "n_params": 231906,
  "invariant_dim": 16,
  "train_size": 12500,
  "train_examples": 12500,
  "best_val_accuracy": 0.7809,
  "test_c": {
    "loss": 0.6838438198089599,
    "accuracy": 0.7698
  },
  "test": {
    "loss": 0.6838438198089599,
    "accuracy": 0.7698
  },
  "test_nr": {
    "loss": 0.6838438198089599,
    "accuracy": 0.7698
  },
  "test_r": {
    "loss": 0.6867271282196045,
    "accuracy": 0.7681
  },
  "rotation_robustness": {
    "rot_00": 0.7691,
    "rot_01": 0.7692,
    "rot_02": 0.7681,
    "rot_03": 0.7688,
    "rot_04": 0.7687,
    "rot_05": 0.7684,
    "rot_06": 0.7684,
    "rot_07": 0.7683,
    "rot_08": 0.7694,
    "rot_09": 0.7688,
    "mean_accuracy": 0.76872,
    "std_accuracy": 0.00040199502484483776
  }
}