{
  "dataset": "pcam",
  "model": "gate",
  "group": "c8",
  "seed": 42,
  "train_mode": "C",
  "geometry_group": "c8",
  "growth_rate": 3,
  "n_params": 135682,
  "invariant_dim": 27,
  "train_size": 2500,
  "train_examples": 2500,
  "best_val_auc": 0.8816187395312503,
  "test": {
    "loss": 0.48769438336603343,
    "accuracy": 0.767578125,
    "auc": 0.8476778922089067
  },
  "test_c": {
    "loss": 0.48769438336603343,
    "accuracy": 0.767578125,
    "auc": 0.8476778922089067
  },
  "test_r": {
    "loss": 0.0,
    "accuracy": 0.7647895812988281,
    "auc": 0.8418090231666049
  },
  "rotation_robustness": {
    "g00": {
      "accuracy": 0.767578125,
      "auc": 0.8476778922089067
    },
    "g01": {
      "accuracy": 0.76165771484375,
      "auc": 0.8359003438022615
    },
    "g02": {
      "accuracy": 0.768035888671875,
      "auc": 0.8477303554817566
    },
    "g03": {
      "accuracy": 0.76165771484375,
      "auc": 0.835900083031893
    },
    "g04": {
      "accuracy": 0.768035888671875,
      "auc": 0.8477311079905342
    },
    "g05": {
      "accuracy": 0.76165771484375,
      "auc": 0.8359007051554864
    },
    "g06": {
      "accuracy": 0.768035888671875,
      "auc": 0.8477295768959421
    },
    "g07": {
      "accuracy": 0.76165771484375,
      "auc": 0.8359021207660583
    },
    "mean_auc": 0.8418090231666049,
    "std_auc": 0.005908231846143205,
    "mean_accuracy": 0.7647895812988281,
    "std_accuracy": 0.003135001208612513
  }
}