{
  "dataset": "pcam",
  "model": "bispectrum",
  "group": "c8",
  "seed": 123,
  "train_mode": "C",
  "geometry_group": "c8",
  "growth_rate": 4,
  "n_params": 128345,
  "invariant_dim": 544,
  "train_size": 100,
  "train_examples": 100,
  "best_val_auc": 0.8435675010185232,
  "test": {
    "loss": 0.9163531627273187,
    "accuracy": 0.694122314453125,
    "auc": 0.8210060120720215
  },
  "test_c": {
    "loss": 0.9163531627273187,
    "accuracy": 0.694122314453125,
    "auc": 0.8210060120720215
  },
  "test_r": {
    "loss": 0.0,
    "accuracy": 0.6732521057128906,
    "auc": 0.8201612432036584
  },
  "rotation_robustness": {
    "g00": {
      "accuracy": 0.694122314453125,
      "auc": 0.8210060120720215
    },
    "g01": {
      "accuracy": 0.653228759765625,
      "auc": 0.8191808094824093
    },
    "g02": {
      "accuracy": 0.6929931640625,
      "auc": 0.8211971753785818
    },
    "g03": {
      "accuracy": 0.653228759765625,
      "auc": 0.8191723307201423
    },
    "g04": {
      "accuracy": 0.6929931640625,
      "auc": 0.8211957560427191
    },
    "g05": {
      "accuracy": 0.653228759765625,
      "auc": 0.819173954947009
    },
    "g06": {
      "accuracy": 0.6929931640625,
      "auc": 0.8211944857184954
    },
    "g07": {
      "accuracy": 0.653228759765625,
      "auc": 0.819169421267888
    },
    "mean_auc": 0.8201612432036584,
    "std_auc": 0.0009888278323635668,
    "mean_accuracy": 0.6732521057128906,
    "std_accuracy": 0.020026330476539244
  }
}