{
  "dataset": "pcam",
  "model": "bispectrum",
  "group": "c8",
  "seed": 42,
  "train_mode": "R",
  "geometry_group": "c8",
  "growth_rate": 4,
  "n_params": 128345,
  "invariant_dim": 544,
  "train_size": 100,
  "train_examples": 100,
  "best_val_auc": 0.8277527736290323,
  "test": {
    "loss": 0.6078381523257121,
    "accuracy": 0.6456298828125,
    "auc": 0.8307224799148795
  },
  "test_c": {
    "loss": 0.6078381523257121,
    "accuracy": 0.6456298828125,
    "auc": 0.8307224799148795
  },
  "test_r": {
    "loss": 0.0,
    "accuracy": 0.6171455383300781,
    "auc": 0.8353846792461324
  },
  "rotation_robustness": {
    "g00": {
      "accuracy": 0.6456298828125,
      "auc": 0.8307224799148795
    },
    "g01": {
      "accuracy": 0.586700439453125,
      "auc": 0.8393878233805423
    },
    "g02": {
      "accuracy": 0.64825439453125,
      "auc": 0.8316032802632478
    },
    "g03": {
      "accuracy": 0.586700439453125,
      "auc": 0.8393856850635207
    },
    "g04": {
      "accuracy": 0.64825439453125,
      "auc": 0.8316017789709835
    },
    "g05": {
      "accuracy": 0.586700439453125,
      "auc": 0.8393847388396122
    },
    "g06": {
      "accuracy": 0.64825439453125,
      "auc": 0.8316040513984804
    },
    "g07": {
      "accuracy": 0.586669921875,
      "auc": 0.8393875961377927
    },
    "mean_auc": 0.8353846792461324,
    "std_auc": 0.0040108539176655356,
    "mean_accuracy": 0.6171455383300781,
    "std_accuracy": 0.030463330452833438
  }
}