{
  "dataset": "spherical_mnist",
  "model": "standard",
  "base_model": "standard",
  "train_mode": "C",
  "test_rotation_seed": 777,
  "seed": 123,
  "lmax": 15,
  "n_params": 184778,
  "invariant_dim": null,
  "train_size": 12500,
  "train_examples": 12500,
  "best_val_accuracy": 0.9854,
  "test_c": {
    "loss": 0.04938777663707733,
    "accuracy": 0.9854
  },
  "test": {
    "loss": 0.04938777663707733,
    "accuracy": 0.9854
  },
  "test_nr": {
    "loss": 0.04938777663707733,
    "accuracy": 0.9854
  },
  "test_r": {
    "loss": 9.508090394592285,
    "accuracy": 0.1235
  },
  "rotation_robustness": {
    "rot_00": 0.0771,
    "rot_01": 0.1137,
    "rot_02": 0.0429,
    "rot_03": 0.1547,
    "rot_04": 0.039,
    "rot_05": 0.0947,
    "rot_06": 0.0606,
    "rot_07": 0.1453,
    "rot_08": 0.0437,
    "rot_09": 0.1029,
    "mean_accuracy": 0.08746000000000001,
    "std_accuracy": 0.039904541094968125
  }
}