{
  "dataset": "spherical_mnist",
  "model": "power_spectrum_matched",
  "base_model": "power_spectrum",
  "train_mode": "R",
  "test_rotation_seed": 777,
  "seed": 42,
  "lmax": 15,
  "n_params": 231906,
  "invariant_dim": 16,
  "train_size": 12500,
  "train_examples": 12500,
  "best_val_accuracy": 0.782,
  "test_c": {
    "loss": 0.6977090330123902,
    "accuracy": 0.7675
  },
  "test": {
    "loss": 0.6977090330123902,
    "accuracy": 0.7675
  },
  "test_nr": {
    "loss": 0.6977090330123902,
    "accuracy": 0.7675
  },
  "test_r": {
    "loss": 0.6934947405815125,
    "accuracy": 0.7674
  },
  "rotation_robustness": {
    "rot_00": 0.7676,
    "rot_01": 0.7681,
    "rot_02": 0.7681,
    "rot_03": 0.7679,
    "rot_04": 0.7675,
    "rot_05": 0.768,
    "rot_06": 0.7677,
    "rot_07": 0.7677,
    "rot_08": 0.7682,
    "rot_09": 0.7677,
    "mean_accuracy": 0.7678499999999999,
    "std_accuracy": 0.00022912878474779584
  }
}