{
  "dataset": "pcam",
  "model": "standard",
  "group": "c8",
  "seed": 42,
  "train_mode": "R",
  "geometry_group": "c8",
  "growth_rate": 12,
  "n_params": 101959,
  "invariant_dim": 90,
  "train_size": 100,
  "train_examples": 100,
  "best_val_auc": 0.8187901162645823,
  "test": {
    "loss": 0.693166695535183,
    "accuracy": 0.499786376953125,
    "auc": 0.8136369879104659
  },
  "test_c": {
    "loss": 0.693166695535183,
    "accuracy": 0.499786376953125,
    "auc": 0.8136369879104659
  },
  "test_r": {
    "loss": 0.0,
    "accuracy": 0.499786376953125,
    "auc": 0.8108744643920986
  },
  "rotation_robustness": {
    "g00": {
      "accuracy": 0.499786376953125,
      "auc": 0.8136369879104659
    },
    "g01": {
      "accuracy": 0.499786376953125,
      "auc": 0.8078977785519926
    },
    "g02": {
      "accuracy": 0.499786376953125,
      "auc": 0.8140968490047217
    },
    "g03": {
      "accuracy": 0.499786376953125,
      "auc": 0.8077270931699408
    },
    "g04": {
      "accuracy": 0.499786376953125,
      "auc": 0.814146786530288
    },
    "g05": {
      "accuracy": 0.499786376953125,
      "auc": 0.8084742822320753
    },
    "g06": {
      "accuracy": 0.499786376953125,
      "auc": 0.8137922207855389
    },
    "g07": {
      "accuracy": 0.499786376953125,
      "auc": 0.8072237169517656
    },
    "mean_auc": 0.8108744643920986,
    "std_auc": 0.0030637421726520788,
    "mean_accuracy": 0.499786376953125,
    "std_accuracy": 0.0
  }
}