{
  "dataset": "pcam",
  "model": "fourier_elu",
  "group": "c8",
  "seed": 789,
  "train_mode": "C",
  "geometry_group": "c8",
  "growth_rate": 4,
  "n_params": 109815,
  "invariant_dim": 34,
  "train_size": 12500,
  "train_examples": 12500,
  "best_val_auc": 0.9543350328705549,
  "test": {
    "loss": 0.34401303972117603,
    "accuracy": 0.856597900390625,
    "auc": 0.9332671900469524
  },
  "test_c": {
    "loss": 0.34401303972117603,
    "accuracy": 0.856597900390625,
    "auc": 0.9332671900469524
  },
  "test_r": {
    "loss": 0.0,
    "accuracy": 0.8532752990722656,
    "auc": 0.9312925162104267
  },
  "rotation_robustness": {
    "g00": {
      "accuracy": 0.856597900390625,
      "auc": 0.9332671900469524
    },
    "g01": {
      "accuracy": 0.849639892578125,
      "auc": 0.9290986006179133
    },
    "g02": {
      "accuracy": 0.857025146484375,
      "auc": 0.9335568053434918
    },
    "g03": {
      "accuracy": 0.849639892578125,
      "auc": 0.9291047808756465
    },
    "g04": {
      "accuracy": 0.857025146484375,
      "auc": 0.9335502190290419
    },
    "g05": {
      "accuracy": 0.849609375,
      "auc": 0.9291063603990214
    },
    "g06": {
      "accuracy": 0.857025146484375,
      "auc": 0.9335557585367269
    },
    "g07": {
      "accuracy": 0.849639892578125,
      "auc": 0.9291004148346198
    },
    "mean_auc": 0.9312925162104267,
    "std_auc": 0.0021917420890467053,
    "mean_accuracy": 0.8532752990722656,
    "std_accuracy": 0.003645395842696813
  },
  "wall_time_s": 6379.455590248108,
  "epochs_run": 50,
  "peak_train_alloc_bytes": 21284495872,
  "peak_train_reserved_bytes": 27648851968,
  "gpu_name": "NVIDIA A100-SXM4-80GB",
  "cuda_total_memory_bytes": 85095874560,
  "git_sha": "4f6f1351fe12ab869087e096175e97d4ada5c7e0",
  "argv": [
    "--model",
    "fourier_elu",
    "--group",
    "c8",
    "--geometry_group",
    "c8",
    "--growth_rate",
    "4",
    "--train_mode",
    "C",
    "--seed",
    "789",
    "--batch_size",
    "64",
    "--output_dir",
    "/home/johmathe/bispectrum/paper/experiments/normalized_results/pcam/n_12500",
    "--data_dir",
    "./pcam_data",
    "--subset_dir",
    "/home/johmathe/bispectrum/paper/experiments/normalized_results/subsets",
    "--patience",
    "10",
    "--epochs",
    "50",
    "--train_size",
    "12500"
  ]
}