{
  "dataset": "pcam",
  "model": "standard",
  "group": "c8",
  "seed": 42,
  "train_mode": "R",
  "geometry_group": "c8",
  "growth_rate": 12,
  "n_params": 101959,
  "invariant_dim": 90,
  "train_size": 12500,
  "train_examples": 12500,
  "best_val_auc": 0.9187441867494658,
  "test": {
    "loss": 0.41773292422294617,
    "accuracy": 0.821868896484375,
    "auc": 0.9010145818804
  },
  "test_c": {
    "loss": 0.41773292422294617,
    "accuracy": 0.821868896484375,
    "auc": 0.9010145818804
  },
  "test_r": {
    "loss": 0.0,
    "accuracy": 0.824859619140625,
    "auc": 0.899266258586372
  },
  "rotation_robustness": {
    "g00": {
      "accuracy": 0.821868896484375,
      "auc": 0.9010145818804
    },
    "g01": {
      "accuracy": 0.82440185546875,
      "auc": 0.897951111195998
    },
    "g02": {
      "accuracy": 0.82342529296875,
      "auc": 0.8998005654298801
    },
    "g03": {
      "accuracy": 0.82720947265625,
      "auc": 0.8977322801533406
    },
    "g04": {
      "accuracy": 0.82525634765625,
      "auc": 0.9036295573333215
    },
    "g05": {
      "accuracy": 0.827728271484375,
      "auc": 0.8980527483097638
    },
    "g06": {
      "accuracy": 0.82373046875,
      "auc": 0.8997024487160891
    },
    "g07": {
      "accuracy": 0.82525634765625,
      "auc": 0.8962467756721825
    },
    "mean_auc": 0.899266258586372,
    "std_auc": 0.0021576417299850555,
    "mean_accuracy": 0.824859619140625,
    "std_accuracy": 0.001821812511013664
  }
}