{
  "dataset": "pcam",
  "model": "gate",
  "group": "c8",
  "seed": 42,
  "train_mode": "C",
  "geometry_group": "c8",
  "growth_rate": 3,
  "n_params": 135682,
  "invariant_dim": 27,
  "train_size": 500,
  "train_examples": 500,
  "best_val_auc": 0.8790176986865036,
  "test": {
    "loss": 0.4987623210763559,
    "accuracy": 0.754302978515625,
    "auc": 0.853738463793638
  },
  "test_c": {
    "loss": 0.4987623210763559,
    "accuracy": 0.754302978515625,
    "auc": 0.853738463793638
  },
  "test_r": {
    "loss": 0.0,
    "accuracy": 0.7320785522460938,
    "auc": 0.8503140301085542
  },
  "rotation_robustness": {
    "g00": {
      "accuracy": 0.754302978515625,
      "auc": 0.853738463793638
    },
    "g01": {
      "accuracy": 0.70843505859375,
      "auc": 0.8466512727957679
    },
    "g02": {
      "accuracy": 0.756195068359375,
      "auc": 0.8540558846620409
    },
    "g03": {
      "accuracy": 0.70843505859375,
      "auc": 0.846651947073435
    },
    "g04": {
      "accuracy": 0.756195068359375,
      "auc": 0.8540564918844704
    },
    "g05": {
      "accuracy": 0.70843505859375,
      "auc": 0.8466493803479509
    },
    "g06": {
      "accuracy": 0.756195068359375,
      "auc": 0.854056912842351
    },
    "g07": {
      "accuracy": 0.70843505859375,
      "auc": 0.8466518874687794
    },
    "mean_auc": 0.8503140301085542,
    "std_auc": 0.0036642018697213793,
    "mean_accuracy": 0.7320785522460938,
    "std_accuracy": 0.023650590213803255
  }
}