{
  "dataset": "organ3d",
  "model": "max_pool",
  "train_mode": "C",
  "seed": 456,
  "channels": [
    4,
    8
  ],
  "head_dim": 64,
  "n_params": 374423,
  "invariant_dim": 8,
  "raw_invariant_dim": 8,
  "projected_dim": 8,
  "train_size": 100,
  "train_examples": 100,
  "best_val_auc": 0.8497053291991982,
  "test": {
    "loss": 2.0551517674180326,
    "accuracy": 0.2786885201931,
    "auc": 0.7694816498923269
  },
  "test_c": {
    "loss": 2.0551517674180326,
    "accuracy": 0.2786885201931,
    "auc": 0.7694816498923269
  },
  "test_r": {
    "loss": 0.0,
    "accuracy": 0.2786885201931,
    "auc": 0.7694913491875774
  },
  "rotation_robustness": {
    "g00": {
      "accuracy": 0.2786885201931,
      "auc": 0.7694914879396922
    },
    "g01": {
      "accuracy": 0.2786885201931,
      "auc": 0.7695013696969103
    },
    "g02": {
      "accuracy": 0.2786885201931,
      "auc": 0.7694890838466797
    },
    "g03": {
      "accuracy": 0.2786885201931,
      "auc": 0.7694917809812671
    },
    "g04": {
      "accuracy": 0.2786885201931,
      "auc": 0.769498968585862
    },
    "g05": {
      "accuracy": 0.2786885201931,
      "auc": 0.7694841506422674
    },
    "g06": {
      "accuracy": 0.2786885201931,
      "auc": 0.7694966174399247
    },
    "g07": {
      "accuracy": 0.2786885201931,
      "auc": 0.7694890525920829
    },
    "g08": {
      "accuracy": 0.2786885201931,
      "auc": 0.7694964023447638
    },
    "g09": {
      "accuracy": 0.2786885201931,
      "auc": 0.7694866172444734
    },
    "g10": {
      "accuracy": 0.2786885201931,
      "auc": 0.7694940854353873
    },
    "g11": {
      "accuracy": 0.2786885201931,
      "auc": 0.7694964335993606
    },
    "g12": {
      "accuracy": 0.2786885201931,
      "auc": 0.7694988689469698
    },
    "g13": {
      "accuracy": 0.2786885201931,
      "auc": 0.7694939669971543
    },
    "g14": {
      "accuracy": 0.2786885201931,
      "auc": 0.7694866202264378
    },
    "g15": {
      "accuracy": 0.2786885201931,
      "auc": 0.769491519194289
    },
    "g16": {
      "accuracy": 0.2786885201931,
      "auc": 0.7694989343493011
    },
    "g17": {
      "accuracy": 0.2786885201931,
      "auc": 0.7694817028394021
    },
    "g18": {
      "accuracy": 0.2786885201931,
      "auc": 0.7694866172444734
    },
    "g19": {
      "accuracy": 0.2786885201931,
      "auc": 0.7694942163288764
    },
    "g20": {
      "accuracy": 0.2786885201931,
      "auc": 0.7694939669971543
    },
    "g21": {
      "accuracy": 0.2786885201931,
      "auc": 0.7694939669971543
    },
    "g22": {
      "accuracy": 0.2786885201931,
      "auc": 0.769474300139646
    },
    "g23": {
      "accuracy": 0.2786885201931,
      "auc": 0.7694816498923269
    },
    "mean_auc": 0.7694913491875774,
    "std_auc": 6.4399714330695645e-06,
    "mean_accuracy": 0.2786885201931,
    "std_accuracy": 0.0
  },
  "wall_time_s": 17.0729660987854,
  "epochs_run": 42,
  "peak_train_alloc_bytes": 2697406976,
  "peak_train_reserved_bytes": 3625975808,
  "gpu_name": "NVIDIA A100-SXM4-80GB",
  "cuda_total_memory_bytes": 85095874560,
  "git_sha": "5fb3903a1c11765c007a1686e1c9acd77b6024db",
  "argv": [
    "--model",
    "max_pool",
    "--channels",
    "4",
    "8",
    "--head_dim",
    "64",
    "--train_mode",
    "C",
    "--seed",
    "456",
    "--batch_size",
    "32",
    "--output_dir",
    "/home/johmathe/bispectrum/paper/experiments/normalized_results/organ3d/n_100",
    "--data_dir",
    "./organ3d_data",
    "--subset_dir",
    "/home/johmathe/bispectrum/paper/experiments/normalized_results/subsets",
    "--patience",
    "15",
    "--epochs",
    "100",
    "--train_size",
    "100"
  ]
}