{
  "dataset": "spherical_mnist",
  "model": "power_spectrum",
  "base_model": "power_spectrum",
  "train_mode": "C",
  "test_rotation_seed": 777,
  "seed": 123,
  "lmax": 15,
  "n_params": 11466,
  "invariant_dim": 16,
  "train_size": 2500,
  "train_examples": 2500,
  "best_val_accuracy": 0.6798,
  "test_c": {
    "loss": 1.0018913040161133,
    "accuracy": 0.6671
  },
  "test": {
    "loss": 1.0018913040161133,
    "accuracy": 0.6671
  },
  "test_nr": {
    "loss": 1.0018913040161133,
    "accuracy": 0.6671
  },
  "test_r": {
    "loss": 1.0073533081054689,
    "accuracy": 0.6622
  },
  "rotation_robustness": {
    "rot_00": 0.6618,
    "rot_01": 0.6622,
    "rot_02": 0.662,
    "rot_03": 0.6623,
    "rot_04": 0.6624,
    "rot_05": 0.6621,
    "rot_06": 0.6622,
    "rot_07": 0.6621,
    "rot_08": 0.6623,
    "rot_09": 0.6626,
    "mean_accuracy": 0.6622,
    "std_accuracy": 0.0002097617696340072
  }
}