{
  "dataset": "organ3d",
  "model": "max_pool",
  "train_mode": "R",
  "seed": 456,
  "channels": [
    4,
    8
  ],
  "head_dim": 64,
  "n_params": 374423,
  "invariant_dim": 8,
  "raw_invariant_dim": 8,
  "projected_dim": 8,
  "train_size": 500,
  "train_examples": 500,
  "best_val_auc": 0.9812133776149566,
  "test": {
    "loss": 1.0377840135918288,
    "accuracy": 0.6180328130722046,
    "auc": 0.9473962584251375
  },
  "test_c": {
    "loss": 1.0377840135918288,
    "accuracy": 0.6180328130722046,
    "auc": 0.9473962584251375
  },
  "test_r": {
    "loss": 0.0,
    "accuracy": 0.6180328130722046,
    "auc": 0.9473943371017568
  },
  "rotation_robustness": {
    "g00": {
      "accuracy": 0.6180328130722046,
      "auc": 0.9473937264206002
    },
    "g01": {
      "accuracy": 0.6180328130722046,
      "auc": 0.9473937264206002
    },
    "g02": {
      "accuracy": 0.6180328130722046,
      "auc": 0.9473937264206002
    },
    "g03": {
      "accuracy": 0.6180328130722046,
      "auc": 0.9473937264206002
    },
    "g04": {
      "accuracy": 0.6180328130722046,
      "auc": 0.9473911601795018
    },
    "g05": {
      "accuracy": 0.6180328130722046,
      "auc": 0.9473962584251375
    },
    "g06": {
      "accuracy": 0.6180328130722046,
      "auc": 0.9473962584251375
    },
    "g07": {
      "accuracy": 0.6180328130722046,
      "auc": 0.9473937264206002
    },
    "g08": {
      "accuracy": 0.6180328130722046,
      "auc": 0.9473937264206002
    },
    "g09": {
      "accuracy": 0.6180328130722046,
      "auc": 0.9473937264206002
    },
    "g10": {
      "accuracy": 0.6180328130722046,
      "auc": 0.9473860276973052
    },
    "g11": {
      "accuracy": 0.6180328130722046,
      "auc": 0.9473937264206002
    },
    "g12": {
      "accuracy": 0.6180328130722046,
      "auc": 0.9473937264206002
    },
    "g13": {
      "accuracy": 0.6180328130722046,
      "auc": 0.9473961617682094
    },
    "g14": {
      "accuracy": 0.6180328130722046,
      "auc": 0.9473937264206002
    },
    "g15": {
      "accuracy": 0.6180328130722046,
      "auc": 0.9473962584251375
    },
    "g16": {
      "accuracy": 0.6180328130722046,
      "auc": 0.9473885597018424
    },
    "g17": {
      "accuracy": 0.6180328130722046,
      "auc": 0.9473987904296749
    },
    "g18": {
      "accuracy": 0.6180328130722046,
      "auc": 0.9474012257772841
    },
    "g19": {
      "accuracy": 0.6180328130722046,
      "auc": 0.9473986937727468
    },
    "g20": {
      "accuracy": 0.6180328130722046,
      "auc": 0.9473885597018424
    },
    "g21": {
      "accuracy": 0.6180328130722046,
      "auc": 0.9473938230775282
    },
    "g22": {
      "accuracy": 0.6180328130722046,
      "auc": 0.9473987904296749
    },
    "g23": {
      "accuracy": 0.6180328130722046,
      "auc": 0.9473962584251375
    },
    "mean_auc": 0.9473943371017568,
    "std_auc": 3.3793694313139794e-06,
    "mean_accuracy": 0.6180328130722046,
    "std_accuracy": 0.0
  },
  "wall_time_s": 71.65667462348938,
  "epochs_run": 44,
  "peak_train_alloc_bytes": 2699536896,
  "peak_train_reserved_bytes": 3642753024,
  "gpu_name": "NVIDIA A100-SXM4-80GB",
  "cuda_total_memory_bytes": 85095874560,
  "git_sha": "5fb3903a1c11765c007a1686e1c9acd77b6024db",
  "argv": [
    "--model",
    "max_pool",
    "--channels",
    "4",
    "8",
    "--head_dim",
    "64",
    "--train_mode",
    "R",
    "--seed",
    "456",
    "--batch_size",
    "32",
    "--output_dir",
    "/home/johmathe/bispectrum/paper/experiments/normalized_results/organ3d/n_500",
    "--data_dir",
    "./organ3d_data",
    "--subset_dir",
    "/home/johmathe/bispectrum/paper/experiments/normalized_results/subsets",
    "--patience",
    "15",
    "--epochs",
    "100",
    "--train_size",
    "500"
  ]
}