{
  "dataset": "spherical_mnist",
  "model": "power_spectrum",
  "base_model": "power_spectrum",
  "train_mode": "C",
  "test_rotation_seed": 777,
  "seed": 123,
  "lmax": 15,
  "n_params": 11466,
  "invariant_dim": 16,
  "train_size": null,
  "train_examples": 50000,
  "best_val_accuracy": 0.7938,
  "test_c": {
    "loss": 0.6479408884048462,
    "accuracy": 0.7779
  },
  "test": {
    "loss": 0.6479408884048462,
    "accuracy": 0.7779
  },
  "test_nr": {
    "loss": 0.6479408884048462,
    "accuracy": 0.7779
  },
  "test_r": {
    "loss": 0.6517228338241577,
    "accuracy": 0.7776
  },
  "rotation_robustness": {
    "rot_00": 0.7774,
    "rot_01": 0.7775,
    "rot_02": 0.7771,
    "rot_03": 0.7775,
    "rot_04": 0.7774,
    "rot_05": 0.7773,
    "rot_06": 0.7777,
    "rot_07": 0.7767,
    "rot_08": 0.7775,
    "rot_09": 0.7774,
    "mean_accuracy": 0.77735,
    "std_accuracy": 0.0002617250465660468
  }
}