{
  "dataset": "spherical_mnist",
  "model": "standard",
  "base_model": "standard",
  "train_mode": "R",
  "test_rotation_seed": 777,
  "seed": 42,
  "lmax": 15,
  "n_params": 184778,
  "invariant_dim": null,
  "train_size": null,
  "train_examples": 50000,
  "best_val_accuracy": 0.6299,
  "test_c": {
    "loss": 1.0370479541778563,
    "accuracy": 0.644
  },
  "test": {
    "loss": 1.0370479541778563,
    "accuracy": 0.644
  },
  "test_nr": {
    "loss": 1.0370479541778563,
    "accuracy": 0.644
  },
  "test_r": {
    "loss": 1.090815756225586,
    "accuracy": 0.6186
  },
  "rotation_robustness": {
    "rot_00": 0.5999,
    "rot_01": 0.5869,
    "rot_02": 0.6024,
    "rot_03": 0.6285,
    "rot_04": 0.6369,
    "rot_05": 0.6706,
    "rot_06": 0.6561,
    "rot_07": 0.6389,
    "rot_08": 0.6363,
    "rot_09": 0.6407,
    "mean_accuracy": 0.6297200000000001,
    "std_accuracy": 0.024773808750371835
  }
}